TotBytes,DstPkts,DstLoad,pLoss,DstRate,State_SPA_SPA,DstWin,PCRatio,Flgs_ e *      ,DstGap,DstLoss,SrcRate,pRetran,SrcLoad,SrcWin,SrcLoss,SrcGap,Min,DstBytes,SynAck,Flgs_ e d      ,Mean,Load,sMeanPktSz,DstRetra,TcpRtt,TcpOpt_MwsS  T,Rate,TotPkts,Loss,Cause_Status,Sum,State_A_PA,StdDev,Max,AckDat,SrcBytes,SrcRetra,dMeanPktSz,dTtl,SrcPkts,sTtl,IdleTime,Dur,label
0.2403035084896209,0.2644927536231884,0.299370287477502,0.0804940208049402,0.2526606817368436,1.0,0.0596694497097782,0.0,1.0,0.0,0.375,0.2418937822024813,0.0,0.22761251627421,0.8223655516051863,0.131578947368421,0.0,0.9958868617309008,0.3136144064786531,1.0,0.0,0.9958868617309008,0.2293606061863189,0.9029473289299867,0.0,0.7808430698120731,1.0,0.0200890535738907,0.2566904549509367,0.1810344827586207,0.0,0.9958868617309008,0.0,0.0,0.9958868617309008,0.6689102483001435,0.2384979310840162,0.0,0.1126196684130617,0.0,0.2534621578099839,1.0,0.0,0.9958868617309008,SFTP
0.6456675508399646,0.65,0.6101272933591698,0.0806618258066182,0.629191562942739,0.0,0.110258257040163,0.0,1.0,0.0,0.9375,0.6081103590458637,0.0,0.6252602439761937,0.8223655516051863,0.3245614035087719,0.0,0.982798246024562,0.6303367194714783,1.0,0.0,0.982798246024562,0.6248915836077309,0.9866640198150596,0.0,0.7808430698120731,1.0,0.0503260250851649,0.6349241748438894,0.4482758620689655,1.0,0.982798246024562,0.0,0.0,0.982798246024562,0.6689102483001435,0.6460617442737381,0.0,0.0481736354223267,0.0,0.628341384863124,1.0,0.0,0.982798246024562,SFTP
0.137240220022459,0.1326086956521739,0.1459154265677675,0.2186520321865203,0.1476945797597527,0.0,0.1120887730948808,0.0,1.0,0.0,0.0625,0.1514200105193592,0.0,0.1527417680630135,0.8223655516051863,0.2631578947368421,0.0,0.8541641916636967,0.1311181359664701,1.0,0.0,0.8541641916636967,0.1525754742101643,0.9679773447820345,0.0,0.7808430698120731,1.0,0.01232106578814,0.1349241748438894,0.2672413793103448,1.0,0.8541641916636967,0.0,0.0,0.8541641916636967,0.6689102483001435,0.1374209775179126,0.0,0.0536295753369215,0.0,0.136231884057971,1.0,0.0,0.8541641916636967,SFTP
0.0703397924701656,0.1036231884057971,0.1271299896557087,0.299287397992874,0.1136066621560989,0.0,0.1120887730948808,0.0,1.0,0.0,0.4375,0.0875944915365351,0.0,0.0756149601988642,0.8223655516051863,0.1842105263157894,0.0,0.867734874615183,0.1161646657668537,1.0,0.0,0.867734874615183,0.0768699114241693,0.8283649478203434,0.0,0.7808430698120731,1.0,0.007845416723951,0.0871989295272078,0.2413793103448275,1.0,0.867734874615183,0.0,0.0,0.867734874615183,0.6689102483001435,0.0692258889156379,0.0,0.0928985226042258,0.0,0.0801932367149758,1.0,0.0,0.867734874615183,SFTP
0.0767132804213578,0.1,0.0956939368736669,0.4080882190808821,0.0997706766151467,0.0,0.110812958874926,0.0,1.0,0.0,0.1875,0.0742494382742336,0.0,0.0757832275715526,0.8223655516051863,0.2982456140350877,0.0,0.9535225442270532,0.0960076720892235,1.0,0.0,0.9535225442270532,0.0762682667752358,0.9794219610303831,0.0,0.7808430698120731,1.0,0.0067388804225055,0.0822925958965209,0.3189655172413793,1.0,0.9535225442270532,0.0,0.0,0.9535225442270532,0.6689102483001435,0.0762614889899442,0.0,0.0450036537078631,0.0,0.0747181964573269,1.0,0.0,0.9535225442270532,SFTP
0.3017513898477526,0.331159420289855,0.3190403033330142,0.1082036710820367,0.3256770323897436,0.0,0.1120887730948808,0.0,1.0,0.0,0.5625,0.2918017736679791,0.0,0.2959941364389427,0.8223655516051863,0.219298245614035,0.0,0.9673505274872998,0.3244831995453577,1.0,0.0,0.9673505274872998,0.2965555424775183,0.9733879464993396,0.0,0.7808430698120731,1.0,0.0247569651895434,0.3073148974130241,0.293103448275862,1.0,0.9673505274872998,0.0,0.0,0.9673505274872998,0.6689102483001435,0.3012065018893572,0.0,0.051138510671186,0.0,0.2969404186795491,1.0,0.0,0.9673505274872998,SFTP
0.0108510211249937,0.0181159420289855,0.064355593047394,0.2177419521774195,0.0730535561152575,0.0,0.1102027868566867,0.0,0.0,0.0,0.0,0.0415727453486443,0.0,0.0420674424720146,0.8223655516051863,0.0263157894736842,0.0,0.2359138497632864,0.0160012786815372,1.0,0.0,0.2359138497632864,0.0426103977949142,0.9710179762219286,0.0,0.7808430698120731,1.0,0.0042696430533347,0.0127118644067796,0.0258620689655172,1.0,0.2359138497632864,0.0,0.0,0.2359138497632864,0.6689102483001435,0.0107544615919369,0.0,0.0214616487840304,0.0,0.0106280193236714,1.0,0.0,0.2359138497632864,SFTP
0.4255179161886767,0.4420289855072463,0.4344539382034943,0.0785017807850178,0.4403900968944813,0.0,0.1209640024510887,0.0,1.0,0.0,0.6875,0.4182245048698101,0.0,0.4235060705300483,0.8223655516051863,0.2017543859649122,0.0,0.9548762791848684,0.4361369610002131,1.0,0.0,0.9548762791848684,0.4237727360872464,0.971720001321004,0.0,0.7808430698120731,1.0,0.0348106253672483,0.4266280107047279,0.293103448275862,1.0,0.9548762791848684,0.0,0.0,0.9548762791848684,0.6689102483001435,0.425271410830896,0.0,0.0532095092483739,0.0,0.4199677938808374,1.0,0.0,0.9548762791848684,SFTP
0.0660772466393628,0.0985507246376811,0.1033123458966265,0.1432360814323608,0.0969265992480525,0.0,0.1209640024510887,0.0,1.0,0.0,0.125,0.0719262292142709,0.0,0.0637969801315701,0.8223655516051863,0.087719298245614,0.0,0.9672767273987396,0.1052070753711728,1.0,0.0,0.9672767273987396,0.0647596074530661,0.8511437199471599,0.0,0.7808430698120731,1.0,0.006535331968721,0.0809545049063336,0.1034482758620689,1.0,0.9672767273987396,0.0,0.0,0.9672767273987396,0.6689102483001435,0.0651306190255146,0.0,0.0769585222531245,0.0,0.0734299516908212,1.0,0.0,0.9672767273987396,SFTP
0.0210142557804343,0.0543478260869565,0.070839627854049,0.3247422782474228,0.0521423490503145,0.0,0.1186897249285604,0.0,1.0,0.0,0.125,0.0318364075236993,0.0,0.018741799854558,0.8223655516051863,0.1052631578947368,0.0,0.991574589889508,0.0742168075584286,1.0,0.0,0.991574589889508,0.0200109480660638,0.5649070184940554,0.0,0.7808430698120731,1.0,0.0031350514220918,0.0396966993755575,0.1206896551724137,1.0,0.991574589889508,0.0,0.0,0.991574589889508,0.6689102483001435,0.0197177690909759,0.0,0.1646185865921862,0.0,0.0334943639291465,1.0,0.0,0.991574589889508,SFTP
0.0006427991784628,0.0007246376811594,0.0834297479868115,0.9000000090000002,0.0872749356478894,0.0,0.1197436584146101,0.0,0.0,0.0,0.0,0.0388013546516167,0.0,0.0404348515655577,0.8223655516051863,0.0087719298245614,0.0,0.007898876145318,0.000799175960787,1.0,0.0,0.007898876145318,0.0414822432282084,1.0,0.0,0.7808430698120731,1.0,0.0065958831114418,0.0004460303300624,0.0086206896551724,1.0,0.007898876145318,0.0,0.0,0.007898876145318,0.6689102483001435,0.0006712394298632,0.0,0.0440528644064507,0.0,0.0006441223832528,1.0,0.0,0.007898876145318,SFTP
0.0375241590404556,0.0507246376811594,0.0454520885319703,0.535714295357143,0.0482718848620197,0.0,0.1209640024510887,0.0,0.0,0.0,0.0,0.0346443191763814,0.0,0.035194342078111,0.8223655516051863,0.219298245614035,0.0,0.9996744662760264,0.0478440008524543,1.0,0.0,0.9996744662760264,0.0354442280268554,0.97483142338177,0.0,0.7808430698120731,1.0,0.0031965111888384,0.0408117752007136,0.2155172413793103,1.0,0.9996744662760264,0.0,0.0,0.9996744662760264,0.6689102483001435,0.0372976804997852,0.0,0.0397096264253221,0.0,0.0367149758454106,1.0,0.0,0.9996744662760264,SFTP
0.0429420996260864,0.0594202898550724,0.0903650990510108,0.1235294112352941,0.0717386460003662,0.0,0.1209640024510887,0.0,1.0,0.0,0.125,0.0637882348752765,0.0,0.0506187790637169,0.8223655516051863,0.043859649122807,0.0,0.7879804455765348,0.0751580592455779,1.0,0.0,0.7879804455765348,0.0515870338814853,0.761482752972259,0.0,0.7808430698120731,1.0,0.0054437546197006,0.0548617305976806,0.0603448275862068,1.0,0.7879804455765348,0.0,0.0,0.7879804455765348,0.6689102483001435,0.0421688215935153,0.0,0.1349893128118057,0.0,0.0531400966183574,1.0,0.0,0.7879804455765348,SFTP
0.0011744278395199,0.0079710144927536,0.0410881038636991,0.6206896412068965,0.0245855928826922,0.0,0.1209640024510887,0.0,1.0,0.0,0.1875,0.0119241287995907,0.0,0.0025292712512061,0.8223655516051863,0.0087719298245614,0.0,0.3084372367913509,0.013941180649286,1.0,0.0,0.3084372367913509,0.0034685979579609,0.2035362212681638,0.0,0.7808430698120731,1.0,0.0013513302424021,0.0051293487957181,0.0344827586206896,1.0,0.3084372367913509,0.0,0.0,0.3084372367913509,0.6689102483001435,0.0008880400118996,0.0,0.2581987134698689,0.0,0.0041867954911433,1.0,0.0,0.3084372367913509,SFTP
0.0445858660313076,0.0775362318840579,0.0754146320801462,0.3586956335869564,0.0751706068988523,0.0,0.1209640024510887,0.0,1.0,0.0,0.1875,0.0452886698350771,0.0,0.0421719869050828,0.8223655516051863,0.1666666666666666,0.0,0.9812745775294932,0.0779107764438445,1.0,0.0,0.9812745775294932,0.0429818053415634,0.8935596862615588,0.0,0.7808430698120731,1.0,0.0044776174022449,0.0561998215878679,0.1896551724137931,1.0,0.9812745775294932,0.0,0.0,0.9812745775294932,0.6689102483001435,0.0437848504718848,0.0,0.0581932905622604,0.0,0.0470209339774557,1.0,0.0,0.9812745775294932,SFTP
0.0103760591479061,0.0398550724637681,0.066830364293414,0.2773972827739728,0.0387889384168941,0.0,0.1209640024510887,0.0,0.0,0.0,0.5625,0.0250837545410755,0.0,0.008593184803235,0.8223655516051863,0.0,0.0,0.9774840396475144,0.0693151949989344,1.0,1.0,0.9774840396475144,0.0100118927897672,0.3287342833553501,0.0,0.7808430698120731,1.0,0.0024162745916656,0.0301070472792149,0.0775862068965517,1.0,0.9774840396475144,0.0,0.0,0.9774840396475144,0.6689102483001435,0.0089367062006296,0.0,0.273757076514473,0.0,0.0260869565217391,1.0,0.0,0.9774840396475144,SFTP
0.0387241085162672,0.0637681159420289,0.085544259859808,0.2614108076141081,0.0798645133824366,0.0,0.1203538304328494,0.0,0.0,0.0,0.0,0.05527759254743,0.0,0.0472778812593286,0.8223655516051863,0.1228070175438596,0.0,0.7595976115171339,0.0684805001065568,1.0,0.0,0.7595976115171339,0.0482100833513906,0.8207263619550859,0.0,0.7808430698120731,1.0,0.0051670400498369,0.0501784121320249,0.1206896551724137,1.0,0.7595976115171339,0.0,0.0,0.7595976115171339,0.6689102483001435,0.0380123687170504,0.0,0.0785361874861128,0.0,0.0444444444444444,1.0,0.0,0.7595976115171339,SFTP
0.1482249053104036,0.1804347826086956,0.1828232839050567,0.16200000162,0.1756073005844607,0.0,0.1209640024510887,0.0,1.0,0.0,0.5625,0.1479934861032247,0.0,0.1430631618335336,0.8223655516051863,0.1578947368421052,0.0,0.977488306319301,0.1879839454429211,1.0,0.0,0.977488306319301,0.1440317439337471,0.9276324616908852,0.0,0.7808430698120731,1.0,0.0128275179195324,0.1607939339875111,0.2327586206896551,1.0,0.977488306319301,0.0,0.0,0.977488306319301,0.6689102483001435,0.1472599110895936,0.0,0.0695447886096502,0.0,0.1523349436392914,1.0,0.0,0.977488306319301,SFTP
0.2618031079297021,0.2847826086956521,0.3019231594051271,0.1989549919895499,0.3079718648943299,0.0,0.1209640024510887,0.0,1.0,0.0,0.5,0.2766281257184431,0.0,0.2824109187860799,0.8223655516051863,0.4122807017543859,0.0,0.8797034889775202,0.2792675996306031,1.0,0.0,0.8797034889775202,0.2828862493765153,0.9796615059445178,0.0,0.7808430698120731,1.0,0.0234529308074853,0.2647190008920606,0.4741379310344827,1.0,0.8797034889775202,0.0,0.0,0.8797034889775202,0.6689102483001435,0.2613910084951246,0.0,0.0513577287376885,0.0,0.2560386473429952,1.0,0.0,0.8797034889775202,SFTP
0.165726691824944,0.2043478260869565,0.2120370525724805,0.1578947415789474,0.1979520243938782,0.0,0.1209640024510887,0.0,1.0,0.0,0.5,0.1688361573202136,0.0,0.1590338528291267,0.8223655516051863,0.1929824561403508,0.0,0.9820734451548008,0.2190452511188463,1.0,0.0,0.9820734451548008,0.1603250513982941,0.9038884154557464,0.0,0.7808430698120731,1.0,0.014571365405089,0.1835414808206958,0.2586206896551724,1.0,0.9820734451548008,0.0,0.0,0.9820734451548008,0.6689102483001435,0.1644226254683491,0.0,0.0785583424058372,0.0,0.1745571658615136,1.0,0.0,0.9820734451548008,SFTP
0.2397614981460045,0.2347826086956521,0.3260931728123892,0.0463917604639176,0.3237025370547481,0.0,0.1209640024510887,0.0,0.0,0.0,0.6875,0.3242510013564243,0.0,0.3303629047489742,0.8223655516051863,0.0,0.0,0.6900073280087937,0.2366271222561625,1.0,1.0,0.6900073280087937,0.3302588824259801,0.9776892721268164,0.0,0.7808430698120731,1.0,0.0265531314965868,0.2350579839429081,0.0948275862068965,1.0,0.6900073280087937,0.0,0.0,0.6900073280087937,0.6689102483001435,0.2398643511123111,0.0,0.0594600673889882,0.0,0.235426731078905,1.0,0.0,0.6900073280087937,SFTP
0.1412250558448007,0.1615942028985507,0.164308356742022,0.0398818353988183,0.1593656996038414,0.0,0.1209640024510887,0.0,1.0,0.0,0.3125,0.141704020346696,0.0,0.1384109206649192,0.8223655516051863,0.0087719298245614,0.0,0.9646390575668692,0.1667436243517795,1.0,0.0,0.9646390575668692,0.1390418041066537,0.9373010918097756,0.0,0.7808430698120731,1.0,0.0120622126617839,0.1491971454058876,0.0517241379310344,1.0,0.9646390575668692,0.0,0.0,0.9646390575668692,0.6689102483001435,0.1406157934568786,0.0,0.0665381806139099,0.0,0.1439613526570048,1.0,0.0,0.9646390575668692,SFTP
0.0816212208512633,0.1246376811594203,0.1306693728518878,0.2537960875379609,0.1340636482261794,0.0,0.1203538304328494,0.0,1.0,0.0,0.0625,0.0904441466783087,0.0,0.0864498066571432,0.8223655516051863,0.219298245614035,0.0,0.8844477613373137,0.1215813028344107,1.0,0.0,0.8844477613373137,0.0875270257102419,0.9172204445178336,0.0,0.7808430698120731,1.0,0.0085218623031742,0.0965655664585191,0.2241379310344827,1.0,0.8844477613373137,0.0,0.0,0.8844477613373137,0.6689102483001435,0.0806533633573321,0.0,0.049654953369786,0.0,0.0843800322061191,1.0,0.0,0.8844477613373137,SFTP
0.2087449237897986,0.2268115942028985,0.2147095545999471,0.255478097554781,0.2258913619112232,0.0,0.1209640024510887,0.0,1.0,0.0,0.0625,0.2027821465414195,0.0,0.2074904431351461,0.8223655516051863,0.4912280701754385,0.0,0.9552114462537356,0.21565319315195,1.0,0.0,0.9552114462537356,0.2076663051982946,0.9818815891677676,0.0,0.7808430698120731,1.0,0.0171992154977673,0.2107493309545049,0.4913793103448275,1.0,0.9552114462537356,0.0,0.0,0.9552114462537356,0.6689102483001435,0.2085980716718783,0.0,0.0424160728872849,0.0,0.2038647342995169,1.0,0.0,0.9552114462537356,SFTP
0.0910330812314751,0.1217391304347826,0.2599374662492982,0.1867589118675891,0.2306135189015226,0.0,0.1209640024510887,0.0,1.0,0.0,0.3125,0.1922398375659698,0.0,0.1698240892128315,0.8223655516051863,0.1403508771929824,0.0,0.5022030359769766,0.1374227463237906,1.0,0.0,0.5022030359769766,0.1720193210311882,0.8477083355350066,0.0,0.7808430698120731,1.0,0.016737208835638,0.1077163247100802,0.1810344827586207,1.0,0.5022030359769766,0.0,0.0,0.5022030359769766,0.6689102483001435,0.0899044082341659,0.0,0.0953175498234408,0.0,0.1017713365539452,1.0,0.0,0.5022030359769766,SFTP
0.0011916564312233,0.0031426775612822,0.0096707867615215,0.0,0.0398602190114188,0.0,0.0,0.0,0.0,0.0,0.0,0.0742980733538554,0.0,0.137870987058837,0.0023165539694465,0.0,0.0,0.0046660032798999,0.000888228784437,0.0,0.0,0.0046660032798999,0.0128061164697855,0.2860863214285714,0.0,0.0855655570301809,0.0,0.0592125046039154,0.0046669495120916,0.0,0.0,0.0046660032798999,0.0,0.0,0.0046660032798999,0.0856926024431261,0.0130453959421863,0.0,0.2103393012379642,0.0,0.0067796610169491,1.0,0.0,0.0046660032798999,VIDEO
0.0005826698285174,0.0025141420490257,0.0027785057304578,0.0,0.0288571959234938,0.0,0.0,0.0,0.0,0.0,0.0,0.080683227801301,0.0,0.1263234652321614,0.0023478587528174,0.0,0.0,0.0051560910072036,0.0002770774568782,0.003511546485072,0.0,0.0051560910072036,0.0057686511157984,0.2413903124999999,0.0,0.0869821142460271,0.0,0.0535843414753843,0.0046669495120916,0.0,0.0,0.0051560910072036,0.0,0.0,0.0051560910072036,0.0861815582401447,0.0128418266947139,0.0,0.0585969718019257,0.0,0.007909604519774,1.0,0.0,0.0051560910072036,VIDEO
0.8884493622088655,0.8868636077938404,0.9707635492501392,0.0,0.970249584779868,0.0,0.0,0.0,0.0,0.0,0.0,0.5639583390806944,0.0,0.5460176090111033,0.0792011019283746,0.0,0.0,0.0540951417728298,0.8866216519807294,0.0052699208731525,0.0,0.0540951417728298,0.9651794792577734,0.1493004910714285,0.0,0.0842796531497768,0.0,0.8599011223734558,0.7857445905812473,0.0,0.0,0.0540951417728298,0.0,0.0,0.0540951417728298,0.0830095435907536,0.5003901743909887,0.0,0.9967993899587344,0.0,0.4983050847457627,1.0,0.0,0.0540951417728298,VIDEO
0.0005505962599751,0.0025141420490257,0.0019574811370714,0.0,0.0203301410720445,0.0,0.0,0.0,0.0,0.0,0.0,0.0378946817184391,0.0,0.0745975388845086,0.0023322063611319,0.0,0.0,0.0073187056362322,0.0002770774568782,0.0076785816473574,0.0,0.0073187056362322,0.0037171321028763,0.3031250066964285,0.0,0.1289974763276785,0.0,0.0308868796338348,0.0038184132371658,0.0,0.0,0.0073187056362322,0.0,0.0,0.0073187056362322,0.1271560540303042,0.0115186265861437,0.0,0.0585969718019257,0.0,0.0056497175141242,1.0,0.0,0.0073187056362322,VIDEO
0.1284040644612935,0.1282212445003142,0.2107954366356072,0.0,0.2139099048200698,0.0,0.0,0.0,0.0,0.0,0.0,0.2110874300139856,0.0,0.2126057032127051,0.0509172301527673,0.0,0.0,0.035474308923121,0.126760440328499,0.0026063478355867,0.0,0.035474308923121,0.211848827452465,0.1553079910714285,0.0,0.2129539343845196,0.0,0.2216134884681124,0.1327959270258803,0.0,0.0,0.035474308923121,0.0,0.0,0.035474308923121,0.2125800751201385,0.1286557644025242,0.0,0.98114198349381,0.0,0.1231638418079096,1.0,0.0,0.035474308923121,VIDEO
0.4630868178044491,0.4594594594594595,0.4001383425936103,0.006099808060998,0.4008282726999807,0.0,0.0,0.0,0.0,0.0,0.0151515151515151,0.3536347852035635,0.0,0.3525118930074924,0.1955296769346356,0.0,0.0,0.0678381045975517,0.4585902332276612,0.0026167524177647,1.0,0.0678381045975517,0.4009075676020648,0.1537155245535714,0.0,0.2331955742901741,1.0,0.3991267520304528,0.4573610521849809,0.0151515151515151,0.0,0.0678381045975517,0.0,0.0,0.0678381045975517,0.2328490145819014,0.40537422813327,0.0,0.9944631795048144,0.0,0.392090395480226,1.0,0.0,0.0678381045975517,VIDEO
0.9210003334828728,0.9170333123821496,0.4784279470896429,0.0,0.4781254802205552,0.0,0.0,0.0,0.0,0.0,0.0,0.3286296594429934,0.0,0.317564404242096,0.119709491610318,0.0,0.0,0.1135084256043462,0.91685679339008,0.0026271569999427,0.0,0.1135084256043462,0.476843718225978,0.1490152053571428,0.0,0.23284624853015,0.0,0.4421128887637545,0.8476877386508272,0.0,0.0,0.1135084256043462,0.0,0.0,0.1135084256043462,0.2324964154719387,0.6104193526497931,0.0,0.9969060130674002,0.0,0.6090395480225989,1.0,0.0,0.1135084256043462,VIDEO
0.4612738387826189,0.4613450659962288,0.2622885355439061,0.0,0.2628403748910598,0.0,0.0,0.0,0.0,0.0,0.0,0.1508489590524899,0.0,0.1480227074083837,0.0385205359378913,0.0,0.0,0.1038768246623294,0.4602955492873368,0.0074288716750857,0.0,0.1038768246623294,0.2607916998458167,0.1513137142857142,0.0,0.0019639259264352,0.0,0.2323648848158615,0.4077216801018243,0.0,0.0,0.1038768246623294,0.0,0.0,0.1038768246623294,0.0,0.2610436316753749,0.0,0.9940712785419532,0.0,0.2564971751412429,1.0,0.0,0.1038768246623294,VIDEO
0.0394948988634031,0.0395977372721558,0.102181040409145,0.0,0.1061407064033977,0.0,0.0,0.0,0.0,0.0,0.0,0.1413161558286026,0.0,0.140957563755244,0.0065896568995742,0.0,0.0,0.0220786888562793,0.0386431525257315,0.0026271569999427,0.0,0.0220786888562793,0.1036048421252641,0.1537752321428571,0.0,0.212322672479594,0.0,0.1239992427806477,0.0462452269834535,0.0,0.0,0.0220786888562793,0.0,0.0,0.0220786888562793,0.2119423665736043,0.053759245436656,0.0,0.9575416953232462,0.0,0.0519774011299435,1.0,0.0,0.0220786888562793,VIDEO
0.0001422750604566,0.0006285355122564,8.787134508545933e-06,0.0,0.0001893690058504,0.0,1.0,0.0,0.0,0.0,0.0,0.0010589298058205,0.0,0.0010422778516,0.0023478587528174,0.0,0.0,0.1964294151467517,3.328257740279407e-05,0.0,0.0,0.1964294151467517,3.3731353499004265e-05,0.1517857142857142,0.0,0.2279103030469733,0.0,0.0006393364874578,0.0021213406873143,0.0,0.0,0.1964294151467517,0.0,0.0,0.1964294151467517,0.2282486980691066,0.0046142362760399,0.0,0.0068775790921595,0.0,0.0045197740112994,1.0,0.0,0.1964294151467517,VIDEO
0.1391557003160891,0.1395348837209302,0.1664468300309732,0.0,0.1690159084578958,0.0,0.0,0.0,0.0,0.0,0.0,0.1447480329438294,0.0,0.1462307760780246,0.0334022038567493,0.0,0.0,0.0488584920536132,0.1378031834785285,0.0049941994454357,0.0,0.0488584920536132,0.1667570481217337,0.1557732299107142,0.0,0.0013202863370993,0.0,0.1670740784697905,0.1378871446754348,0.0,0.0,0.0488584920536132,0.0,0.0,0.0488584920536132,0.0,0.1219379792359367,0.0,0.9804775653370014,0.0,0.1163841807909604,1.0,0.0,0.0488584920536132,VIDEO
0.0001422750604566,0.0006285355122564,1.0095792031684762e-05,0.0,0.0002175707641296,0.0,1.0,0.0,0.0,0.0,0.0,0.0012166352786502,0.0,0.0011975031256547,0.0023478587528174,0.0,0.0,0.170967427105119,3.328257740279407e-05,0.0026011455444977,0.0,0.170967427105119,3.875492710377568e-05,0.1517857142857142,0.0,0.2515117966208922,0.0,0.0007345519752217,0.0021213406873143,0.0,0.0,0.170967427105119,0.0,0.0,0.170967427105119,0.2511965643624223,0.0046142362760399,0.0,0.0068775790921595,0.0,0.0045197740112994,1.0,0.0,0.170967427105119,VIDEO
0.1333549076055066,0.1332495285983658,0.2095951533318648,0.0,0.2126815564885067,0.0,0.0,0.0,0.0,0.0,0.0,0.205695363410233,0.0,0.2069808914741168,0.0439832206361131,0.0,0.0,0.0370783809259377,0.1317145519749049,0.0026167524177647,0.0,0.0370783809259377,0.2105361886620861,0.1551640892857143,0.0,0.1254148243400287,0.0,0.2188001311721908,0.1370386084005091,0.0,0.0,0.0370783809259377,0.0,0.0,0.0370783809259377,0.1249082347042919,0.1308950261247201,0.0,0.9811916011004126,0.0,0.1254237288135593,1.0,0.0,0.0370783809259377,VIDEO
0.000172703830612,0.0012570710245128,1.8011112147442924e-05,0.2750000027499999,0.0003800086526296,0.0,1.0,0.0,0.0,0.0,0.005050505050505,0.0010624834918133,0.0,0.0010457763087011,0.0023478587528174,0.0,0.0,0.1957723081361398,6.40689615003786e-05,0.0079230893285402,1.0,0.1957723081361398,4.286155890876496e-05,0.1517857142857142,0.0,0.2174511597202643,0.0,0.0007697786097579,0.0025456088247772,0.005050505050505,0.0,0.1957723081361398,0.0,0.0,0.1957723081361398,0.2156763360544986,0.0046142362760399,0.0,0.0077945914718019,0.0,0.0045197740112994,1.0,0.0,0.1957723081361398,VIDEO
0.154705213065127,0.1539912005028284,0.3356199316865271,0.0,0.3404785392149633,0.0,0.0,0.0,0.0,0.0,0.0,0.3937360189670265,0.0,0.3906938494968736,0.053484222389181,0.0,0.0,0.0267664656622324,0.1521625354667465,0.0026219547088537,0.0,0.0267664656622324,0.3385546301050564,0.153011203125,0.0,0.2128617894005762,0.0,0.3734718302335852,0.1688587187102248,0.0,0.0,0.0267664656622324,0.0,0.0,0.0267664656622324,0.212483661301008,0.1779195222908326,0.0,0.9814445570839064,0.0,0.1728813559322033,1.0,0.0,0.0267664656622324,VIDEO
0.1428577302851381,0.1433060967944689,0.2302281525051925,0.0267477102674771,0.2335518772514901,0.0,0.0,0.0,0.0,0.0,0.0202020202020202,0.1813885962100045,0.0,0.1898674174527342,0.0430597295266716,0.0,0.0,0.0363133399125171,0.1416510654585091,0.0025803363801418,1.0,0.0363133399125171,0.2303585097811409,0.1614118303571428,0.0,0.2508090192060403,1.0,0.2241014281930711,0.1374628765379719,0.0202020202020202,0.0,0.0363133399125171,0.0,0.0,0.0363133399125171,0.2504982528438633,0.1177648096627536,0.0,0.9814846031636862,0.0,0.1084745762711864,1.0,0.0,0.0363133399125171,VIDEO
0.0001422750604566,0.0006285355122564,9.695412980743056e-06,0.0,0.0002089429002636,0.0,1.0,0.0,0.0,0.0,0.0,0.0011683870773097,0.0,0.00115001260232,0.0023478587528174,0.0,0.0,0.1780276513110847,3.328257740279407e-05,0.0056548904137382,0.0,0.1780276513110847,3.721798266416608e-05,0.1517857142857142,0.0,0.2308534413400906,0.0,0.0007054207951208,0.0021213406873143,0.0,0.0,0.1780276513110847,0.0,0.0,0.1780276513110847,0.229699037376883,0.0046142362760399,0.0,0.0068775790921595,0.0,0.0045197740112994,1.0,0.0,0.1780276513110847,VIDEO
0.0394681708896179,0.0395977372721558,0.0976263235839365,0.0,0.1014083766205594,0.0,0.0,0.0,0.0,0.0,0.0,0.1320151739522327,0.0,0.1318066025660349,0.0023322063611319,0.0,0.0,0.0231090134428682,0.0386435685579491,0.0025907409623198,0.0,0.0231090134428682,0.0989175506281193,0.1539186584821428,0.0,0.2130612076494089,0.0,0.1173837922985923,0.0458209588459906,0.0,0.0,0.0231090134428682,0.0,0.0,0.0231090134428682,0.2126916396822751,0.0526396145755581,0.0,0.9575524415405776,0.0,0.0508474576271186,1.0,0.0,0.0231090134428682,VIDEO
0.0001694142338385,0.0012570710245128,1.518480318718559e-05,0.0,0.0003319853420915,0.0,0.0,0.0,0.0,0.0,0.0,0.0009282148796184,0.0,0.0009136174988695,0.0023478587528174,0.0,0.0,0.2240916296663992,6.074070376009918e-05,0.0021225347643102,0.0,0.2240916296663992,3.690542364879272e-05,0.1517857142857142,0.0,0.084644107190747,0.0,0.0006724984110934,0.0025456088247772,0.0,0.0,0.2240916296663992,0.0,0.0,0.2240916296663992,0.0842078296285175,0.0046142362760399,0.0,0.0059605667125171,0.0,0.0045197740112994,1.0,0.0,0.2240916296663992,VIDEO
0.9172000268102136,0.9138906348208674,0.4033686782051994,0.0078491380784913,0.4030228603474923,0.0,0.0,0.0,0.0,0.0,0.0353535353535353,0.2578123414623793,0.0,0.252225022918803,0.1521882043576258,0.0,0.0,0.1341990438387773,0.9139225181598064,0.0025699317979638,1.0,0.1341990438387773,0.4016590844150099,0.1508660647321428,0.0,0.000679397344299,1.0,0.3657134421216425,0.8290199406024608,0.0353535353535353,0.0,0.1341990438387773,0.0,0.0,0.1341990438387773,0.0,0.5732849290900455,0.0,0.9971397434663,0.0,0.5649717514124294,1.0,0.0,0.1341990438387773,VIDEO
0.0396482763129705,0.0395977372721558,0.2561795906127811,0.0,0.2661534489573443,0.0,0.0,0.0,0.0,0.0,0.0,0.4173546790240839,0.0,0.3981395740926548,0.0033965689957425,0.0,0.0,0.0088048738287518,0.038636496010251,0.0023878516098489,0.0,0.0088048738287518,0.2608273039746809,0.1470734040178571,0.0,0.0857030868569621,0.0,0.3337555680934872,0.0496393720831565,0.0,0.0,0.0088048738287518,0.0,0.0,0.0088048738287518,0.0851981372850144,0.0603582818755513,0.0,0.9573697558459422,0.0,0.0610169491525423,1.0,0.0,0.0088048738287518,VIDEO
0.0445288043261487,0.0452545568824638,0.1109354546665482,0.0,0.116209511665471,0.0,0.0,0.0,0.0,0.0,0.0,0.1413985393776656,0.0,0.1377379395129081,0.0048678938141748,0.0,0.0,0.0230465270909178,0.0437108409675245,0.0026791799108327,0.0,0.0230465270909178,0.112112665152392,0.1502046071428571,0.0,0.2201852526766742,0.0,0.1307800674912789,0.0509121764955451,0.0,0.0,0.0230465270909178,0.0,0.0,0.0230465270909178,0.219802847513281,0.0547940557779738,0.0,0.9491624160935352,0.0,0.0542372881355932,1.0,0.0,0.0230465270909178,VIDEO
0.9278204899936632,0.9258328095537398,0.4390077953823745,0.0157786861577868,0.438718837628834,0.0,0.0,0.0,0.0,0.0,0.0707070707070707,0.2570409940594202,0.0,0.2516087098816307,0.1319340095166541,0.0,0.0,0.1248910114983223,0.9256729321118627,0.0030589471603294,1.0,0.1248910114983223,0.4365953695685913,0.1509486607142857,0.0,0.22903117113524,1.0,0.3895509369870112,0.8218073822655918,0.0707070707070707,0.0,0.1248910114983223,0.0,0.0,0.1248910114983223,0.2285613543111439,0.5322996539322793,0.0,0.99693304607978,0.0,0.5242937853107345,1.0,0.0,0.1248910114983223,VIDEO
0.0001422750604566,0.0006285355122564,9.109500020844752e-06,0.0,0.0001963156968632,0.0,1.0,0.0,0.0,0.0,0.0,0.0010977791419255,0.0,0.0010805149677534,0.0023478587528174,0.0,0.0,0.1894781919464028,3.328257740279407e-05,0.0026219547088537,0.0,0.1894781919464028,3.4968827372689974e-05,0.1517857142857142,0.0,0.2543806688075476,0.0,0.0006627910308033,0.0021213406873143,0.0,0.0,0.1894781919464028,0.0,0.0,0.1894781919464028,0.2540641868114159,0.0046142362760399,0.0,0.0068775790921595,0.0,0.0045197740112994,1.0,0.0,0.1894781919464028,VIDEO
0.0005415498688478,0.0025141420490257,0.0009221895033781,0.0,0.0111740274836174,0.0,0.0,0.0,0.0,0.0,0.0,0.0156210034353705,0.0,0.0430359176628356,0.0023322063611319,0.0,0.0,0.0133157282315838,0.0002338101062546,0.0052439094177075,0.0,0.0133157282315838,0.001941344128342,0.4246651785714285,0.0,0.0013863006539543,0.0,0.0150900559966846,0.003394145099703,0.0,0.0,0.0133157282315838,0.0,0.0,0.0133157282315838,0.0,0.0129096831105381,0.0,0.0442916107290233,0.0,0.0045197740112994,1.0,0.0,0.0133157282315838,VIDEO
0.0001694142338385,0.0012570710245128,1.7127620164445216e-05,0.0,0.0003744608937719,0.0,0.0,0.0,0.0,0.0,0.0,0.0010469732847798,0.0,0.0010305100753425,0.0023478587528174,0.0,0.0,0.1986725218001177,6.074070376009918e-05,0.0026011455444977,0.0,0.1986725218001177,4.162728029600879e-05,0.1517857142857142,0.0,0.083993591110072,0.0,0.0007585413397053,0.0025456088247772,0.0,0.0,0.1986725218001177,0.0,0.0,0.1986725218001177,0.0834296323741076,0.0046142362760399,0.0,0.0059605667125171,0.0,0.0045197740112994,1.0,0.0,0.1986725218001177,VIDEO
0.0005662218446496,0.0025141420490257,0.0010880791935087,0.0,0.0132372504932267,0.0,0.0,0.0,0.0,0.0,0.0,0.0246737783319097,0.0,0.0589287065312956,0.0023322063611319,0.0,0.0,0.0112402743944433,0.000232562009602,0.0,0.0,0.0112402743944433,0.0024869707457802,0.3678571495535714,0.0,0.2115098712033172,0.0,0.0201108950725814,0.0038184132371658,0.0,0.0,0.0112402743944433,0.0,0.0,0.0112402743944433,0.2118239153101012,0.0139784216597679,0.0,0.0438789566712517,0.0,0.0056497175141242,1.0,0.0,0.0112402743944433,VIDEO
0.0001422750604566,0.0006285355122564,5.287487297874085e-06,0.0,0.0001139493828193,0.0,1.0,0.0,0.0,0.0,0.0,0.0006371910780922,0.0,0.0006271704892105,0.0023478587528174,0.0,0.0,0.3264408064020435,3.328257740279407e-05,0.0074392762572637,0.0,0.3264408064020435,2.0297187097045568e-05,0.1517857142857142,0.0,0.2136072010617302,0.0,0.0003847081436343,0.0021213406873143,0.0,0.0,0.3264408064020435,0.0,0.0,0.3264408064020435,0.2119547626360639,0.0046142362760399,0.0,0.0068775790921595,0.0,0.0045197740112994,1.0,0.0,0.3264408064020435,VIDEO
0.0006073418043191,0.0025141420490257,0.0008416299449319,0.0,0.0099775143409789,0.0,0.0,0.0,0.0,0.0,0.0,0.0232471782262045,0.0,0.0508779190788741,0.0023322063611319,0.0,0.0,0.0149125646216079,0.0002396345573001,0.0073768487641957,0.0,0.0149125646216079,0.0020512941500263,0.3374256071428571,0.0,0.2962695034485604,0.0,0.0168427680639415,0.0042426813746287,0.0,0.0,0.0149125646216079,0.0,0.0,0.0149125646216079,0.2947563278455505,0.0153864422881183,0.0,0.0462173294360385,0.0,0.0067796610169491,1.0,0.0,0.0149125646216079,VIDEO
0.000638592973668,0.0031426775612822,0.0004401192873479,0.0,0.0056266166855948,0.0,0.0,0.0,0.0,0.0,0.0,0.0104878194251916,0.0,0.0230747036771149,0.0023322063611319,0.0,0.0,0.0330550134310645,0.0002695888769626,0.0026219547088537,0.0,0.0330550134310645,0.0009876115932664,0.3389136785714285,0.0,0.2313059144702007,0.0,0.0083583610103711,0.0046669495120916,0.0,0.0,0.0330550134310645,0.0,0.0,0.0330550134310645,0.2309551717061251,0.0154542987039424,0.0,0.0398899587345254,0.0,0.0067796610169491,1.0,0.0,0.0330550134310645,VIDEO
0.0001422750604566,0.0006285355122564,9.172975662666663e-06,0.0,0.0001976833928937,0.0,1.0,0.0,0.0,0.0,0.0,0.0011054271566017,0.0,0.0010880440603859,0.0023478587528174,0.0,0.0,0.1881670455582523,3.328257740279407e-05,0.0026167524177647,0.0,0.1881670455582523,3.521249160549375e-05,0.1517857142857142,0.0,0.1970774911808998,0.0,0.0006674093243207,0.0021213406873143,0.0,0.0,0.1881670455582523,0.0,0.0,0.1881670455582523,0.1966773043247107,0.0046142362760399,0.0,0.0068775790921595,0.0,0.0045197740112994,1.0,0.0,0.1881670455582523,VIDEO
0.0006081642035125,0.0031426775612822,0.000459403607168,0.0,0.0059132427123527,0.0,0.0,0.0,0.0,0.0,0.0,0.0088176660255843,0.0,0.0215060583284678,0.0023322063611319,0.0,0.0,0.0314527753393244,0.0002675087158749,0.0041774397444634,0.0,0.0314527753393244,0.00096872682246,0.37589284375,0.0,0.2141009331398747,0.0,0.0079855861575381,0.0042426813746287,0.0,0.0,0.0314527753393244,0.0,0.0,0.0314527753393244,0.2133128201455297,0.0142837755309764,0.0,0.039316825309491,0.0,0.0056497175141242,1.0,0.0,0.0314527753393244,VIDEO
0.0418543621492416,0.0421118793211816,0.1064257551092057,0.0,0.1102734743911357,0.0,0.0,0.0,0.0,0.0,0.0,0.1227140007715262,0.0,0.1235374322578855,0.0025200350613573,0.0,0.0,0.0226005199171245,0.0411626436351231,0.0026115501266757,0.0,0.0226005199171245,0.1073478649851546,0.1552155870535714,0.0,0.2166369831457197,0.0,0.1200248324836432,0.0458209588459906,0.0,0.0,0.0226005199171245,0.0,0.0,0.0226005199171245,0.2162672150317408,0.0483646603786388,0.0,0.9600392675378268,0.0,0.0463276836158192,1.0,0.0,0.0226005199171245,VIDEO
0.000567044243843,0.0025141420490257,0.0010802441768962,0.0,0.0131419312276251,0.0,0.0,0.0,0.0,0.0,0.0,0.0244961065086395,0.0,0.0585043740655662,0.0023322063611319,0.0,0.0,0.0113218000777511,0.0002329780418195,0.0059046003860099,0.0,0.0113218000777511,0.002469062446877,0.3683035714285714,0.0,0.0015609635339664,0.0,0.0199660805737828,0.0038184132371658,0.0,0.0,0.0113218000777511,0.0,0.0,0.0113218000777511,0.0,0.0139953857637239,0.0,0.0440165061898211,0.0,0.0056497175141242,1.0,0.0,0.0113218000777511,VIDEO
0.0001422750604566,0.0006285355122564,7.974210189598498e-06,0.0,0.0001718500022105,0.0,1.0,0.0,0.0,0.0,0.0,0.0009609653502952,0.0,0.0009458536175411,0.0023478587528174,0.0,0.0,0.216454256972755,3.328257740279407e-05,0.0040109664296156,0.0,0.216454256972755,3.0610765691380966e-05,0.1517857142857142,0.0,0.2135026783933765,0.0,0.000580189035936,0.0021213406873143,0.0,0.0,0.216454256972755,0.0,0.0,0.216454256972755,0.2127577520153931,0.0046142362760399,0.0,0.0068775790921595,0.0,0.0045197740112994,1.0,0.0,0.216454256972755,VIDEO
0.0005941834172249,0.0025141420490257,0.0034573494259743,0.0,0.0420610929290215,0.0,0.0,0.0,0.0,0.0,0.0,0.098000539266131,0.0,0.2107922120944555,0.0023322063611319,0.0,0.0,0.0035374810911264,0.0002329780418195,0.0295282042211389,0.0,0.0035374810911264,0.0084696784779001,0.3314732142857142,0.0,0.0613410533409433,0.0,0.07100218011099,0.0042426813746287,0.0,0.0,0.0035374810911264,0.0,0.0,0.0035374810911264,0.0536143474781588,0.0151150166248218,0.0,0.0440165061898211,0.0,0.0067796610169491,1.0,0.0,0.0035374810911264,VIDEO
0.0006205001914134,0.0031426775612822,0.000408043463941,0.0,0.0053901302168218,0.0,0.0,0.0,0.0,0.0,0.0,0.010047016804437,0.0,0.0215813375502532,0.0023322063611319,0.0,0.0,0.0345052703103234,0.0002600201359593,0.0035687716870509,0.0,0.0345052703103234,0.0009201720033425,0.3311011785714285,0.0,0.2325656876835163,0.0,0.0080070596028652,0.0046669495120916,0.0,0.0,0.0345052703103234,0.0,0.0,0.0345052703103234,0.2319661394667214,0.0150980525208658,0.0,0.0372535515818431,0.0,0.0067796610169491,1.0,0.0,0.0345052703103234,VIDEO
0.0001422750604566,0.0006285355122564,5.080651809366013e-06,0.0,0.0001094915415976,0.0,1.0,0.0,0.0,0.0,0.0,0.0006122653706635,0.0,0.0006026368980337,0.0023478587528174,0.0,0.0,0.3397303597209908,3.328257740279407e-05,0.0052126956711735,0.0,0.3397303597209908,1.950320341973692e-05,0.1517857142857142,0.0,0.2334788857333434,0.0,0.0003696593313866,0.0021213406873143,0.0,0.0,0.3397303597209908,0.0,0.0,0.3397303597209908,0.2324454538818269,0.0046142362760399,0.0,0.0068775790921595,0.0,0.0045197740112994,1.0,0.0,0.3397303597209908,VIDEO
0.0005941834172249,0.0025141420490257,0.0033734977595358,0.0,0.0410409779914616,0.0,0.0,0.0,0.0,0.0,0.0,0.0956237159645126,0.0,0.2056798384276939,0.0023322063611319,0.0,0.0,0.0036254087912828,0.0002329780418195,0.0026739776197437,0.0,0.0036254087912828,0.0082642620882703,0.3314732142857142,0.0,0.0642800657392572,0.0,0.0692801524649419,0.0042426813746287,0.0,0.0,0.0036254087912828,0.0,0.0,0.0036254087912828,0.0636675541329161,0.0151150166248218,0.0,0.0440165061898211,0.0,0.0067796610169491,1.0,0.0,0.0036254087912828,VIDEO
0.0369458725634881,0.0370835952231301,0.091282493893782,0.0,0.0950882900777524,0.0,0.0,0.0,0.0,0.0,0.0,0.1291758599403892,0.0,0.1285794390126387,0.0022539444027047,0.0,0.0,0.0230802043670491,0.0361240774485576,0.0049994017365247,0.0,0.0230802043670491,0.092618430075032,0.1534598214285714,0.0,0.210532034134903,0.0,0.1120890924094401,0.0436996181586762,0.0,0.0,0.0230802043670491,0.0,0.0,0.0230802043670491,0.2095210023731573,0.0513164144669878,0.0,0.954722576341128,0.0,0.0497175141242937,1.0,0.0,0.0230802043670491,VIDEO
0.0001422750604566,0.0006285355122564,1.0112643187496182e-05,0.0,0.0002179344418669,0.0,1.0,0.0,0.0,0.0,0.0,0.0012186668475296,0.0,0.0011995019682748,0.0023478587528174,0.0,0.0,0.1706825373553515,3.328257740279407e-05,0.0083392726156599,0.0,0.1706825373553515,3.881961393611328e-05,0.1517857142857142,0.0,0.2319839365162319,0.0,0.0007357775442239,0.0021213406873143,0.0,0.0,0.1706825373553515,0.0,0.0,0.1706825373553515,0.2301205035005103,0.0046142362760399,0.0,0.0068775790921595,0.0,0.0045197740112994,1.0,0.0,0.1706825373553515,VIDEO
0.0006624425502763,0.0037712130735386,0.0003406627186122,0.0,0.0046718711479513,0.0,0.0,0.0,0.0,0.0,0.0,0.0072568388955835,0.0,0.0159030598933526,0.0023322063611319,0.0,0.0,0.0477721831634359,0.0002949668422322,0.0,0.0,0.0477721831634359,0.0007172730607784,0.3377976071428571,0.0,0.2118028097343611,0.0,0.0063091659489888,0.0050912176495545,0.0,0.0,0.0477721831634359,0.0,0.0,0.0477721831634359,0.2121172887883124,0.0154034063920743,0.0,0.0342896423658872,0.0,0.0067796610169491,1.0,0.0,0.0477721831634359,VIDEO
0.0001998430039939,0.0018856065367693,2.580804544544032e-05,0.2444444444444444,0.0005561803958043,0.0,0.0,0.0,0.0,0.0,0.005050505050505,0.0010367010736596,0.0,0.0010203993322844,0.0023478587528174,0.0,0.0,0.2006411086372577,9.15270878576837e-05,0.0014306300494737,1.0,0.2006411086372577,4.989651069565256e-05,0.1517857142857142,0.0,0.2268155656257951,0.0,0.0008762818366114,0.0029698769622401,0.005050505050505,0.0,0.2006411086372577,0.0,0.0,0.2006411086372577,0.226773566636411,0.0046142362760399,0.0,0.0068775790921595,0.0,0.0045197740112994,0.0,0.0,0.2006411086372577,VIDEO
0.0395372524218628,0.0395977372721558,0.0684639791604251,0.0,0.0711294997185457,0.0,0.0,0.0,0.0,0.0,0.0,0.101015568390584,0.0,0.0981171942420701,0.0023322063611319,0.0,0.0,0.0329462124884742,0.038636496010251,0.0026011455444977,0.0,0.0329462124884742,0.0695064381602288,0.1497813459821428,0.0,0.2976131698562126,0.0,0.0853843566418572,0.0475180313958421,0.0,0.0,0.0329462124884742,0.0,0.0,0.0329462124884742,0.2973663876634386,0.0557779738074234,0.0,0.9573697558459422,0.0,0.055367231638418,0.0,0.0,0.0329462124884742,VIDEO
0.0001422750604566,0.0006285355122564,9.018905681059036e-06,0.0,0.0001943634390709,0.0,1.0,0.0,0.0,0.0,0.0,0.0010868602389716,0.0,0.001069769290116,0.0023478587528174,0.0,0.0,0.191381491549221,3.328257740279407e-05,0.0078398526711163,0.0,0.191381491549221,3.462106165302514e-05,0.1517857142857142,0.0,0.2311257503971173,0.0,0.0006561991719596,0.0021213406873143,0.0,0.0,0.191381491549221,0.0,0.0,0.191381491549221,0.2293932678362122,0.0046142362760399,0.0,0.0068775790921595,0.0,0.0045197740112994,1.0,0.0,0.191381491549221,VIDEO
0.041504020092857,0.0421118793211816,0.0195078794546643,0.0192982461929824,0.0204314175128523,0.0,0.0,0.0,0.0,0.0,0.005050505050505,0.0250100331326842,0.0,0.0245920545158391,0.0065896568995742,0.0,0.0,0.1219806613076672,0.0407228975811886,0.0025231111781628,1.0,0.1219806613076672,0.0197238318491556,0.1515872991071428,0.0,0.2537837893593173,1.0,0.0230617804942476,0.0475180313958421,0.005050505050505,0.0,0.1219806613076672,0.0,0.0,0.1219806613076672,0.2534925905979998,0.0518423016896247,0.0,0.9493486279229713,0.0,0.0508474576271186,1.0,0.0,0.1219806613076672,VIDEO
0.0001694142338385,0.0012570710245128,1.7497459297503227e-05,0.0,0.0003825465877596,0.0,0.0,0.0,0.0,0.0,0.0,0.001069582546219,0.0,0.0010527620902347,0.0023478587528174,0.0,0.0,0.1944732322172561,6.074070376009918e-05,0.0026219547088537,0.0,0.1944732322172561,4.2526145714124095e-05,0.1517857142857142,0.0,0.2316676179146352,0.0,0.0007749204253752,0.0025456088247772,0.0,0.0,0.1944732322172561,0.0,0.0,0.1944732322172561,0.2313174121980009,0.0046142362760399,0.0,0.0059605667125171,0.0,0.0045197740112994,1.0,0.0,0.1944732322172561,VIDEO
0.0005810250301306,0.0025141420490257,0.0011127864778295,0.0,0.0131662050432262,0.0,0.0,0.0,0.0,0.0,0.0,0.0245413520636525,0.0,0.0598557259309301,0.0023322063611319,0.0,0.0,0.0113009268353173,0.0002400505895176,0.0036832220910088,0.0,0.0113009268353173,0.0025335377409205,0.37589284375,0.0,0.2318120242327555,0.0,0.0200029576211549,0.0038184132371658,0.0,0.0,0.0113009268353173,0.0,0.0,0.0113009268353173,0.231181055510945,0.0142837755309764,0.0,0.0463548844566712,0.0,0.0056497175141242,1.0,0.0,0.0113009268353173,VIDEO
