TotBytes,SrcBytes,DstBytes,SrcGap,DstGap,sMeanPktSz,dMeanPktSz,SrcWin,DstWin,Dur,IdleTime,Mean,StdDev,Sum,Min,Max,sTtl,dTtl,TcpRtt,SynAck,AckDat,TotPkts,SrcPkts,DstPkts,SrcRetra,DstRetra,Loss,SrcLoss,DstLoss,PCRatio,Load,SrcLoad,DstLoad,pLoss,pRetran,Rate,SrcRate,DstRate,Flgs_ e *      ,Flgs_ e d      ,Cause_Status,Dir_   ?>,State_A_PA,State_FPA_FPA,State_PA_A,State_PA_PA,State_SPA_SPA,TcpOpt_Mws   T,TcpOpt_MwsS  T,label
0.5957529131236784,0.8837936425221469,0.5495860434523872,0.0,0.0,0.46188435714285714,0.46493615500511504,0.658908507223114,0.0,0.9971680942417915,0.0,0.9971680942417915,0.0,0.9971680942417915,0.9971680942417915,0.9971680942417915,0.33333333333333215,0.0,0.47011140407791385,0.022028309293613584,0.5237155372964412,0.81169757489301,0.8345323741007195,0.7966903073286051,0.0,0.0,0.029411764705882353,0.0,0.029411764705882353,0.0,0.30704011773132556,0.6651765626048874,0.26957227304467246,0.009006737348725426,0.0,0.009396159997749258,0.5953383542915222,0.5213387282558728,0.0,1.0,0.0,0.0,0.0,0.0,0.0,0.0,1.0,0.0,1.0,1.0
0.5058622396184821,0.5981631057842626,0.4910683524216197,0.0,0.0,0.2647515238095238,0.5737724101519668,0.658908507223114,0.0,0.9997143994192789,0.0,0.9997143994192789,0.0,0.9997143994192789,0.9997143994192789,0.9997143994192789,0.33333333333333215,0.0,0.47011140407791385,0.022028309293613584,0.5237155372964412,0.609129814550642,0.658273381294964,0.5768321513002364,0.0,0.0,0.08823529411764705,0.0,0.08823529411764705,0.0,0.2597934341894919,0.4491445720100309,0.23998372809714325,0.03579716653250666,0.0,0.007033288987186671,0.4684027380624301,0.3760792691938362,0.0,1.0,1.0,0.0,0.0,0.0,0.0,1.0,0.0,0.0,1.0,1.0
0.7475142844288478,0.7634184471078685,0.74496518171283,0.0,0.0,0.4110275476190476,0.6339845988740674,0.658908507223114,0.0,0.9841066010167554,0.0,0.9841066010167554,0.0,0.9841066010167554,0.9841066010167554,0.9841066010167554,0.33333333333333215,0.0,0.47011140407791385,0.022028309293613584,0.5237155372964412,0.7746077032810271,0.7482014388489209,0.7919621749408984,0.0,0.0,0.29411764705882354,0.6666666666666666,0.23529411764705882,0.0,0.39031933721655643,0.5821744167086875,0.37024764817220773,0.09283135069328802,0.0,0.009085822301376256,0.5408358045342154,0.5251137567925449,1.0,0.0,1.0,0.0,0.0,0.0,0.0,1.0,0.0,0.0,1.0,1.0
0.1847032887929095,0.2184080250130276,0.17930112859275654,0.0,0.0,0.2950938095238095,0.5943908543000956,0.658908507223114,0.0,0.30549858784712863,0.0,0.30549858784712863,0.0,0.30549858784712863,0.30549858784712863,0.30549858784712863,0.33333333333333215,0.0,0.47011140407791385,0.022028309293613584,0.5237155372964412,0.21540656205420827,0.2338129496402878,0.2033096926713948,0.0,0.0,0.029411764705882353,0.0,0.029411764705882353,0.0,0.3083288660157339,0.5353839520963205,0.284574623914062,0.033613457911164754,0.0,0.00813906049325326,0.5444379364583437,0.4304858178123791,0.0,1.0,1.0,0.0,0.0,1.0,0.0,0.0,0.0,0.0,1.0,1.0
0.3317136815584649,0.3542860865033871,0.328095799880981,0.0,0.0,0.43005952380952384,0.6877796267391267,0.40048154093097915,0.0,0.9993925654315496,0.0,0.9993925654315496,0.0,0.9993925654315496,0.9993925654315496,0.9993925654315496,0.33333333333333215,0.0,0.9999999999999999,1.0,0.9825768450230166,0.32952924393723254,0.341726618705036,0.3215130023640662,0.0,0.0,0.5882352941176471,0.6666666666666666,0.5294117647058824,0.0,0.16987548009462042,0.2655469745316741,0.15986641945121235,0.4081632779008749,0.0,0.0038061195832857736,0.243238172588209,0.2090002101724974,1.0,0.0,0.0,0.0,0.0,0.0,0.0,0.0,1.0,0.0,1.0,10.0
0.11037027039186574,0.2775534132360604,0.083574329473915,0.0,0.0,0.49338622619047634,0.22267767732027233,0.3996789727126806,0.0,0.9629156579285044,0.0,0.9629156579285044,0.0,0.9629156579285044,0.9629156579285044,0.9629156579285044,0.33333333333333215,0.0,0.9999999999999999,1.0,0.9825768450230166,0.253922967189729,0.25539568345323743,0.25295508274231676,0.0,0.0,0.5588235294117647,0.0,0.5588235294117647,0.0,0.058604898396698704,0.21558914989499406,0.042181371840125,0.49350652556586344,0.0,0.003043955683488067,0.1886749782946296,0.17032039423310433,0.0,1.0,1.0,0.0,0.0,0.0,0.0,1.0,0.0,0.0,1.0,10.0
0.288963872767355,0.4774622199062011,0.2587515529895702,0.0,0.0,0.43152454761904757,0.40091533505804033,0.40048154093097915,0.0,0.8721668234058743,0.0,0.8721668234058743,0.0,0.8721668234058743,0.8721668234058743,0.8721668234058743,0.33333333333333215,0.0,0.9999999999999999,1.0,0.9825768450230166,0.44507845934379464,0.460431654676259,0.4349881796690307,0.0,0.0,0.4117647058823529,0.6666666666666666,0.3529411764705882,0.0,0.16991178237390858,0.410425858522207,0.14474946041628253,0.2201835136041946,0.0,0.005890627539453152,0.37553860408559936,0.32463899345940217,1.0,0.0,1.0,0.0,0.0,0.0,0.0,1.0,0.0,0.0,1.0,10.0
0.21817609214018985,0.23163105784262636,0.21601954417798566,0.0,0.0,0.2769953452380952,0.500697560901859,0.40048154093097915,0.0,0.9691024205082549,0.0,0.9691024205082549,0.0,0.9691024205082549,0.9691024205082549,0.9691024205082549,0.33333333333333215,0.0,0.9999999999999999,1.0,0.9825768450230166,0.27532097004279604,0.2517985611510792,0.2907801418439716,0.0,0.0,1.0,0.0,1.0,0.0,0.11514821556560492,0.17905373601308675,0.10846248485447067,0.7669173261009674,0.0,0.00327939804459775,0.18483011469493882,0.19477773330075535,0.0,1.0,1.0,0.0,0.0,0.0,0.0,1.0,0.0,0.0,1.0,10.0
0.3942502361992171,0.37701928087545594,0.39701199586565467,0.0,0.0,0.36804626190476186,0.6943901737339992,0.5457463884430177,0.0,0.9852664033750202,0.0,0.9852664033750202,0.0,0.9852664033750202,0.9852664033750202,0.9852664033750202,0.33333333333333215,0.0,0.9999999999999999,1.0,0.9825768450230166,0.3837375178316691,0.381294964028777,0.38534278959810875,0.0,0.0,0.6176470588235294,0.0,0.6176470588235294,0.0,0.20502171719443685,0.28684413164037215,0.1964615644553809,0.37113403705449227,0.0,0.004495781083668821,0.27529379974867063,0.25439607712662266,0.0,1.0,1.0,0.0,0.0,0.0,0.0,1.0,0.0,0.0,1.0,10.0
0.46393125478022224,0.5745179781136007,0.44620652934236765,0.0,0.0,0.3980233333333333,0.5506954481407421,0.8033707865168539,0.0,0.9978718456727528,0.0,0.9978718456727528,0.0,0.9978718456727528,0.9978718456727528,0.9978718456727528,0.33333333333333215,0.0,0.9999999999999999,1.0,0.9825768450230166,0.5549215406562054,0.5683453237410072,0.5460992907801419,0.0,0.0,0.5588235294117647,0.0,0.5588235294117647,0.0,0.23862998009733039,0.4318955038524909,0.2184107589796515,0.23891025117509143,0.0,0.006419207506023641,0.4051600056192153,0.3566170545698408,0.0,1.0,1.0,0.0,0.0,0.0,0.0,1.0,0.0,0.0,1.0,10.0
0.40776533045395236,0.3149426784783741,0.422642848939791,0.0,0.0,0.3328157142857143,0.8485407712660463,0.8033707865168539,0.0,0.9578799310225263,0.0,0.9578799310225263,0.0,0.9578799310225263,0.9578799310225263,0.9578799310225263,0.33333333333333215,0.0,0.9999999999999999,1.0,0.9825768450230166,0.33238231098430815,0.3273381294964029,0.33569739952718675,0.0,0.0,0.8235294117647058,0.6666666666666666,0.7647058823529411,0.0,0.21790933583149774,0.24641615319835275,0.21492699325575762,0.5496183382769906,0.0,0.004005450546679286,0.24309416100587025,0.22774937932273953,1.0,0.0,1.0,0.0,0.0,0.0,0.0,1.0,0.0,0.0,1.0,10.0
0.14401403698204884,0.09868421052631578,0.1512794546005032,0.0,0.0,0.2276785714285715,0.8625761931731903,0.8033707865168539,0.0,0.42501259752561493,0.0,0.42501259752561493,0.0,0.42501259752561493,0.42501259752561493,0.42501259752561493,0.33333333333333215,0.0,0.9999999999999999,1.0,0.9825768450230166,0.11554921540656206,0.11151079136690648,0.1182033096926714,0.0,0.0,0.23529411764705882,0.0,0.23529411764705882,0.0,0.17134037428367266,0.1734111543862468,0.17112373435175443,0.45714287330612285,0.0,0.0031382662055234926,0.18663977836341125,0.1783788942253064,0.0,1.0,1.0,0.0,0.0,1.0,0.0,0.0,0.0,0.0,1.0,10.0
0.4172132991406847,0.5493095362167795,0.3960410511259827,0.0,0.0,0.5122449047619048,0.5276111744714558,0.40048154093097915,0.0,0.98673442302666,0.0,0.98673442302666,0.0,0.98673442302666,0.98673442302666,0.98673442302666,0.33333333333333215,0.0,0.1615041621226135,0.02227506224904103,0.17789127852299166,0.5035663338088445,0.5,0.5059101654846335,0.0,0.0,0.11764705882352941,0.0,0.11764705882352941,0.0,0.2169408729166431,0.41732194505258274,0.19597722983711796,0.05746206988484731,0.0,0.005890890347436531,0.3604612976548988,0.33398609965147014,0.0,1.0,0.0,0.0,0.0,0.0,0.0,0.0,1.0,0.0,1.0,11.0
0.34932289557745083,0.5831813444502344,0.31184030569098903,0.0,0.0,0.3930040952380952,0.38486444188186014,0.40048154093097915,0.0,0.9951761068580839,0.0,0.9951761068580839,0.0,0.9951761068580839,0.9951761068580839,0.9951761068580839,0.33333333333333215,0.0,0.1615041621226135,0.02227506224904103,0.17789127852299166,0.5592011412268189,0.5791366906474821,0.5460992907801419,0.0,0.0,0.2647058823529412,0.3333333333333333,0.23529411764705882,0.0,0.18019516165817534,0.4396079804874603,0.15305566890321526,0.11513859691745364,0.0,0.006486234409784591,0.41397127291346336,0.3575830682659581,1.0,0.0,1.0,0.0,0.0,0.0,0.0,1.0,0.0,0.0,1.0,11.0
0.4538804157106222,0.43981240229286084,0.45613522232546483,0.0,0.0,0.2516510357142857,0.670315761967494,0.5096308186195827,0.0,0.9903163636432727,0.0,0.9903163636432727,0.0,0.9903163636432727,0.9903163636432727,0.9903163636432727,0.33333333333333215,0.0,0.1615041621226135,0.02227506224904103,0.17789127852299166,0.47075606276747506,0.48920863309352525,0.458628841607565,0.0,0.0,0.5588235294117647,0.0,0.5588235294117647,0.0,0.23506170947960064,0.33325804382501173,0.22478850990509522,0.27918365780991217,0.0,0.005487146148970929,0.35140607044131567,0.3015313442944851,0.0,1.0,1.0,0.0,0.0,0.0,0.0,1.0,0.0,0.0,1.0,11.0
0.430296486255455,0.49817613340281386,0.41941680674023574,0.0,0.0,0.40736879761904776,0.5832832461936632,0.5593900481540931,0.0,0.9943091550952821,0.0,0.9943091550952821,0.0,0.9943091550952821,0.9943091550952821,0.9943091550952821,0.33333333333333215,0.0,0.1615041621226135,0.02227506224904103,0.17789127852299166,0.48644793152639093,0.48920863309352525,0.4846335697399527,0.0,0.0,0.029411764705882353,0.0,0.029411764705882353,0.0,0.22200305577873766,0.3757146046889022,0.20592192908430434,0.014993743199856987,0.0,0.0056472821668432874,0.34999481834658425,0.317437150625356,0.0,1.0,1.0,0.0,0.0,0.0,0.0,1.0,0.0,0.0,1.0,11.0
0.4461690736491654,0.39506253256904633,0.45436037710240856,0.0,0.0,0.3243021309523809,0.7359957583037178,0.5658105939004815,0.0,0.6095705394600969,0.0,0.6095705394600969,0.0,0.6095705394600969,0.6095705394600969,0.6095705394600969,0.33333333333333215,0.0,0.1615041621226135,0.02227506224904103,0.17789127852299166,0.41512125534950073,0.4136690647482015,0.4160756501182033,0.0,0.0,0.14705882352941177,0.0,0.14705882352941177,0.0,0.37517564501590006,0.48600098423004756,0.3635812245897518,0.08658010483611668,0.0,0.007860960246841431,0.482745401186637,0.4441842559262331,0.0,1.0,1.0,0.0,0.0,1.0,0.0,0.0,0.0,0.0,1.0,11.0
0.3660413011202591,0.3765633142261594,0.364354843761419,0.0,0.0,0.42997196428571416,0.6971493520960906,0.40048154093097915,0.0,0.8889424908497314,0.0,0.8889424908497314,0.0,0.8889424908497314,0.8889424908497314,0.8889424908497314,0.33333333333333215,0.0,0.4287690332555667,0.024249085892460574,0.477085705093303,0.35663338088445085,0.36330935251798563,0.35224586288416077,0.0,0.0,0.6176470588235294,0.0,0.6176470588235294,0.0,0.21086499357714314,0.3173752354745545,0.19972202196554728,0.3970588205042016,0.0,0.004630979983118302,0.29073144219616126,0.25759480227818077,0.0,1.0,0.0,0.0,0.0,0.0,0.0,0.0,1.0,0.0,1.0,12.0
0.016196517748684032,0.03224335591453882,0.01362454715346147,0.0,0.0,0.3428571785714286,0.35311561082854204,0.40048154093097915,0.0,0.0446092407054561,0.0,0.0446092407054561,0.0,0.0446092407054561,0.0446092407054561,0.0446092407054561,0.0,0.0,0.4287690332555667,0.024249085892460574,0.477085705093303,0.028530670470756064,0.03237410071942446,0.026004728132387706,0.0,0.0,0.029411764705882353,0.0,0.029411764705882353,0.0,0.17331530036128365,0.527859493927062,0.136223272878685,0.23376626248608598,0.0,0.007382640825092265,0.5162521983644399,0.3468360498561841,0.0,1.0,1.0,0.0,0.0,0.0,0.0,1.0,0.0,0.0,1.0,12.0
0.06752148288118054,0.14415059927045337,0.05523944750112233,0.0,0.0,0.5608466071428572,0.24997483817814714,0.40048154093097915,0.0,0.9541881235158511,0.0,0.9541881235158511,0.0,0.9541881235158511,0.9541881235158511,0.9541881235158511,0.33333333333333215,0.0,0.4287690332555667,0.024249085892460574,0.477085705093303,0.1398002853067047,0.12589928057553956,0.14893617021276595,0.0,0.0,0.4411764705882353,0.0,0.4411764705882353,0.0,0.03594326169266884,0.11233342767221702,0.027951406986873404,0.676691758324383,0.0,0.0016912138330408724,0.0938594720240613,0.10053254220345441,0.0,1.0,1.0,0.0,0.0,0.0,0.0,1.0,0.0,0.0,1.0,12.0
0.0917442749808791,0.1862949452840021,0.07658979150788763,0.0,0.0,0.48007773809523824,0.3119323373894651,0.40048154093097915,0.0,0.696646016513567,0.0,0.696646016513567,0.0,0.696646016513567,0.696646016513567,0.696646016513567,0.33333333333333215,0.0,0.4287690332555667,0.024249085892460574,0.477085705093303,0.16833095577746077,0.17266187050359713,0.16548463356973994,0.0,0.0,0.1764705882352941,0.0,0.1764705882352941,0.0,0.06703133827956553,0.1995741461150568,0.05316485473851913,0.24685714849959195,0.0,0.0027891791516011536,0.17630855940055565,0.1532448999749724,0.0,1.0,1.0,0.0,0.0,0.0,0.0,1.0,0.0,0.0,1.0,12.0
0.25915328204436044,0.3423006774361646,0.24582650365931324,0.0,0.0,0.4123606904761906,0.5078519759007334,0.40048154093097915,0.0,0.9891265612240078,0.0,0.9891265612240078,0.0,0.9891265612240078,0.9891265612240078,0.9891265612240078,0.33333333333333215,0.0,0.4287690332555667,0.024249085892460574,0.477085705093303,0.32952924393723254,0.33453237410071945,0.326241134751773,0.0,0.0,0.6176470588235294,0.0,0.6176470588235294,0.0,0.13412663006177258,0.25924577936674315,0.12103680432462853,0.4268774669000564,0.0,0.003845622784787433,0.240588697240213,0.21429787532686279,0.0,1.0,1.0,0.0,0.0,0.0,0.0,1.0,0.0,0.0,1.0,12.0
0.15967067080577674,0.17027097446586764,0.1579716651180272,0.0,0.0,0.26325244047619034,0.5426110729818321,0.40048154093097915,0.0,0.9437889190374688,0.0,0.9437889190374688,0.0,0.9437889190374688,0.9437889190374688,0.9437889190374688,0.33333333333333215,0.0,0.4287690332555667,0.024249085892460574,0.477085705093303,0.19258202567760344,0.18705035971223022,0.19621749408983452,0.0,0.0,0.47058823529411764,0.0,0.47058823529411764,0.0,0.08622786366595254,0.13501977003785426,0.0811233116059134,0.5413534066595064,0.0,0.002355403707034848,0.14098488262211623,0.13442749902897336,0.0,1.0,1.0,0.0,0.0,0.0,0.0,1.0,0.0,0.0,1.0,12.0
0.12393035497368064,0.13131839499739448,0.12274620757336897,0.0,0.0,0.3938223571428573,0.6602672340628412,0.40048154093097915,0.0,0.9899129628230244,0.0,0.9899129628230244,0.0,0.9899129628230244,0.9899129628230244,0.9899129628230244,0.33333333333333215,0.0,0.4287690332555667,0.024249085892460574,0.477085705093303,0.12696148359486448,0.12949640287769784,0.12529550827423167,0.0,0.0,0.3235294117647059,0.0,0.3235294117647059,0.0,0.0633953107560974,0.09888318378854645,0.05968260935963249,0.560113161374015,0.0,0.0014804694943691874,0.0930571217796024,0.08127474446960407,0.0,1.0,1.0,0.0,0.0,0.0,0.0,1.0,0.0,0.0,1.0,12.0
0.3089755702523957,0.30230588848358514,0.3100445799358968,0.0,0.0,0.39795921428571435,0.6959979378415694,0.40048154093097915,0.0,0.8939133676238474,0.0,0.8939133676238474,0.0,0.8939133676238474,0.8939133676238474,0.8939133676238474,0.33333333333333215,0.0,0.4287690332555667,0.024249085892460574,0.477085705093303,0.2995720399429387,0.2985611510791367,0.30023640661938533,0.0,0.0,0.47058823529411764,0.3333333333333333,0.4411764705882353,0.0,0.17680802894534178,0.25326047310502536,0.16880966404595146,0.3624921339998202,0.0,0.0038683912433474647,0.23758932594749413,0.2180842294133068,1.0,0.0,1.0,0.0,0.0,0.0,0.0,1.0,0.0,0.0,1.0,12.0
0.11868448283619021,0.11177696717040124,0.11979161229028115,0.0,0.0,0.337662380952381,0.7114964250568375,0.40048154093097915,0.0,0.9967270433449881,0.0,0.9967270433449881,0.0,0.9967270433449881,0.9967270433449881,0.9967270433449881,0.33333333333333215,0.0,0.4287690332555667,0.024249085892460574,0.477085705093303,0.11412268188302425,0.11510791366906475,0.11347517730496454,0.0,0.0,0.14705882352941177,0.0,0.14705882352941177,0.0,0.0601801469663308,0.08359520530379669,0.05773048648633095,0.29900330397721836,0.0,0.0013216613484128498,0.08215200591399376,0.07295761348015208,0.0,1.0,1.0,0.0,0.0,0.0,0.0,1.0,0.0,0.0,1.0,12.0
0.3486120484095919,0.4271756122980719,0.33601996178862636,0.0,0.0,0.39135651190476184,0.5537408006025676,0.6492776886035313,0.0,0.9724803940434679,0.0,0.9724803940434679,0.0,0.9724803940434679,0.9724803940434679,0.9724803940434679,0.33333333333333215,0.0,0.4287690332555667,0.024249085892460574,0.477085705093303,0.41512125534950073,0.4244604316546763,0.408983451536643,0.0,0.0,0.4117647058823529,0.0,0.4117647058823529,0.0,0.1837545180145792,0.32932731528161296,0.16852485511488458,0.23529410252100805,0.0,0.004927409604370907,0.31048835740051417,0.273650811392092,0.0,1.0,1.0,0.0,0.0,0.0,0.0,1.0,0.0,0.0,1.0,12.0
0.4953435011472533,0.3936946326211568,0.5116356764770367,0.0,0.0,0.33084888095238096,0.8287731716552754,0.6492776886035313,0.0,0.666423238393918,0.0,0.666423238393918,0.0,0.666423238393918,0.666423238393918,0.666423238393918,0.33333333333333215,0.0,0.4287690332555667,0.024249085892460574,0.477085705093303,0.41369472182596295,0.4100719424460432,0.4160756501182033,0.0,0.0,0.38235294117647056,0.0,0.38235294117647056,0.0,0.3809757254088241,0.4429974669154058,0.3744870906976491,0.21992482788399603,0.0,0.00716563059081686,0.43772259039682254,0.40629082303698516,0.0,1.0,1.0,0.0,0.0,1.0,0.0,0.0,0.0,0.0,1.0,12.0
0.47152562199127185,0.7164538822303282,0.43226877420836685,0.0,0.0,0.4693515357142858,0.45983985938947847,0.6211878009630819,0.0,0.9831032656433067,0.0,0.9831032656433067,0.0,0.9831032656433067,0.9831032656433067,0.9831032656433067,0.33333333333333215,0.0,0.4715581385717638,0.033692994459274546,0.5237279116962827,0.6490727532097004,0.6726618705035972,0.6335697399527187,0.0,0.0,0.1764705882352941,0.0,0.1764705882352941,0.0,0.24632733908232327,0.5467408044005637,0.21489840920870468,0.06679033866949347,0.0,0.007621120298009869,0.4867284422107467,0.4202050035907563,0.0,1.0,0.0,0.0,0.0,0.0,0.0,0.0,1.0,0.0,1.0,13.0
0.27797723489449766,0.4313444502344971,0.2533956965223474,0.0,0.0,0.34019042857142867,0.41280856914061836,0.6211878009630819,0.0,0.9787992068917206,0.0,0.9787992068917206,0.0,0.9787992068917206,0.9787992068917206,0.9787992068917206,0.33333333333333215,0.0,0.4715581385717638,0.033692994459274546,0.5237279116962827,0.42653352353780316,0.44604316546762596,0.41371158392434987,0.0,0.0,0.38235294117647056,0.0,0.38235294117647056,0.0,0.14561738310579841,0.330502307417458,0.1262749162364931,0.2136011191680256,0.0,0.005030187285870836,0.32416961125316945,0.27504561782916315,0.0,1.0,1.0,0.0,0.0,0.0,0.0,1.0,0.0,0.0,1.0,13.0
0.38949925765960314,0.3672485669619593,0.3930655753108589,0.0,0.0,0.22669919047619047,0.7229709584468887,0.6211878009630819,0.0,0.9421822991040081,0.0,0.9421822991040081,0.0,0.9421822991040081,0.9421822991040081,0.9421822991040081,0.33333333333333215,0.0,0.4715581385717638,0.033692994459274546,0.5237279116962827,0.3865905848787447,0.4172661870503598,0.3664302600472813,0.0,0.0,0.2647058823529412,0.3333333333333333,0.23529411764705882,0.0,0.2117789351418023,0.2924528182836048,0.20333893610061363,0.16471784947926513,0.0,0.00473631856045627,0.31504115000464433,0.25289191415159007,1.0,0.0,1.0,0.0,0.0,0.0,0.0,1.0,0.0,0.0,1.0,13.0
0.4774463490349575,0.584353830119854,0.4603113287326561,0.0,0.0,0.44658115476190485,0.533462757072551,0.6211878009630819,0.0,0.9975463783443026,0.0,0.9975463783443026,0.0,0.9975463783443026,0.9975463783443026,0.9975463783443026,0.33333333333333215,0.0,0.4715581385717638,0.033692994459274546,0.5237279116962827,0.572039942938659,0.5575539568345325,0.5815602836879432,0.0,0.0,0.08823529411764705,0.6666666666666666,0.029411764705882353,0.0,0.2457076701861024,0.4393486539023953,0.22544916910974566,0.03809525229932005,0.0,0.006619388149363416,0.39759678752841277,0.37999865207391237,1.0,0.0,1.0,0.0,0.0,0.0,0.0,1.0,0.0,0.0,1.0,13.0
0.434633553785936,0.3774752475247524,0.4437948278922147,0.0,0.0,0.3116496904761904,0.7714822544890585,0.6211878009630819,0.0,0.6867955464842779,0.0,0.6867955464842779,0.0,0.6867955464842779,0.6867955464842779,0.6867955464842779,0.33333333333333215,0.0,0.4715581385717638,0.033692994459274546,0.5237279116962827,0.3922967189728959,0.3992805755395684,0.3877068557919622,0.0,0.0,0.08823529411764705,0.0,0.08823529411764705,0.0,0.324257489114424,0.4121437062695998,0.31506294755260394,0.05529954983541828,0.0,0.006593435367004774,0.4135611930238824,0.36720551528280826,0.0,1.0,1.0,0.0,0.0,1.0,0.0,0.0,0.0,0.0,1.0,13.0
0.17110721194943085,0.1820609692548202,0.16935155507762337,0.0,0.0,0.6780044880952382,0.6800148051179041,0.40048154093097915,0.0,0.49796322919189934,0.0,0.49796322919189934,0.0,0.49796322919189934,0.49796322919189934,0.49796322919189934,0.33333333333333215,0.0,0.8968207733403277,0.03535296888669553,1.0,0.15977175463623394,0.1474820143884892,0.16784869976359337,0.0,0.0,0.2647058823529412,0.0,0.2647058823529412,0.0,0.1746752778874213,0.2720257005294919,0.16449058380843798,0.37939110010036803,0.0,0.003703627433767787,0.2106835713951237,0.2174953008251684,0.0,1.0,0.0,0.0,0.0,0.0,0.0,0.0,1.0,0.0,1.0,14.0
0.29074548971971026,0.3548071912454403,0.2804777465729827,0.0,0.0,0.432043619047619,0.5226302387529596,0.40048154093097915,0.0,0.9972765611290076,0.0,0.9972765611290076,0.0,0.9972765611290076,0.9972765611290076,0.9972765611290076,0.33333333333333215,0.0,0.8968207733403277,0.03535296888669553,1.0,0.35378031383737524,0.341726618705036,0.36170212765957444,0.0,0.0,0.7352941176470588,0.0,0.7352941176470588,0.0,0.1493260406772803,0.26650311223349554,0.1370671026008582,0.46923882215403023,0.0,0.004094893193022575,0.2437541885031777,0.23581809087621136,0.0,1.0,1.0,0.0,0.0,0.0,0.0,1.0,0.0,0.0,1.0,14.0
0.003482251315967067,0.00527618551328817,0.0031947214015013103,0.0,0.0,0.4999999999999999,0.4553973879236259,0.40048154093097915,0.0,0.29676288675120305,0.0,0.29676288675120305,0.0,0.29676288675120305,0.29676288675120305,0.29676288675120305,0.33333333333333215,0.0,0.8968207733403277,0.03535296888669553,1.0,0.0042796005706134095,0.0035971223021582736,0.004728132387706856,0.0,0.0,0.0,0.0,0.0,0.0,0.0033278666412253823,0.00989782409034939,0.002640524764167018,0.0,0.0,0.00016646316947220333,0.008622578344680514,0.0052136518548279885,0.0,0.0,1.0,0.0,0.0,0.0,0.0,1.0,0.0,0.0,1.0,14.0
0.0007288432986907814,0.0027357998957790518,0.0004071703747011474,0.0,0.0,0.9999999999999999,0.11608168711778699,0.40048154093097915,0.0,1.6466700148956967e-05,0.0,1.6466700148956967e-05,0.0,1.6466700148956967e-05,1.6466700148956967e-05,1.6466700148956967e-05,0.0,0.0,0.8968207733403277,0.03535296888669553,1.0,0.0014265335235378032,0.0,0.002364066193853428,0.0,0.0,0.0,0.0,0.0,0.0,0.0,0.0,0.0,0.0,0.0,1.0,0.0,0.0,0.0,0.0,1.0,0.0,0.0,0.0,1.0,0.0,0.0,0.0,1.0,14.0
0.23771089215818597,0.3796248045857217,0.21496507731016987,0.0,0.0,0.42764682142857147,0.4085678402058427,0.40048154093097915,0.0,0.9559291603892928,0.0,0.9559291603892928,0.0,0.9559291603892928,0.9559291603892928,0.9559291603892928,0.0,0.0,0.8968207733403277,0.03535296888669553,1.0,0.35948644793152645,0.36690647482014394,0.3546099290780142,0.0,0.0,0.6470588235294118,1.0,0.5588235294117647,0.0,0.12738631524529467,0.29756774942052955,0.10958212067593906,0.41142858083265327,0.0,0.004340916045463107,0.27303521298130845,0.24116245071529202,1.0,0.0,1.0,0.0,0.0,0.0,0.0,1.0,0.0,0.0,1.0,14.0
0.22926170873262247,0.38607347576862944,0.20412808118350856,0.0,0.0,0.33971086904761905,0.38286590812155596,0.40048154093097915,0.0,0.9813249786941233,0.0,0.9813249786941233,0.0,0.9813249786941233,0.9813249786941233,0.9813249786941233,0.33333333333333215,0.0,0.8968207733403277,0.03535296888669553,1.0,0.37517831669044227,0.3992805755395684,0.359338061465721,0.0,0.0,0.6176470588235294,0.0,0.6176470588235294,0.0,0.11970979018931195,0.29498035560151964,0.10137317109727065,0.37894737437593995,0.0,0.00441315761289426,0.2894371803207712,0.23807466025207333,0.0,1.0,1.0,0.0,0.0,0.0,0.0,1.0,0.0,0.0,1.0,14.0
0.39668871192693567,0.3480328295987493,0.404487226334527,0.0,0.0,0.3035714285714285,0.7439789444606766,0.5842696629213483,0.0,0.9053616742354043,0.0,0.9053616742354043,0.0,0.9053616742354043,0.9053616742354043,0.9053616742354043,0.33333333333333215,0.0,0.8968207733403277,0.03535296888669553,1.0,0.3680456490727532,0.3705035971223022,0.3664302600472813,0.0,0.0,0.47058823529411764,0.3333333333333333,0.4411764705882353,0.0,0.22443252457850893,0.28823313753837576,0.21775778969820744,0.299220795410761,0.0,0.0046924987872276076,0.29111143011331314,0.26317690583009595,1.0,0.0,1.0,0.0,0.0,0.0,0.0,1.0,0.0,0.0,1.0,14.0
0.02613938003329284,0.03087545596664929,0.025380286689704854,0.0,0.0,0.4285714285714285,0.4823838963280524,0.5882825040128411,0.0,0.9973487112757129,0.0,0.9973487112757129,0.0,0.9973487112757129,0.9973487112757129,0.9973487112757129,0.33333333333333215,0.0,0.8968207733403277,0.03535296888669553,1.0,0.03281027104136947,0.02877697841726619,0.035460992907801414,0.0,0.0,0.11764705882352941,0.0,0.11764705882352941,0.0,0.012668213071202326,0.022382875307883247,0.011651876584361422,0.7346938796501459,0.0,0.0003797407399836767,0.0205251816841218,0.02171850550273187,0.0,1.0,1.0,0.0,0.0,0.0,0.0,1.0,0.0,0.0,1.0,14.0
0.2103027849012462,0.38327253778009374,0.1825793721224017,0.0,0.0,0.4677039523809524,0.35652205174864166,0.5882825040128411,0.0,0.8869900702131427,0.0,0.8869900702131427,0.0,0.8869900702131427,0.8869900702131427,0.8869900702131427,0.33333333333333215,0.0,0.8968207733403277,0.03535296888669553,1.0,0.35092724679029963,0.3597122302158274,0.34515366430260047,0.0,0.0,0.4411764705882353,0.3333333333333333,0.4117647058823529,0.0,0.12144577996735527,0.32367584813600286,0.10028869329586808,0.2944384010157349,0.0,0.0045669151031700215,0.28848651964076943,0.25292886143691146,1.0,0.0,1.0,0.0,0.0,0.0,0.0,1.0,0.0,0.0,1.0,14.0
0.020785531110811172,0.028725898905680038,0.01951285718760114,0.0,0.0,0.4999999999999999,0.2649043629098216,0.5882825040128411,0.0,0.9735799796126251,0.0,0.9735799796126251,0.0,0.9735799796126251,0.9735799796126251,0.9735799796126251,0.33333333333333215,0.0,0.8968207733403277,0.03535296888669553,1.0,0.039942938659058486,0.025179856115107917,0.04964539007092199,0.0,0.0,0.20588235294117646,0.0,0.20588235294117646,0.0,0.010477241234638548,0.021119115185456516,0.009363899892153402,1.0,0.0,0.00047357998604890736,0.018398017000429118,0.03178394861393837,0.0,1.0,1.0,0.0,0.0,0.0,0.0,1.0,0.0,0.0,1.0,14.0
0.2992396634723534,0.19189682126107346,0.31644446300491735,0.0,0.0,0.36363638095238093,0.920574525534744,0.5882825040128411,0.0,0.8538783028858825,0.0,0.8538783028858825,0.0,0.8538783028858825,0.8538783028858825,0.8538783028858825,0.33333333333333215,0.0,0.8968207733403277,0.03535296888669553,1.0,0.21683309557774608,0.19424460431654678,0.23167848699763594,0.0,0.0,0.4117647058823529,0.0,0.4117647058823529,0.0,0.17882080245593954,0.16804202867965387,0.1799484601729615,0.4311377584260059,0.0,0.002931258482615489,0.1618235735291973,0.17576194956899785,0.0,1.0,1.0,0.0,0.0,0.0,0.0,1.0,0.0,0.0,1.0,14.0
0.0020965492419129884,0.0,0.0024325819821889062,0.0,0.0,0.0,0.6935136691908813,0.5882825040128411,0.0,0.0,0.0,0.0,0.0,0.0,0.0,0.0,0.33333333333333215,0.0,0.8968207733403277,0.03535296888669553,1.0,0.0014265335235378032,0.0,0.002364066193853428,0.0,0.0,0.0,0.0,0.0,0.0,0.0,0.0,0.0,0.0,0.0,0.0,0.0,0.0,0.0,0.0,1.0,0.0,1.0,0.0,0.0,0.0,0.0,0.0,1.0,14.0
0.0004589013362127142,0.0011724856696195937,0.00034452877859327853,0.0,0.0,0.4285714285714285,0.09822296602274284,0.5882825040128411,0.0,0.0006915014060528589,0.0,0.0006915014060528589,0.0,0.0006915014060528589,0.0006915014060528589,0.0006915014060528589,0.33333333333333215,0.0,0.8968207733403277,0.03535296888669553,1.0,0.0014265335235378032,0.0,0.002364066193853428,0.0,0.0,0.0,0.0,0.0,0.0,0.0,0.0,0.0,0.0,0.0,0.02381296616597277,0.0,0.0,0.0,0.0,1.0,0.0,0.0,0.0,1.0,0.0,0.0,0.0,1.0,14.0
0.3385612093399919,0.2405549765502866,0.35426954678805217,0.0,0.0,0.34081632142857143,0.9999999999999999,0.5882825040128411,0.0,0.801807130341165,0.0,0.801807130341165,0.0,0.801807130341165,0.801807130341165,0.801807130341165,0.33333333333333215,0.0,0.8968207733403277,0.03535296888669553,1.0,0.24251069900142655,0.24820143884892085,0.2387706855791962,0.0,0.0,0.47058823529411764,0.0,0.47058823529411764,0.0,0.21555649577435199,0.22462492665931433,0.2146077671600353,0.44003058148641333,0.0,0.003491287475197015,0.22020307475475429,0.19296527400775187,0.0,1.0,1.0,0.0,0.0,0.0,0.0,1.0,0.0,0.0,1.0,14.0
0.17621811310568228,0.1306018759770714,0.18352943633003768,0.0,0.0,0.35213034523809517,0.7809414505504818,0.5882825040128411,0.0,0.36329820537301755,0.0,0.36329820537301755,0.0,0.36329820537301755,0.36329820537301755,0.36329820537301755,0.33333333333333215,0.0,0.8968207733403277,0.03535296888669553,1.0,0.14835948644793154,0.13309352517985612,0.15839243498817968,0.0,0.0,0.1764705882352941,0.0,0.1764705882352941,0.0,0.24641019931429559,0.26822360446959487,0.2441281155162093,0.27799226349696604,0.0,0.00471385934587668,0.2606049254110586,0.28107990788057746,0.0,1.0,1.0,0.0,0.0,1.0,0.0,0.0,0.0,0.0,1.0,14.0
0.3946371530121024,0.5036477331943721,0.3771650501654782,0.0,0.0,0.5057216785714286,0.5719540470758834,0.8491171749598716,0.0,0.9986625639472133,0.0,0.9986625639472133,0.0,0.9986625639472133,0.9986625639472133,0.9986625639472133,0.33333333333333215,0.0,0.45243584257099073,0.011148747167949035,0.505410706330743,0.45078459343794586,0.460431654676259,0.4444444444444444,0.0,0.0,0.2647058823529412,0.3333333333333333,0.23529411764705882,0.0,0.2026336785193453,0.37799843488639134,0.1842872154090551,0.141980711816702,0.0,0.005210445898470559,0.32797102572940406,0.2897156395816453,1.0,0.0,0.0,0.0,0.0,0.0,0.0,0.0,1.0,0.0,1.0,2.0
0.43427363116929857,0.6918316831683168,0.39299249344873305,0.0,0.0,0.42147927380952377,0.43426227906840326,1.0,0.0,0.9986535305955121,0.0,0.9986535305955121,0.0,0.9986535305955121,0.9986535305955121,0.9986535305955121,0.33333333333333215,0.0,0.45243584257099073,0.011148747167949035,0.505410706330743,0.6348074179743224,0.6726618705035972,0.6099290780141844,0.0,0.0,0.4117647058823529,0.0,0.4117647058823529,0.0,0.22331922603804633,0.5197954521158644,0.19230220979416354,0.15652172929192523,0.0,0.00733756135194327,0.4791494104813717,0.39816891853253555,0.0,1.0,1.0,0.0,0.0,0.0,0.0,1.0,0.0,0.0,1.0,2.0
0.543717100823323,0.6072824387701927,0.5335289143167368,0.0,0.0,0.29618,0.5872807200001766,1.0,0.0,0.9986209138625248,0.0,0.9986209138625248,0.0,0.9986209138625248,0.9986209138625248,0.9986209138625248,0.33333333333333215,0.0,0.45243584257099073,0.011148747167949035,0.505410706330743,0.6276747503566333,0.6510791366906475,0.6122931442080378,0.0,0.0,0.4117647058823529,0.0,0.4117647058823529,0.0,0.27958531373959794,0.45645053446313716,0.2610818718541162,0.15824175790266873,0.0,0.007255352841142465,0.463790836226743,0.3997312874068056,0.0,1.0,1.0,0.0,0.0,0.0,0.0,1.0,0.0,0.0,1.0,2.0
0.4311962927970486,0.4423527879103699,0.42940814131944083,0.0,0.0,0.40437161904761887,0.6801196283695982,1.0,0.0,0.999763749519624,0.0,0.999763749519624,0.0,0.999763749519624,0.999763749519624,0.999763749519624,0.33333333333333215,0.0,0.45243584257099073,0.011148747167949035,0.505410706330743,0.42938659058487877,0.43525179856115115,0.425531914893617,0.0,0.0,0.5294117647058824,0.0,0.5294117647058824,0.0,0.2211048712417978,0.33172478579528575,0.20953194103362105,0.28928572089795934,0.0,0.004957647342458552,0.3096935301491625,0.2770158921599717,0.0,1.0,1.0,0.0,0.0,0.0,0.0,1.0,0.0,0.0,1.0,2.0
0.44613308138750163,0.35734757686294943,0.460363530062746,0.0,0.0,0.32426307142857136,0.835966328173112,1.0,0.0,0.36025349918211497,0.0,0.36025349918211497,0.0,0.36025349918211497,0.36025349918211497,0.36025349918211497,0.33333333333333215,0.0,0.45243584257099073,0.011148747167949035,0.505410706330743,0.37232524964336666,0.3741007194244605,0.37115839243498816,0.0,0.0,0.08823529411764705,0.0,0.08823529411764705,0.0,0.6343370492186787,0.7436620974776513,0.6228996067203683,0.05822100133076574,0.0,0.011929956973501802,0.7387021915707165,0.6699856406882072,0.0,1.0,1.0,0.0,0.0,1.0,0.0,0.0,0.0,0.0,1.0,2.0
0.0,0.0,0.0,0.0,0.0,0.0,0.0,0.0,0.0,0.0,0.0,0.0,0.0,0.0,0.0,0.0,1.0,0.0,0.0,0.0,0.0,0.0,0.0,0.0,0.0,0.0,0.0,0.0,0.0,0.0,0.0,0.0,0.0,0.0,0.0,0.0,0.0,0.0,0.0,0.0,0.0,1.0,0.0,0.0,0.0,0.0,0.0,0.0,0.0,2.0
0.5599856030953345,0.7888874413757164,0.5232974536191182,0.0,0.0,0.4622252380952382,0.4989591319731704,0.40048154093097915,0.0,0.9537234225709592,0.0,0.9537234225709592,0.0,0.9537234225709592,0.9537234225709592,0.9537234225709592,0.33333333333333215,0.0,0.424340479575919,0.011417932210233519,0.4738931099341682,0.7218259629101283,0.7446043165467626,0.706855791962175,0.0,0.0,0.029411764705882353,0.0,0.029411764705882353,0.0,0.3016461203802487,0.6206885734417272,0.26826822883527873,0.010123714517113474,0.0,0.008736441811472475,0.555382356124676,0.4834403752507403,0.0,1.0,0.0,0.0,0.0,0.0,0.0,0.0,1.0,0.0,1.0,3.0
0.3005623790884959,0.5466388744137571,0.2611214933756512,0.0,0.0,0.3182490238095238,0.35963323443287687,0.40048154093097915,0.0,0.9979446958208814,0.0,0.9979446958208814,0.0,0.9979446958208814,0.9979446958208814,0.9979446958208814,0.33333333333333215,0.0,0.424340479575919,0.011417932210233519,0.4738931099341682,0.5235378031383737,0.5755395683453238,0.48936170212765956,0.0,0.0,0.08823529411764705,0.6666666666666666,0.029411764705882353,0.0,0.15457372519770096,0.4110397085126578,0.12774254037556027,0.04158642952197553,0.0,0.00605572529301171,0.4102585990497999,0.3193815247234895,1.0,0.0,1.0,0.0,0.0,0.0,0.0,1.0,0.0,0.0,1.0,3.0
1.0,0.9999999999999999,1.0,0.0,0.0,0.38487797619047626,0.6739802390840155,0.6404494382022472,0.0,0.9837859170313645,0.0,0.9837859170313645,0.0,0.9837859170313645,0.9837859170313645,0.9837859170313645,0.33333333333333215,0.0,0.424340479575919,0.011417932210233519,0.4738931099341682,1.0000000000000002,1.0,1.0,0.0,0.0,0.0,0.0,0.0,0.0,0.5226361249329528,0.7631493696364856,0.49747391254406703,0.0,0.0,0.011733403277932646,0.7230833831667656,0.6636833435696499,0.0,0.0,1.0,0.0,0.0,0.0,0.0,1.0,0.0,0.0,1.0,3.0
0.13194763125927925,0.08936946326211567,0.1387720159109654,0.0,0.0,0.3156966309523811,0.8991595571259212,0.6404494382022472,0.0,0.06653000194433728,0.0,0.06653000194433728,0.0,0.06653000194433728,0.06653000194433728,0.06653000194433728,0.33333333333333215,0.0,0.424340479575919,0.011417932210233519,0.4738931099341682,0.09985734664764623,0.09352517985611511,0.10401891252955082,0.0,0.0,0.0,0.0,0.0,0.0,1.0,1.0,1.0,0.0,0.0,0.017325551096262846,1.0,1.0,0.0,0.0,1.0,0.0,0.0,1.0,0.0,0.0,0.0,0.0,1.0,3.0
0.41709632429027754,0.4625455966649296,0.40981176200369585,0.0,0.0,0.44239634523809535,0.6676270258425352,0.64446227929374,0.0,0.9940642545973177,0.0,0.9940642545973177,0.0,0.9940642545973177,0.9940642545973177,0.9940642545973177,0.33333333333333215,0.0,0.38102955590220733,0.01729513896677808,0.424553284165718,0.4251069900142654,0.44244604316546765,0.41371158392434987,0.0,0.0,0.6176470588235294,0.0,0.6176470588235294,0.0,0.21507538005290455,0.34879495635711893,0.20108578508642705,0.3375000077142859,0.0,0.00493637767980373,0.3166174473563204,0.2708219304232488,0.0,1.0,0.0,0.0,0.0,0.0,0.0,0.0,1.0,0.0,1.0,4.0
0.22024564718585501,0.33226941115164144,0.2022905943643444,0.0,0.0,0.4016562857142857,0.43038629516504606,0.6316211878009631,0.0,0.9915176827526216,0.0,0.9915176827526216,0.0,0.9915176827526216,0.9915176827526216,0.9915176827526216,0.33333333333333215,0.0,0.38102955590220733,0.01729513896677808,0.424553284165718,0.3209700427960057,0.3273381294964029,0.31678486997635935,0.0,0.0,0.47058823529411764,0.3333333333333333,0.4411764705882353,0.0,0.11370709274588399,0.25104169843120455,0.0993392957686107,0.3400236077719682,0.0,0.003736703695675912,0.2348471181946659,0.20753930708429846,1.0,0.0,1.0,0.0,0.0,0.0,0.0,1.0,0.0,0.0,1.0,4.0
0.2088091060422009,0.3495310057321521,0.18625434576073,0.0,0.0,0.4260651666666667,0.40227221687521364,0.64446227929374,0.0,0.981548262481467,0.0,0.981548262481467,0.0,0.981548262481467,0.981548262481467,0.981548262481467,0.33333333333333215,0.0,0.38102955590220733,0.01729513896677808,0.424553284165718,0.32239657631954355,0.33812949640287776,0.3120567375886525,0.0,0.0,0.7647058823529411,0.3333333333333333,0.7352941176470588,0.0,0.10889830427560628,0.26675858434546906,0.09238313042258313,0.5285149835089139,0.0,0.0037914319762146764,0.24505320982318662,0.20649457153402903,1.0,0.0,1.0,0.0,0.0,0.0,0.0,1.0,0.0,0.0,1.0,4.0
0.1294371710082332,0.19039864512767066,0.11966632909806542,0.0,0.0,0.2089093571428572,0.3790678820004589,0.64446227929374,0.0,0.9807380941674582,0.0,0.9807380941674582,0.0,0.9807380941674582,0.9807380941674582,0.9807380941674582,0.33333333333333215,0.0,0.38102955590220733,0.01729513896677808,0.424553284165718,0.21540656205420827,0.21942446043165467,0.2127659574468085,0.0,0.0,0.5882352941176471,0.0,0.5882352941176471,0.0,0.06736626427077742,0.14548194343900583,0.05919389053059965,0.5980066593830093,0.0,0.002535306639657067,0.15915521393319734,0.14040608965527998,0.0,1.0,1.0,0.0,0.0,0.0,0.0,1.0,0.0,0.0,1.0,4.0
0.4211004634003689,0.2836112558624283,0.4431370911330821,0.0,0.0,0.2736726547619047,0.9793454946292999,0.64446227929374,0.0,0.9990635480958812,0.0,0.9990635480958812,0.0,0.9990635480958812,0.9990635480958812,0.9990635480958812,0.33333333333333215,0.0,0.38102955590220733,0.01729513896677808,0.424553284165718,0.30670470756062773,0.30935251798561153,0.3049645390070922,0.0,0.0,0.7058823529411764,0.0,0.7058823529411764,0.0,0.2156118491303852,0.2128113396712603,0.2159048529098589,0.5142857260408166,0.0,0.003543658387884869,0.22026709696140168,0.1982284055185505,0.0,1.0,1.0,0.0,0.0,0.0,0.0,1.0,0.0,0.0,1.0,4.0
0.4928330408962073,0.6272798332464825,0.4712840483175511,0.0,0.0,0.417710988095238,0.5269023052785767,0.64446227929374,0.0,0.9946586558059334,0.0,0.9946586558059334,0.0,0.9946586558059334,0.9946586558059334,0.9946586558059334,0.33333333333333215,0.0,0.38102955590220733,0.01729513896677808,0.424553284165718,0.6062767475035663,0.6115107913669066,0.6028368794326241,0.0,0.0,0.3529411764705882,0.3333333333333333,0.3235294117647059,0.0,0.25440609283295545,0.4731080728125182,0.23152573717010702,0.14090019750629024,0.0,0.007035928923019712,0.4373398389311823,0.3951015511918563,1.0,0.0,1.0,0.0,0.0,0.0,0.0,1.0,0.0,0.0,1.0,4.0
0.4705358347955189,0.42105263157894735,0.4784669513379201,0.0,0.0,0.37254905952380957,0.7217348417664404,0.64446227929374,0.0,0.7529595810178148,0.0,0.7529595810178148,0.0,0.7529595810178148,0.7529595810178148,0.7529595810178148,0.33333333333333215,0.0,0.38102955590220733,0.01729513896677808,0.424553284165718,0.4379457917261056,0.4244604316546763,0.44680851063829785,0.0,0.0,0.20588235294117646,0.0,0.20588235294117646,0.0,0.3204231998089941,0.41926160509599414,0.3100828517415869,0.11428570546938754,0.0,0.006713875523387657,0.40100946285061567,0.38630939693861105,0.0,1.0,1.0,0.0,0.0,1.0,0.0,0.0,0.0,0.0,1.0,4.0
0.6495973365726369,0.9445674830640958,0.6023198271091947,0.0,0.0,0.4452003333333333,0.4823526956540726,0.6404494382022472,0.0,1.0,0.0,1.0,0.0,1.0,1.0,1.0,0.33333333333333215,0.0,0.17035298665083726,0.011126315081091995,0.18934378557639958,0.8659058487874465,0.9028776978417267,0.8416075650118203,0.0,0.0,0.0,0.0,0.0,0.0,0.3338902967240779,0.7089924361920958,0.2946475012496439,0.0,0.0,0.009995286123858126,0.6422704700258621,0.5492593647443433,0.0,0.0,0.0,0.0,0.0,0.0,0.0,0.0,1.0,1.0,0.0,5.0
0.3320376119134386,0.47563835330901505,0.3090214338661349,0.0,0.0,0.2768472976190476,0.4612567807387466,0.6404494382022472,0.0,0.9889594108841354,0.0,0.9889594108841354,0.0,0.9889594108841354,0.9889594108841354,0.9889594108841354,0.33333333333333215,0.0,0.17035298665083726,0.011126315081091995,0.18934378557639958,0.4778887303851641,0.5179856115107914,0.4515366430260047,0.0,0.0,0.1764705882352941,0.0,0.1764705882352941,0.0,0.17222550153464775,0.36089171402094733,0.1524874483411715,0.0902255677765844,0.0,0.0055779275352295515,0.3725874413609555,0.2972515861339623,0.0,1.0,1.0,0.0,0.0,0.0,0.0,1.0,0.0,0.0,1.0,5.0
0.8357313177666802,0.8279702970297029,0.8369752461292713,0.0,0.0,0.3687423571428571,0.6778872882327176,0.6404494382022472,0.0,0.985925388048289,0.0,0.985925388048289,0.0,0.985925388048289,0.985925388048289,0.985925388048289,0.33333333333333215,0.0,0.17035298665083726,0.011126315081091995,0.18934378557639958,0.8345221112696148,0.8381294964028778,0.8321513002364066,0.0,0.0,0.14705882352941177,0.0,0.14705882352941177,0.0,0.4356462612475723,0.6304068638271461,0.41527060581710384,0.04350980670879558,0.0,0.00977053589807223,0.6047224437752222,0.5508231261042411,0.0,1.0,1.0,0.0,0.0,0.0,0.0,1.0,0.0,0.0,1.0,5.0
0.19437620911504025,0.23495310057321522,0.18787258699351658,0.0,0.0,0.31156458333333326,0.5885855079279156,0.6404494382022472,0.0,0.24715706921937408,0.0,0.24715706921937408,0.0,0.24715706921937408,0.24715706921937408,0.24715706921937408,0.33333333333333215,0.0,0.17035298665083726,0.011126315081091995,0.18934378557639958,0.2282453637660485,0.24820143884892085,0.21513002364066194,0.0,0.0,0.0,0.0,0.0,0.0,0.40129532955977537,0.7118739366252521,0.3688029156663484,0.0,0.0,0.010659908741824733,0.7143651553382929,0.5634021914381815,0.0,0.0,1.0,0.0,0.0,1.0,0.0,0.0,0.0,0.0,1.0,5.0
0.4629144733882215,0.7135878061490358,0.4227368113339528,0.0,0.0,0.44912283333333336,0.4689477997068172,0.4662921348314607,0.0,0.9995175656857168,0.0,0.9995175656857168,0.0,0.9995175656857168,0.9995175656857168,0.9995175656857168,0.33333333333333215,0.0,0.1707174312179903,0.011462796383947598,0.1897057367717666,0.6362339514978602,0.6798561151079138,0.607565011820331,0.0,0.0,0.08823529411764705,0.0,0.08823529411764705,0.0,0.2378311768946567,0.5356560074747876,0.20667306695088464,0.03428573221224531,0.0,0.007347692303302549,0.4838554264961353,0.3962768090616281,0.0,1.0,0.0,0.0,0.0,0.0,0.0,0.0,1.0,0.0,1.0,6.0
0.292734062176632,0.48801459093277744,0.26143470135619057,0.0,0.0,0.4196205119047619,0.39022706311696026,0.4662921348314607,0.0,0.9955853743569277,0.0,0.9955853743569277,0.0,0.9955853743569277,0.9955853743569277,0.9955853743569277,0.33333333333333215,0.0,0.1707174312179903,0.011462796383947598,0.1897057367717666,0.46077032810271046,0.47482014388489213,0.4515366430260047,0.0,0.0,0.5882352941176471,0.0,0.5882352941176471,0.0,0.15081849268637237,0.3675375498588422,0.12814557737690072,0.29900330397721836,0.0,0.005342328082129803,0.3392654948709308,0.29527332821888835,0.0,1.0,1.0,0.0,0.0,0.0,0.0,1.0,0.0,0.0,1.0,6.0
0.41571062221622346,0.3450364773319437,0.42703820093335976,0.0,0.0,0.22640691666666657,0.7754514341284503,0.4911717495987159,0.0,0.99840779676252,0.0,0.99840779676252,0.0,0.99840779676252,0.99840779676252,0.99840779676252,0.33333333333333215,0.0,0.1707174312179903,0.011462796383947598,0.1897057367717666,0.37945791726105566,0.39208633093525186,0.37115839243498816,0.0,0.0,0.5,0.0,0.5,0.0,0.2132968225319011,0.25926296771721974,0.2084878916508878,0.3078470641793615,0.0,0.004387127766540493,0.2793589795750737,0.2417495226559268,0.0,1.0,1.0,0.0,0.0,0.0,0.0,1.0,0.0,0.0,1.0,6.0
0.5328834300625366,0.7187988535695674,0.5030850986083125,0.0,0.0,0.41666666666666663,0.5032504085297788,0.5040128410914928,0.0,0.9999437998857263,0.0,0.9999437998857263,0.0,0.9999437998857263,0.9999437998857263,0.9999437998857263,0.33333333333333215,0.0,0.1707174312179903,0.011462796383947598,0.1897057367717666,0.6847360912981455,0.7014388489208634,0.6737588652482269,0.0,0.0,0.29411764705882354,0.0,0.29411764705882354,0.0,0.27373702838686403,0.5393932943771282,0.24594436567241879,0.10474251667982895,0.0,0.007904459908090338,0.4990030498828179,0.43943216664079743,0.0,1.0,1.0,0.0,0.0,0.0,0.0,1.0,0.0,0.0,1.0,6.0
0.501399199172178,0.4089369463262115,0.5162189532589291,0.0,0.0,0.2942315000000001,0.840975648840562,0.5040128410914928,0.0,0.6960886820469868,0.0,0.6960886820469868,0.0,0.6960886820469868,0.6960886820469868,0.6960886820469868,0.33333333333333215,0.0,0.1707174312179903,0.011462796383947598,0.1897057367717666,0.42368045649072755,0.4388489208633094,0.41371158392434987,0.0,0.0,0.5588235294117647,0.0,0.5588235294117647,0.0,0.36920233918887774,0.4406805595890256,0.3617243865659795,0.3082469727599308,0.0,0.007025842431657621,0.44847632521745673,0.38675304285959367,0.0,1.0,1.0,0.0,0.0,1.0,0.0,0.0,0.0,0.0,1.0,6.0
0.4770054438295766,0.7127410109431995,0.43922199137634027,0.0,0.0,0.4402891785714286,0.46377556732085784,0.8178170144462279,0.0,0.9860905050506935,0.0,0.9860905050506935,0.0,0.9860905050506935,0.9860905050506935,0.9860905050506935,0.33333333333333215,0.0,0.42449509242259004,0.022611543551896634,0.47252264515171016,0.6562054208273894,0.683453237410072,0.6382978723404256,0.0,0.0,0.23529411764705882,1.0,0.14705882352941177,0.0,0.24844462175519166,0.5423292057391128,0.21769874599574326,0.08772464771942051,0.0,0.007681527602189469,0.4930386981230132,0.4220700988404865,1.0,0.0,0.0,0.0,0.0,0.0,0.0,0.0,1.0,0.0,1.0,7.0
0.33372924821163447,0.5173918707660239,0.3042919933599908,0.0,0.0,0.3217418333333334,0.41310341662589756,0.8154093097913323,0.0,0.9944365720210298,0.0,0.9944365720210298,0.0,0.9944365720210298,0.9944365720210298,0.9944365720210298,0.33333333333333215,0.0,0.42449509242259004,0.022611543551896634,0.47252264515171016,0.514978601997147,0.5431654676258993,0.49645390070921985,0.0,0.0,0.2647058823529412,0.0,0.2647058823529412,0.0,0.17221874368668005,0.39036130925703333,0.14939691026584134,0.1247593399944992,0.0,0.005977735541944094,0.3885473944727495,0.3251758430850649,0.0,1.0,1.0,0.0,0.0,0.0,0.0,1.0,0.0,0.0,1.0,7.0
0.5430422459171278,0.6753517457008859,0.5218358163766013,0.0,0.0,0.41081083333333346,0.5489744597414296,0.8178170144462279,0.0,0.9319851450364616,0.0,0.9319851450364616,0.0,0.9319851450364616,0.9319851450364616,0.9319851450364616,0.33333333333333215,0.0,0.42449509242259004,0.022611543551896634,0.47252264515171016,0.6490727532097004,0.6618705035971224,0.640661938534279,0.0,0.0,0.14705882352941177,0.0,0.14705882352941177,0.0,0.2992419850906699,0.5437150742326045,0.27366549427028447,0.055779378417814364,0.0,0.008039128251573375,0.505188024930278,0.4482330471373095,0.0,1.0,1.0,0.0,0.0,0.0,0.0,1.0,0.0,0.0,1.0,7.0
0.694128762316102,0.5559536216779573,0.7162753306954261,0.0,0.0,0.33156966666666665,0.8008060617106946,0.8178170144462279,0.0,0.7945605156063816,0.0,0.7945605156063816,0.0,0.7945605156063816,0.7945605156063816,0.7945605156063816,0.33333333333333215,0.0,0.42449509242259004,0.022611543551896634,0.47252264515171016,0.593437945791726,0.5791366906474821,0.6028368794326241,0.0,0.0,0.11764705882352941,0.0,0.11764705882352941,0.0,0.4485041656686222,0.5250336595681202,0.4404977196180456,0.04886326397401746,0.0,0.00862130227475436,0.5184932826580424,0.49460198304806563,0.0,1.0,1.0,0.0,0.0,1.0,0.0,0.0,0.0,0.0,1.0,7.0
0.455581050074234,0.5212350182386659,0.44505810008039004,0.0,0.0,0.4895943214285715,0.6312598923083698,0.40048154093097915,0.0,0.9785202896579223,0.0,0.9785202896579223,0.0,0.9785202896579223,0.9785202896579223,0.9785202896579223,0.33333333333333215,0.0,0.5565482681980701,0.04452769241122501,0.617463990496461,0.4778887303851641,0.4820143884892087,0.47517730496453897,0.0,0.0,0.7352941176470588,0.3333333333333333,0.7058823529411764,0.0,0.23880514119860882,0.39931237683385645,0.22201306224141965,0.3561535624263671,0.0,0.005637434771466075,0.3504121141683293,0.3162345072049063,1.0,0.0,0.0,0.0,0.0,0.0,0.0,0.0,1.0,0.0,1.0,8.0
0.3094254735231925,0.5028009379885356,0.27843145443345896,0.0,0.0,0.39081636904761907,0.39492059992510076,0.40048154093097915,0.0,0.9980581793849648,0.0,0.9980581793849648,0.0,0.9980581793849648,0.9980581793849648,0.9980581793849648,0.33333333333333215,0.0,0.5565482681980701,0.04452769241122501,0.617463990496461,0.4850213980028531,0.5,0.47517730496453897,0.0,0.0,0.7058823529411764,0.0,0.7058823529411764,0.0,0.15906237262845221,0.3778349327861311,0.1361746199739266,0.3381604534436675,0.0,0.0056095702092283425,0.356371706483515,0.3100438874336898,0.0,1.0,1.0,0.0,0.0,0.0,0.0,1.0,0.0,0.0,1.0,8.0
0.16405272866333737,0.2929260031266284,0.14339705375692974,0.0,0.0,0.2987013333333334,0.3219022720390321,0.40048154093097915,0.0,0.9676204008281483,0.0,0.9676204008281483,0.0,0.9676204008281483,0.9676204008281483,0.9676204008281483,0.33333333333333215,0.0,0.5565482681980701,0.04452769241122501,0.617463990496461,0.3052781740370899,0.31294964028776984,0.30023640661938533,0.0,0.0,0.5882352941176471,0.0,0.5882352941176471,0.0,0.08678512419584343,0.22688567499567475,0.07212795831765403,0.4376899642900563,0.0,0.003641793457678415,0.2300692499192046,0.20147196870732031,0.0,1.0,1.0,0.0,0.0,0.0,0.0,1.0,0.0,0.0,1.0,8.0
0.40859315247221845,0.3063444502344971,0.4249814685278181,0.0,0.0,0.3259259166666667,0.8077300768840414,0.40048154093097915,0.0,0.9908883148062401,0.0,0.9908883148062401,0.0,0.9908883148062401,0.9908883148062401,0.9908883148062401,0.33333333333333215,0.0,0.5565482681980701,0.04452769241122501,0.617463990496461,0.340941512125535,0.3201438848920864,0.3546099290780142,0.0,0.0,0.9117647058823529,0.0,0.9117647058823529,0.0,0.21114636180930568,0.231686061595287,0.20899752803518734,0.5882973048753669,0.0,0.003971730108811901,0.22983143121873256,0.23265408503297036,0.0,1.0,1.0,0.0,0.0,0.0,0.0,1.0,0.0,0.0,1.0,8.0
0.27645656183920453,0.4861907243355914,0.24284058757817148,0.0,0.0,0.47806521428571436,0.3722167170151389,0.40048154093097915,0.0,0.9868015064963965,0.0,0.9868015064963965,0.0,0.9868015064963965,0.9868015064963965,0.9868015064963965,0.33333333333333215,0.0,0.5565482681980701,0.04452769241122501,0.617463990496461,0.44507845934379464,0.4532374100719425,0.43971631205673756,0.0,0.0,0.47058823529411764,0.3333333333333333,0.4411764705882353,0.0,0.14367770657284681,0.3692960267192927,0.12007375248299121,0.2501085657167672,0.0,0.005206325938731124,0.32672696831821957,0.29006209000581507,1.0,0.0,1.0,0.0,0.0,0.0,0.0,1.0,0.0,0.0,1.0,8.0
0.5702973860619966,0.4387701928087545,0.5913784283223537,0.0,0.0,0.2663139166666667,0.8690630223894504,0.40048154093097915,0.0,0.8942909683916358,0.0,0.8942909683916358,0.0,0.8942909683916358,0.8942909683916358,0.8942909683916358,0.33333333333333215,0.0,0.5565482681980701,0.04452769241122501,0.617463990496461,0.46790299572039945,0.4820143884892087,0.458628841607565,0.0,0.0,0.7941176470588235,0.0,0.7941176470588235,0.0,0.3270329333504847,0.3681387384302302,0.3227325138100617,0.3900481803439584,0.0,0.00603950826203734,0.38341594552124747,0.3339085846181953,0.0,1.0,1.0,0.0,0.0,0.0,0.0,1.0,0.0,0.0,1.0,8.0
0.01688936878571107,0.046573736321000515,0.012131589112890596,0.0,0.0,0.5674602857142858,0.21616493658793026,0.40048154093097915,0.0,0.960745920183371,0.0,0.960745920183371,0.0,0.960745920183371,0.960745920183371,0.960745920183371,0.33333333333333215,0.0,0.5565482681980701,0.04452769241122501,0.617463990496461,0.03851640513552068,0.03956834532374101,0.037825059101654845,0.0,0.0,0.029411764705882353,0.0,0.029411764705882353,0.0,0.008595106289407432,0.03523560187911431,0.0058080064376107516,0.17733991262491228,0.0,0.0004627663267328065,0.029297298708117845,0.024156376507319274,0.0,1.0,1.0,0.0,0.0,0.0,0.0,1.0,0.0,0.0,1.0,8.0
0.0646780942097449,0.09523189161021364,0.05978096321894282,0.0,0.0,0.5009524047619046,0.40578981345186227,0.40048154093097915,0.0,0.9786133565138249,0.0,0.9786133565138249,0.0,0.9786133565138249,0.9786133565138249,0.9786133565138249,0.33333333333333215,0.0,0.5565482681980701,0.04452769241122501,0.617463990496461,0.09415121255349501,0.08633093525179857,0.09929078014184398,0.0,0.0,0.2647058823529412,0.0,0.2647058823529412,0.0,0.033312088506826154,0.07208599410095916,0.029255603577322424,0.6090225567776585,0.0,0.0011105534257641592,0.06275435201312993,0.0648218769518007,0.0,1.0,1.0,0.0,0.0,0.0,0.0,1.0,0.0,0.0,1.0,8.0
0.147064381158051,0.12109171443460134,0.15122725327041334,0.0,0.0,0.2606516309523811,0.845371205446098,0.40048154093097915,0.0,0.7290267490210562,0.0,0.7290267490210562,0.0,0.7290267490210562,0.7290267490210562,0.7290267490210562,0.33333333333333215,0.0,0.5565482681980701,0.04452769241122501,0.617463990496461,0.12553495007132667,0.13309352517985612,0.12056737588652482,0.0,0.0,0.20588235294117646,0.0,0.20588235294117646,0.0,0.10207372842087162,0.12412923260785234,0.09976630286308029,0.3750000257142863,0.0,0.001987677046291353,0.12986804823620357,0.10611473858774478,0.0,1.0,1.0,0.0,0.0,1.0,0.0,0.0,0.0,0.0,1.0,8.0
0.5785576101138256,0.8148124022928608,0.5406909368050697,0.0,0.0,0.48068282142857155,0.4862698721858624,0.8089887640449438,0.0,0.9984727135611842,0.0,0.9984727135611842,0.0,0.9984727135611842,0.9984727135611842,0.9984727135611842,0.33333333333333215,0.0,0.3019312801115421,0.02252181520446847,0.33520393010938976,0.7532097004279601,0.7589928057553957,0.7494089834515366,0.0,0.0,0.14705882352941177,0.0,0.14705882352941177,0.0,0.2977277822630783,0.6123356240389567,0.26481383491510063,0.04815411538637978,0.0,0.008707715713289228,0.5407424580074969,0.4896660856597745,0.0,1.0,0.0,0.0,0.0,0.0,0.0,0.0,1.0,0.0,1.0,9.0
0.2859405227876006,0.4622199062011464,0.2576866458557364,0.0,0.0,0.31143551190476193,0.39497219377034437,0.8089887640449438,0.0,0.9998306829890554,0.0,0.9998306829890554,0.0,0.9998306829890554,0.9998306829890554,0.9998306829890554,0.33333333333333215,0.0,0.3019312801115421,0.02252181520446847,0.33520393010938976,0.4593437945791726,0.48920863309352525,0.43971631205673756,0.0,0.0,0.4117647058823529,0.0,0.4117647058823529,0.0,0.14669083061483093,0.3468077873076429,0.12575480464375693,0.21364987345485423,0.0,0.005303174632606024,0.3480620232399075,0.28628223418563353,0.0,1.0,1.0,0.0,0.0,0.0,0.0,1.0,0.0,0.0,1.0,9.0
0.5087416205515815,0.6029181865554976,0.4936470981280603,0.0,0.0,0.4291557142857144,0.5839653645105687,0.8089887640449438,0.0,0.9831976825019544,0.0,0.9831976825019544,0.0,0.9831976825019544,0.9831976825019544,0.9831976825019544,0.33333333333333215,0.0,0.3019312801115421,0.02252181520446847,0.33520393010938976,0.5748930099857347,0.5827338129496403,0.5697399527186761,0.0,0.0,0.20588235294117646,0.3333333333333333,0.1764705882352941,0.0,0.2656172350424207,0.45997600360289626,0.2452836314488117,0.08759124200208553,0.0,0.006749486993135445,0.42161724392844563,0.3776760788792979,1.0,0.0,1.0,0.0,0.0,0.0,0.0,1.0,0.0,0.0,1.0,9.0
0.6951005533810231,0.5582334549244398,0.7170374701147385,0.0,0.0,0.2988309404761905,0.8176913128482085,0.8089887640449438,0.0,0.7398221709717476,0.0,0.7398221709717476,0.0,0.7398221709717476,0.7398221709717476,0.7398221709717476,0.33333333333333215,0.0,0.3019312801115421,0.02252181520446847,0.33520393010938976,0.593437945791726,0.5971223021582734,0.5910165484633569,0.0,0.0,0.20588235294117646,0.3333333333333333,0.1764705882352941,0.0,0.48233694923804715,0.5662622739014156,0.4735567885985563,0.08490564194070038,0.0,0.009259179734412436,0.574149460378775,0.5207402379330909,1.0,0.0,1.0,0.0,0.0,1.0,0.0,0.0,0.0,0.0,1.0,9.0
