application,level,partition,window,median_span_seconds,p95_span_seconds
HTTP,Low,train,1,0.0,0.0
HTTP,Low,validation,1,0.0,0.0
HTTP,Medium,train,1,0.0,0.0
HTTP,Medium,validation,1,0.0,0.0
HTTP,High,train,1,0.0,0.0
HTTP,High,validation,1,0.0,0.0
HTTP,Low,train,3,0.084369,21.104332000000007
HTTP,Low,validation,3,0.070045,18.836153149999998
HTTP,Medium,train,3,0.139953,23.7711607
HTTP,Medium,validation,3,0.175845,27.222600799999974
HTTP,High,train,3,0.179683,24.728464799999966
HTTP,High,validation,3,0.225932,32.464063099999954
HTTP,Low,train,5,0.235261,29.228369000000008
HTTP,Low,validation,5,0.171028,24.409008449999998
HTTP,Medium,train,5,0.37708149999999996,34.366407549999984
HTTP,Medium,validation,5,0.436066,39.486646999999955
HTTP,High,train,5,0.441137,36.51514279999996
HTTP,High,validation,5,0.5642185,52.182428349999945
HTTP,Low,train,10,0.904428,49.318136
HTTP,Low,validation,10,0.5901240000000001,33.317035499999996
HTTP,Medium,train,10,1.1956864999999999,45.286629499999954
HTTP,Medium,validation,10,1.32258,47.8929594
HTTP,High,train,10,1.302682,57.480065199999935
HTTP,High,validation,10,1.5943575,69.98311914999998
HTTP,Low,train,20,4.691199,70.90654360000002
HTTP,Low,validation,20,3.011725,57.091784499999996
HTTP,Medium,train,20,5.275416,75.35515369999996
HTTP,Medium,validation,20,5.085472,84.06709639999997
HTTP,High,train,20,4.506462,85.7567104
HTTP,High,validation,20,8.769869499999999,106.67537105
HTTP,Low,train,50,40.596123,145.49503700000002
HTTP,Low,validation,50,28.7839175,97.7183459
HTTP,Medium,train,50,47.645222000000004,150.82167944999995
HTTP,Medium,validation,50,48.950117,162.5385022
HTTP,High,train,50,51.96149,173.65052139999997
HTTP,High,validation,50,73.4454465,200.225101
HTTP,Low,train,100,97.73487,254.0781642
HTTP,Low,validation,100,77.98745349999999,190.331167
HTTP,Medium,train,100,105.3625215,277.5105351
HTTP,Medium,validation,100,125.503332,307.1825958
HTTP,High,train,100,115.480192,285.6570578
HTTP,High,validation,100,166.770125,364.87615485
SFTP,Low,train,1,0.0,0.0
SFTP,Low,validation,1,0.0,0.0
SFTP,Medium,train,1,0.0,0.0
SFTP,Medium,validation,1,0.0,0.0
SFTP,High,train,1,0.0,0.0
SFTP,High,validation,1,0.0,0.0
SFTP,Low,train,3,3.3878719999999998,5.313483000000001
SFTP,Low,validation,3,3.1053300000000004,4.39250445
SFTP,Medium,train,3,3.365679,5.3948728
SFTP,Medium,validation,3,3.260335,4.310348
SFTP,High,train,3,2.311159,3.9150045999999996
SFTP,High,validation,3,2.599002,4.4286465
SFTP,Low,train,5,6.690112,9.340424100000002
SFTP,Low,validation,5,5.9106435,8.37260265
SFTP,Medium,train,5,6.729333,10.643286199999999
SFTP,Medium,validation,5,6.34945,8.205153
SFTP,High,train,5,5.285017,7.1431296
SFTP,High,validation,5,5.507966,8.158521
SFTP,Low,train,10,15.031924499999999,20.435430850000007
SFTP,Low,validation,10,13.815621499999999,17.1905528
SFTP,Medium,train,10,15.047827,22.5921844
SFTP,Medium,validation,10,14.435468,17.709527
SFTP,High,train,10,12.100699,14.654477
SFTP,High,validation,10,12.641886,16.088121
SFTP,Low,train,20,31.745324,40.993854150000004
SFTP,Low,validation,20,29.2271175,33.86988175
SFTP,Medium,train,20,31.761912,47.282239100000005
SFTP,Medium,validation,20,30.779263,34.604169
SFTP,High,train,20,25.774617,29.604904199999996
SFTP,High,validation,20,27.148955,31.248822
SFTP,Low,train,50,81.9755615,100.32693805000002
SFTP,Low,validation,50,76.237624,82.5154819
SFTP,Medium,train,50,81.509802,115.00528429999999
SFTP,Medium,validation,50,78.616611,85.384957
SFTP,High,train,50,66.303002,73.5947832
SFTP,High,validation,50,70.520957,76.9364155
SFTP,Low,train,100,165.52099149999998,194.98504685
SFTP,Low,validation,100,153.7078135,164.8768618
SFTP,Medium,train,100,165.735311,213.2540893
SFTP,Medium,validation,100,159.040814,168.911783
SFTP,High,train,100,132.144455,146.2058886
SFTP,High,validation,100,141.919885,151.210081
SMTP,Low,train,1,0.0,0.0
SMTP,Low,validation,1,0.0,0.0
SMTP,Medium,train,1,0.0,0.0
SMTP,Medium,validation,1,0.0,0.0
SMTP,High,train,1,0.0,0.0
SMTP,High,validation,1,0.0,0.0
SMTP,Low,train,3,4.664042,5.540218199999998
SMTP,Low,validation,3,5.0803270000000005,5.974640549999999
SMTP,Medium,train,3,4.959702,8.3717598
SMTP,Medium,validation,3,3.4935615,7.1103164500000045
SMTP,High,train,3,3.978467,5.956529199999999
SMTP,High,validation,3,4.0746405,6.2749715499999965
SMTP,Low,train,5,9.315327,10.9289097
SMTP,Low,validation,5,10.058552500000001,13.309370549999999
SMTP,Medium,train,5,9.7909,15.688478099999992
SMTP,Medium,validation,5,7.1391295,12.0693786
SMTP,High,train,5,8.518045,11.7943762
SMTP,High,validation,5,8.831194,11.831907549999992
SMTP,Low,train,10,20.969917,24.6684067
SMTP,Low,validation,10,22.340121,29.221186399999993
SMTP,Medium,train,10,21.979568,31.736629549999996
SMTP,Medium,validation,10,16.6088605,23.2087177
SMTP,High,train,10,19.071792,25.0312874
SMTP,High,validation,10,19.661248,24.319329949999997
SMTP,Low,train,20,44.320531,53.4959548
SMTP,Low,validation,20,47.4161415,57.693489
SMTP,Medium,train,20,47.277809500000004,62.030720849999994
SMTP,Medium,validation,20,35.890813,45.40993340000001
SMTP,High,train,20,41.096733,48.6060782
SMTP,High,validation,20,41.2812105,48.36257555
SMTP,Low,train,50,114.60969,130.95505169999998
SMTP,Low,validation,50,122.8953955,133.4412594
SMTP,Medium,train,50,123.2624625,147.7109195
SMTP,Medium,validation,50,93.19303500000001,109.18534000000001
SMTP,High,train,50,105.776752,118.8059408
SMTP,High,validation,50,107.6521345,117.54026189999999
SMTP,Low,train,100,231.77865,259.4778124
SMTP,Low,validation,100,248.74111499999998,266.13098095000004
SMTP,Medium,train,100,250.898809,277.66224455
SMTP,Medium,validation,100,188.0754075,211.198477
SMTP,High,train,100,212.882863,233.2411546
SMTP,High,validation,100,217.519374,233.5367285
SSH,Low,train,1,0.0,0.0
SSH,Low,validation,1,0.0,0.0
SSH,Medium,train,1,0.0,0.0
SSH,Medium,validation,1,0.0,0.0
SSH,High,train,1,0.0,0.0
SSH,High,validation,1,0.0,0.0
SSH,Low,train,3,3.479228,4.777605999999999
SSH,Low,validation,3,3.417422,4.726163099999999
SSH,Medium,train,3,3.181331,4.677525
SSH,Medium,validation,3,3.253457,4.4541271
SSH,High,train,3,2.99872,4.477939949999999
SSH,High,validation,3,3.05947,4.384039949999999
SSH,Low,train,5,6.984013,8.815927199999999
SSH,Low,validation,5,6.911515,8.7085413
SSH,Medium,train,5,6.335652,8.504712
SSH,Medium,validation,5,6.35055,8.0984149
SSH,High,train,5,6.0332115,7.95916395
SSH,High,validation,5,6.0402455,7.81958545
SSH,Low,train,10,15.758603,18.6035874
SSH,Low,validation,10,15.598402,18.396053999999996
SSH,Medium,train,10,14.422168,17.467736
SSH,Medium,validation,10,14.296539,16.836065899999998
SSH,High,train,10,13.6752945,16.37410515
SSH,High,validation,10,13.843704500000001,16.09500365
SSH,Low,train,20,33.427763,37.9872408
SSH,Low,validation,20,32.870649,37.5041114
SSH,Medium,train,20,30.378475,35.331263
SSH,Medium,validation,20,30.294514,33.935747400000004
SSH,High,train,20,29.045925500000003,32.4980953
SSH,High,validation,20,29.278016,32.2286285
SSH,Low,train,50,86.112602,95.411909
SSH,Low,validation,50,84.026061,93.2743698
SSH,Medium,train,50,78.686969,88.137506
SSH,Medium,validation,50,77.836077,84.62834269999999
SSH,High,train,50,75.2535895,79.7556629
SSH,High,validation,50,75.552688,80.44134109999999
SSH,Low,train,100,175.33974,189.4655152
SSH,Low,validation,100,172.385485,184.6024903
SSH,Medium,train,100,158.99722,175.386271
SSH,Medium,validation,100,158.573465,166.7728897
SSH,High,train,100,151.90788049999998,157.90688834999997
SSH,High,validation,100,153.0893555,158.2492892
Video,Low,train,1,0.0,0.0
Video,Low,validation,1,0.0,0.0
Video,Medium,train,1,0.0,0.0
Video,Medium,validation,1,0.0,0.0
Video,High,train,1,0.0,0.0
Video,High,validation,1,0.0,0.0
Video,Low,train,3,2.024021,10.218677799999998
Video,Low,validation,3,2.037814,10.1703048
Video,Medium,train,3,2.505909,9.824686400000001
Video,Medium,validation,3,2.5002815,9.464189000000001
Video,High,train,3,2.249976,9.6132055
Video,High,validation,3,2.307237,9.777888599999997
Video,Low,train,5,7.982737,13.3056048
Video,Low,validation,5,7.528230499999999,13.419271399999998
Video,Medium,train,5,7.562644,13.5348258
Video,Medium,validation,5,7.2303765,13.33739675
Video,High,train,5,7.042357,13.610623799999999
Video,High,validation,5,6.980226,13.817395799999993
Video,Low,train,10,16.571978,25.406257999999998
Video,Low,validation,10,16.337840999999997,25.113885649999997
Video,Medium,train,10,16.266614,24.9353148
Video,Medium,validation,10,15.686252,24.53140425
Video,High,train,10,15.795203,24.653055299999995
Video,High,validation,10,16.01098,24.093322799999996
Video,Low,train,20,36.669156,47.879311799999996
Video,Low,validation,20,36.379011500000004,45.577778099999996
Video,Medium,train,20,35.243135,47.56823559999997
Video,Medium,validation,20,34.7860545,45.417813499999994
Video,High,train,20,34.853321,44.475126
Video,High,validation,20,35.121758,43.146096
Video,Low,train,50,94.207478,114.672958
Video,Low,validation,50,93.85157849999999,106.85409994999999
Video,Medium,train,50,91.019515,118.8109614
Video,Medium,validation,50,89.6660005,106.03244775
Video,High,train,50,89.87367,105.6273092
Video,High,validation,50,90.148203,101.2217509
Video,Low,train,100,190.673178,220.09014379999996
Video,Low,validation,100,189.324219,204.69885015
Video,Medium,train,100,184.610775,230.3340058
Video,Medium,validation,100,179.30458700000003,206.786632
Video,High,train,100,181.61292,200.6426745
Video,High,validation,100,181.610987,197.6893886
