application,window,seed,partition,level,cluster,training_mapped_level,count
HTTP,1,0,train,Low,0,Low,382
HTTP,1,0,train,Low,1,High,27
HTTP,1,0,train,Low,2,Medium,21
HTTP,1,0,train,Medium,0,Low,334
HTTP,1,0,train,Medium,1,High,261
HTTP,1,0,train,Medium,2,Medium,38
HTTP,1,0,train,High,0,Low,230
HTTP,1,0,train,High,1,High,369
HTTP,1,0,train,High,2,Medium,114
HTTP,1,0,validation,Low,0,Low,415
HTTP,1,0,validation,Low,1,High,4
HTTP,1,0,validation,Low,2,Medium,0
HTTP,1,0,validation,Medium,0,Low,309
HTTP,1,0,validation,Medium,1,High,456
HTTP,1,0,validation,Medium,2,Medium,40
HTTP,1,0,validation,High,0,Low,185
HTTP,1,0,validation,High,1,High,496
HTTP,1,0,validation,High,2,Medium,97
HTTP,1,21,train,Low,0,Low,381
HTTP,1,21,train,Low,1,High,28
HTTP,1,21,train,Low,2,Medium,21
HTTP,1,21,train,Medium,0,Low,324
HTTP,1,21,train,Medium,1,High,265
HTTP,1,21,train,Medium,2,Medium,44
HTTP,1,21,train,High,0,Low,220
HTTP,1,21,train,High,1,High,374
HTTP,1,21,train,High,2,Medium,119
HTTP,1,21,validation,Low,0,Low,407
HTTP,1,21,validation,Low,1,High,12
HTTP,1,21,validation,Low,2,Medium,0
HTTP,1,21,validation,Medium,0,Low,273
HTTP,1,21,validation,Medium,1,High,485
HTTP,1,21,validation,Medium,2,Medium,47
HTTP,1,21,validation,High,0,Low,146
HTTP,1,21,validation,High,1,High,525
HTTP,1,21,validation,High,2,Medium,107
HTTP,1,42,train,Low,0,Medium,21
HTTP,1,42,train,Low,1,Low,381
HTTP,1,42,train,Low,2,High,28
HTTP,1,42,train,Medium,0,Medium,43
HTTP,1,42,train,Medium,1,Low,330
HTTP,1,42,train,Medium,2,High,260
HTTP,1,42,train,High,0,Medium,119
HTTP,1,42,train,High,1,Low,225
HTTP,1,42,train,High,2,High,369
HTTP,1,42,validation,Low,0,Medium,0
HTTP,1,42,validation,Low,1,Low,413
HTTP,1,42,validation,Low,2,High,6
HTTP,1,42,validation,Medium,0,Medium,46
HTTP,1,42,validation,Medium,1,Low,289
HTTP,1,42,validation,Medium,2,High,470
HTTP,1,42,validation,High,0,Medium,105
HTTP,1,42,validation,High,1,Low,158
HTTP,1,42,validation,High,2,High,515
HTTP,1,84,train,Low,0,High,31
HTTP,1,84,train,Low,1,Low,378
HTTP,1,84,train,Low,2,Medium,21
HTTP,1,84,train,Medium,0,High,281
HTTP,1,84,train,Medium,1,Low,302
HTTP,1,84,train,Medium,2,Medium,50
HTTP,1,84,train,High,0,High,396
HTTP,1,84,train,High,1,Low,196
HTTP,1,84,train,High,2,Medium,121
HTTP,1,84,validation,Low,0,High,23
HTTP,1,84,validation,Low,1,Low,396
HTTP,1,84,validation,Low,2,Medium,0
HTTP,1,84,validation,Medium,0,High,515
HTTP,1,84,validation,Medium,1,Low,237
HTTP,1,84,validation,Medium,2,Medium,53
HTTP,1,84,validation,High,0,High,527
HTTP,1,84,validation,High,1,Low,134
HTTP,1,84,validation,High,2,Medium,117
HTTP,1,123,train,Low,0,Low,381
HTTP,1,123,train,Low,1,Medium,21
HTTP,1,123,train,Low,2,High,28
HTTP,1,123,train,Medium,0,Low,322
HTTP,1,123,train,Medium,1,Medium,50
HTTP,1,123,train,Medium,2,High,261
HTTP,1,123,train,High,0,Low,214
HTTP,1,123,train,High,1,Medium,121
HTTP,1,123,train,High,2,High,378
HTTP,1,123,validation,Low,0,Low,407
HTTP,1,123,validation,Low,1,Medium,0
HTTP,1,123,validation,Low,2,High,12
HTTP,1,123,validation,Medium,0,Low,264
HTTP,1,123,validation,Medium,1,Medium,53
HTTP,1,123,validation,Medium,2,High,488
HTTP,1,123,validation,High,0,Low,146
HTTP,1,123,validation,High,1,Medium,117
HTTP,1,123,validation,High,2,High,515
HTTP,3,0,train,Low,0,Medium,24
HTTP,3,0,train,Low,1,High,33
HTTP,3,0,train,Low,2,Low,373
HTTP,3,0,train,Medium,0,Medium,45
HTTP,3,0,train,Medium,1,High,311
HTTP,3,0,train,Medium,2,Low,277
HTTP,3,0,train,High,0,Medium,125
HTTP,3,0,train,High,1,High,450
HTTP,3,0,train,High,2,Low,138
HTTP,3,0,validation,Low,0,Medium,0
HTTP,3,0,validation,Low,1,High,19
HTTP,3,0,validation,Low,2,Low,400
HTTP,3,0,validation,Medium,0,Medium,47
HTTP,3,0,validation,Medium,1,High,578
HTTP,3,0,validation,Medium,2,Low,180
HTTP,3,0,validation,High,0,Medium,127
HTTP,3,0,validation,High,1,High,569
HTTP,3,0,validation,High,2,Low,82
HTTP,3,21,train,Low,0,Low,373
HTTP,3,21,train,Low,1,Medium,24
HTTP,3,21,train,Low,2,High,33
HTTP,3,21,train,Medium,0,Low,278
HTTP,3,21,train,Medium,1,Medium,45
HTTP,3,21,train,Medium,2,High,310
HTTP,3,21,train,High,0,Low,138
HTTP,3,21,train,High,1,Medium,125
HTTP,3,21,train,High,2,High,450
HTTP,3,21,validation,Low,0,Low,400
HTTP,3,21,validation,Low,1,Medium,0
HTTP,3,21,validation,Low,2,High,19
HTTP,3,21,validation,Medium,0,Low,180
HTTP,3,21,validation,Medium,1,Medium,52
HTTP,3,21,validation,Medium,2,High,573
HTTP,3,21,validation,High,0,Low,84
HTTP,3,21,validation,High,1,Medium,128
HTTP,3,21,validation,High,2,High,566
HTTP,3,42,train,Low,0,Low,372
HTTP,3,42,train,Low,1,Medium,25
HTTP,3,42,train,Low,2,High,33
HTTP,3,42,train,Medium,0,Low,267
HTTP,3,42,train,Medium,1,Medium,56
HTTP,3,42,train,Medium,2,High,310
HTTP,3,42,train,High,0,Low,130
HTTP,3,42,train,High,1,Medium,133
HTTP,3,42,train,High,2,High,450
HTTP,3,42,validation,Low,0,Low,399
HTTP,3,42,validation,Low,1,Medium,0
HTTP,3,42,validation,Low,2,High,20
HTTP,3,42,validation,Medium,0,Low,156
HTTP,3,42,validation,Medium,1,Medium,58
HTTP,3,42,validation,Medium,2,High,591
HTTP,3,42,validation,High,0,Low,74
HTTP,3,42,validation,High,1,Medium,143
HTTP,3,42,validation,High,2,High,561
HTTP,3,84,train,Low,0,High,25
HTTP,3,84,train,Low,1,Low,381
HTTP,3,84,train,Low,2,Medium,24
HTTP,3,84,train,Medium,0,High,273
HTTP,3,84,train,Medium,1,Low,316
HTTP,3,84,train,Medium,2,Medium,44
HTTP,3,84,train,High,0,High,392
HTTP,3,84,train,High,1,Low,197
HTTP,3,84,train,High,2,Medium,124
HTTP,3,84,validation,Low,0,High,5
HTTP,3,84,validation,Low,1,Low,414
HTTP,3,84,validation,Low,2,Medium,0
HTTP,3,84,validation,Medium,0,High,532
HTTP,3,84,validation,Medium,1,Low,231
HTTP,3,84,validation,Medium,2,Medium,42
HTTP,3,84,validation,High,0,High,520
HTTP,3,84,validation,High,1,Low,138
HTTP,3,84,validation,High,2,Medium,120
HTTP,3,123,train,Low,0,Low,373
HTTP,3,123,train,Low,1,High,33
HTTP,3,123,train,Low,2,Medium,24
HTTP,3,123,train,Medium,0,Low,282
HTTP,3,123,train,Medium,1,High,306
HTTP,3,123,train,Medium,2,Medium,45
HTTP,3,123,train,High,0,Low,143
HTTP,3,123,train,High,1,High,445
HTTP,3,123,train,High,2,Medium,125
HTTP,3,123,validation,Low,0,Low,405
HTTP,3,123,validation,Low,1,High,14
HTTP,3,123,validation,Low,2,Medium,0
HTTP,3,123,validation,Medium,0,Low,188
HTTP,3,123,validation,Medium,1,High,569
HTTP,3,123,validation,Medium,2,Medium,48
HTTP,3,123,validation,High,0,Low,99
HTTP,3,123,validation,High,1,High,547
HTTP,3,123,validation,High,2,Medium,132
HTTP,5,0,train,Low,0,High,27
HTTP,5,0,train,Low,1,Medium,25
HTTP,5,0,train,Low,2,Low,378
HTTP,5,0,train,Medium,0,High,280
HTTP,5,0,train,Medium,1,Medium,45
HTTP,5,0,train,Medium,2,Low,308
HTTP,5,0,train,High,0,High,404
HTTP,5,0,train,High,1,Medium,123
HTTP,5,0,train,High,2,Low,186
HTTP,5,0,validation,Low,0,High,2
HTTP,5,0,validation,Low,1,Medium,0
HTTP,5,0,validation,Low,2,Low,417
HTTP,5,0,validation,Medium,0,High,579
HTTP,5,0,validation,Medium,1,Medium,38
HTTP,5,0,validation,Medium,2,Low,188
HTTP,5,0,validation,High,0,High,549
HTTP,5,0,validation,High,1,Medium,130
HTTP,5,0,validation,High,2,Low,99
HTTP,5,21,train,Low,0,Low,369
HTTP,5,21,train,Low,1,Medium,25
HTTP,5,21,train,Low,2,High,36
HTTP,5,21,train,Medium,0,Low,276
HTTP,5,21,train,Medium,1,Medium,48
HTTP,5,21,train,Medium,2,High,309
HTTP,5,21,train,High,0,Low,127
HTTP,5,21,train,High,1,Medium,130
HTTP,5,21,train,High,2,High,456
HTTP,5,21,validation,Low,0,Low,409
HTTP,5,21,validation,Low,1,Medium,0
HTTP,5,21,validation,Low,2,High,10
HTTP,5,21,validation,Medium,0,Low,155
HTTP,5,21,validation,Medium,1,Medium,47
HTTP,5,21,validation,Medium,2,High,603
HTTP,5,21,validation,High,0,Low,72
HTTP,5,21,validation,High,1,Medium,134
HTTP,5,21,validation,High,2,High,572
HTTP,5,42,train,Low,0,Medium,25
HTTP,5,42,train,Low,1,Low,378
HTTP,5,42,train,Low,2,High,27
HTTP,5,42,train,Medium,0,Medium,46
HTTP,5,42,train,Medium,1,Low,319
HTTP,5,42,train,Medium,2,High,268
HTTP,5,42,train,High,0,Medium,129
HTTP,5,42,train,High,1,Low,196
HTTP,5,42,train,High,2,High,388
HTTP,5,42,validation,Low,0,Medium,0
HTTP,5,42,validation,Low,1,Low,417
HTTP,5,42,validation,Low,2,High,2
HTTP,5,42,validation,Medium,0,Medium,40
HTTP,5,42,validation,Medium,1,Low,205
HTTP,5,42,validation,Medium,2,High,560
HTTP,5,42,validation,High,0,Medium,132
HTTP,5,42,validation,High,1,Low,110
HTTP,5,42,validation,High,2,High,536
HTTP,5,84,train,Low,0,Low,381
HTTP,5,84,train,Low,1,Medium,25
HTTP,5,84,train,Low,2,High,24
HTTP,5,84,train,Medium,0,Low,351
HTTP,5,84,train,Medium,1,Medium,45
HTTP,5,84,train,Medium,2,High,237
HTTP,5,84,train,High,0,Low,236
HTTP,5,84,train,High,1,Medium,121
HTTP,5,84,train,High,2,High,356
HTTP,5,84,validation,Low,0,Low,419
HTTP,5,84,validation,Low,1,Medium,0
HTTP,5,84,validation,Low,2,High,0
HTTP,5,84,validation,Medium,0,Low,254
HTTP,5,84,validation,Medium,1,Medium,35
HTTP,5,84,validation,Medium,2,High,516
HTTP,5,84,validation,High,0,Low,147
HTTP,5,84,validation,High,1,Medium,124
HTTP,5,84,validation,High,2,High,507
HTTP,5,123,train,Low,0,Medium,25
HTTP,5,123,train,Low,1,High,36
HTTP,5,123,train,Low,2,Low,369
HTTP,5,123,train,Medium,0,Medium,48
HTTP,5,123,train,Medium,1,High,309
HTTP,5,123,train,Medium,2,Low,276
HTTP,5,123,train,High,0,Medium,131
HTTP,5,123,train,High,1,High,457
HTTP,5,123,train,High,2,Low,125
HTTP,5,123,validation,Low,0,Medium,0
HTTP,5,123,validation,Low,1,High,10
HTTP,5,123,validation,Low,2,Low,409
HTTP,5,123,validation,Medium,0,Medium,47
HTTP,5,123,validation,Medium,1,High,602
HTTP,5,123,validation,Medium,2,Low,156
HTTP,5,123,validation,High,0,Medium,137
HTTP,5,123,validation,High,1,High,570
HTTP,5,123,validation,High,2,Low,71
HTTP,10,0,train,Low,0,High,35
HTTP,10,0,train,Low,1,Medium,20
HTTP,10,0,train,Low,2,Low,375
HTTP,10,0,train,Medium,0,High,285
HTTP,10,0,train,Medium,1,Medium,49
HTTP,10,0,train,Medium,2,Low,299
HTTP,10,0,train,High,0,High,425
HTTP,10,0,train,High,1,Medium,122
HTTP,10,0,train,High,2,Low,166
HTTP,10,0,validation,Low,0,High,0
HTTP,10,0,validation,Low,1,Medium,0
HTTP,10,0,validation,Low,2,Low,419
HTTP,10,0,validation,Medium,0,High,622
HTTP,10,0,validation,Medium,1,Medium,25
HTTP,10,0,validation,Medium,2,Low,158
HTTP,10,0,validation,High,0,High,582
HTTP,10,0,validation,High,1,Medium,150
HTTP,10,0,validation,High,2,Low,46
HTTP,10,21,train,Low,0,Low,387
HTTP,10,21,train,Low,1,High,24
HTTP,10,21,train,Low,2,Medium,19
HTTP,10,21,train,Medium,0,Low,474
HTTP,10,21,train,Medium,1,High,137
HTTP,10,21,train,Medium,2,Medium,22
HTTP,10,21,train,High,0,Low,360
HTTP,10,21,train,High,1,High,266
HTTP,10,21,train,High,2,Medium,87
HTTP,10,21,validation,Low,0,Low,419
HTTP,10,21,validation,Low,1,High,0
HTTP,10,21,validation,Low,2,Medium,0
HTTP,10,21,validation,Medium,0,Low,480
HTTP,10,21,validation,Medium,1,High,313
HTTP,10,21,validation,Medium,2,Medium,12
HTTP,10,21,validation,High,0,Low,355
HTTP,10,21,validation,High,1,High,318
HTTP,10,21,validation,High,2,Medium,105
HTTP,10,42,train,Low,0,Medium,19
HTTP,10,42,train,Low,1,High,26
HTTP,10,42,train,Low,2,Low,385
HTTP,10,42,train,Medium,0,Medium,27
HTTP,10,42,train,Medium,1,High,186
HTTP,10,42,train,Medium,2,Low,420
HTTP,10,42,train,High,0,Medium,100
HTTP,10,42,train,High,1,High,304
HTTP,10,42,train,High,2,Low,309
HTTP,10,42,validation,Low,0,Medium,0
HTTP,10,42,validation,Low,1,High,0
HTTP,10,42,validation,Low,2,Low,419
HTTP,10,42,validation,Medium,0,Medium,12
HTTP,10,42,validation,Medium,1,High,446
HTTP,10,42,validation,Medium,2,Low,347
HTTP,10,42,validation,High,0,Medium,126
HTTP,10,42,validation,High,1,High,428
HTTP,10,42,validation,High,2,Low,224
HTTP,10,84,train,Low,0,Medium,24
HTTP,10,84,train,Low,1,High,35
HTTP,10,84,train,Low,2,Low,371
HTTP,10,84,train,Medium,0,Medium,51
HTTP,10,84,train,Medium,1,High,296
HTTP,10,84,train,Medium,2,Low,286
HTTP,10,84,train,High,0,Medium,142
HTTP,10,84,train,High,1,High,420
HTTP,10,84,train,High,2,Low,151
HTTP,10,84,validation,Low,0,Medium,0
HTTP,10,84,validation,Low,1,High,2
HTTP,10,84,validation,Low,2,Low,417
HTTP,10,84,validation,Medium,0,Medium,31
HTTP,10,84,validation,Medium,1,High,644
HTTP,10,84,validation,Medium,2,Low,130
HTTP,10,84,validation,High,0,Medium,159
HTTP,10,84,validation,High,1,High,583
HTTP,10,84,validation,High,2,Low,36
HTTP,10,123,train,Low,0,Low,378
HTTP,10,123,train,Low,1,High,32
HTTP,10,123,train,Low,2,Medium,20
HTTP,10,123,train,Medium,0,Low,309
HTTP,10,123,train,Medium,1,High,273
HTTP,10,123,train,Medium,2,Medium,51
HTTP,10,123,train,High,0,Low,181
HTTP,10,123,train,High,1,High,399
HTTP,10,123,train,High,2,Medium,133
HTTP,10,123,validation,Low,0,Low,419
HTTP,10,123,validation,Low,1,High,0
HTTP,10,123,validation,Low,2,Medium,0
HTTP,10,123,validation,Medium,0,Low,166
HTTP,10,123,validation,Medium,1,High,613
HTTP,10,123,validation,Medium,2,Medium,26
HTTP,10,123,validation,High,0,Low,55
HTTP,10,123,validation,High,1,High,566
HTTP,10,123,validation,High,2,Medium,157
HTTP,20,0,train,Low,0,Medium,19
HTTP,20,0,train,Low,1,Low,377
HTTP,20,0,train,Low,2,High,34
HTTP,20,0,train,Medium,0,Medium,48
HTTP,20,0,train,Medium,1,Low,302
HTTP,20,0,train,Medium,2,High,283
HTTP,20,0,train,High,0,Medium,129
HTTP,20,0,train,High,1,Low,181
HTTP,20,0,train,High,2,High,403
HTTP,20,0,validation,Low,0,Medium,0
HTTP,20,0,validation,Low,1,Low,419
HTTP,20,0,validation,Low,2,High,0
HTTP,20,0,validation,Medium,0,Medium,22
HTTP,20,0,validation,Medium,1,Low,119
HTTP,20,0,validation,Medium,2,High,664
HTTP,20,0,validation,High,0,Medium,190
HTTP,20,0,validation,High,1,Low,17
HTTP,20,0,validation,High,2,High,571
HTTP,20,21,train,Low,0,Low,391
HTTP,20,21,train,Low,1,High,23
HTTP,20,21,train,Low,2,Medium,16
HTTP,20,21,train,Medium,0,Low,467
HTTP,20,21,train,Medium,1,High,153
HTTP,20,21,train,Medium,2,Medium,13
HTTP,20,21,train,High,0,Low,361
HTTP,20,21,train,High,1,High,291
HTTP,20,21,train,High,2,Medium,61
HTTP,20,21,validation,Low,0,Low,419
HTTP,20,21,validation,Low,1,High,0
HTTP,20,21,validation,Low,2,Medium,0
HTTP,20,21,validation,Medium,0,Low,528
HTTP,20,21,validation,Medium,1,High,277
HTTP,20,21,validation,Medium,2,Medium,0
HTTP,20,21,validation,High,0,Low,355
HTTP,20,21,validation,High,1,High,328
HTTP,20,21,validation,High,2,Medium,95
HTTP,20,42,train,Low,0,Low,378
HTTP,20,42,train,Low,1,Medium,19
HTTP,20,42,train,Low,2,High,33
HTTP,20,42,train,Medium,0,Low,306
HTTP,20,42,train,Medium,1,Medium,48
HTTP,20,42,train,Medium,2,High,279
HTTP,20,42,train,High,0,Low,188
HTTP,20,42,train,High,1,Medium,128
HTTP,20,42,train,High,2,High,397
HTTP,20,42,validation,Low,0,Low,419
HTTP,20,42,validation,Low,1,Medium,0
HTTP,20,42,validation,Low,2,High,0
HTTP,20,42,validation,Medium,0,Low,125
HTTP,20,42,validation,Medium,1,Medium,21
HTTP,20,42,validation,Medium,2,High,659
HTTP,20,42,validation,High,0,Low,19
HTTP,20,42,validation,High,1,Medium,176
HTTP,20,42,validation,High,2,High,583
HTTP,20,84,train,Low,0,Medium,19
HTTP,20,84,train,Low,1,Low,387
HTTP,20,84,train,Low,2,High,24
HTTP,20,84,train,Medium,0,Medium,27
HTTP,20,84,train,Medium,1,Low,427
HTTP,20,84,train,Medium,2,High,179
HTTP,20,84,train,High,0,Medium,81
HTTP,20,84,train,High,1,Low,307
HTTP,20,84,train,High,2,High,325
HTTP,20,84,validation,Low,0,Medium,0
HTTP,20,84,validation,Low,1,Low,419
HTTP,20,84,validation,Low,2,High,0
HTTP,20,84,validation,Medium,0,Medium,10
HTTP,20,84,validation,Medium,1,Low,353
HTTP,20,84,validation,Medium,2,High,442
HTTP,20,84,validation,High,0,Medium,131
HTTP,20,84,validation,High,1,Low,201
HTTP,20,84,validation,High,2,High,446
HTTP,20,123,train,Low,0,Medium,22
HTTP,20,123,train,Low,1,High,38
HTTP,20,123,train,Low,2,Low,370
HTTP,20,123,train,Medium,0,Medium,48
HTTP,20,123,train,Medium,1,High,321
HTTP,20,123,train,Medium,2,Low,264
HTTP,20,123,train,High,0,Medium,131
HTTP,20,123,train,High,1,High,440
HTTP,20,123,train,High,2,Low,142
HTTP,20,123,validation,Low,0,Medium,0
HTTP,20,123,validation,Low,1,High,0
HTTP,20,123,validation,Low,2,Low,419
HTTP,20,123,validation,Medium,0,Medium,22
HTTP,20,123,validation,Medium,1,High,714
HTTP,20,123,validation,Medium,2,Low,69
HTTP,20,123,validation,High,0,Medium,195
HTTP,20,123,validation,High,1,High,580
HTTP,20,123,validation,High,2,Low,3
SFTP,1,0,train,Low,0,Low,2212
SFTP,1,0,train,Low,1,Medium,41
SFTP,1,0,train,Low,2,High,432
SFTP,1,0,train,Medium,0,Low,1342
SFTP,1,0,train,Medium,1,Medium,341
SFTP,1,0,train,Medium,2,High,547
SFTP,1,0,train,High,0,Low,407
SFTP,1,0,train,High,1,Medium,1073
SFTP,1,0,train,High,2,High,1815
SFTP,1,0,validation,Low,0,Low,679
SFTP,1,0,validation,Low,1,Medium,38
SFTP,1,0,validation,Low,2,High,292
SFTP,1,0,validation,Medium,0,Low,572
SFTP,1,0,validation,Medium,1,Medium,109
SFTP,1,0,validation,Medium,2,High,244
SFTP,1,0,validation,High,0,Low,59
SFTP,1,0,validation,High,1,Medium,541
SFTP,1,0,validation,High,2,High,496
SFTP,1,21,train,Low,0,Low,2225
SFTP,1,21,train,Low,1,Medium,41
SFTP,1,21,train,Low,2,High,419
SFTP,1,21,train,Medium,0,Low,1347
SFTP,1,21,train,Medium,1,Medium,339
SFTP,1,21,train,Medium,2,High,544
SFTP,1,21,train,High,0,Low,414
SFTP,1,21,train,High,1,Medium,1060
SFTP,1,21,train,High,2,High,1821
SFTP,1,21,validation,Low,0,Low,687
SFTP,1,21,validation,Low,1,Medium,33
SFTP,1,21,validation,Low,2,High,289
SFTP,1,21,validation,Medium,0,Low,577
SFTP,1,21,validation,Medium,1,Medium,100
SFTP,1,21,validation,Medium,2,High,248
SFTP,1,21,validation,High,0,Low,59
SFTP,1,21,validation,High,1,Medium,520
SFTP,1,21,validation,High,2,High,517
SFTP,1,42,train,Low,0,High,352
SFTP,1,42,train,Low,1,Low,2292
SFTP,1,42,train,Low,2,Medium,41
SFTP,1,42,train,Medium,0,High,439
SFTP,1,42,train,Medium,1,Low,1497
SFTP,1,42,train,Medium,2,Medium,294
SFTP,1,42,train,High,0,High,2189
SFTP,1,42,train,High,1,Low,493
SFTP,1,42,train,High,2,Medium,613
SFTP,1,42,validation,Low,0,High,225
SFTP,1,42,validation,Low,1,Low,771
SFTP,1,42,validation,Low,2,Medium,13
SFTP,1,42,validation,Medium,0,High,214
SFTP,1,42,validation,Medium,1,Low,611
SFTP,1,42,validation,Medium,2,Medium,100
SFTP,1,42,validation,High,0,High,541
SFTP,1,42,validation,High,1,Low,82
SFTP,1,42,validation,High,2,Medium,473
SFTP,1,84,train,Low,0,Low,2231
SFTP,1,84,train,Low,1,Medium,41
SFTP,1,84,train,Low,2,High,413
SFTP,1,84,train,Medium,0,Low,1351
SFTP,1,84,train,Medium,1,Medium,334
SFTP,1,84,train,Medium,2,High,545
SFTP,1,84,train,High,0,Low,425
SFTP,1,84,train,High,1,Medium,1072
SFTP,1,84,train,High,2,High,1798
SFTP,1,84,validation,Low,0,Low,713
SFTP,1,84,validation,Low,1,Medium,38
SFTP,1,84,validation,Low,2,High,258
SFTP,1,84,validation,Medium,0,Low,579
SFTP,1,84,validation,Medium,1,Medium,106
SFTP,1,84,validation,Medium,2,High,240
SFTP,1,84,validation,High,0,Low,63
SFTP,1,84,validation,High,1,Medium,533
SFTP,1,84,validation,High,2,High,500
SFTP,1,123,train,Low,0,Low,2323
SFTP,1,123,train,Low,1,Medium,41
SFTP,1,123,train,Low,2,High,321
SFTP,1,123,train,Medium,0,Low,1526
SFTP,1,123,train,Medium,1,Medium,305
SFTP,1,123,train,Medium,2,High,399
SFTP,1,123,train,High,0,Low,536
SFTP,1,123,train,High,1,Medium,590
SFTP,1,123,train,High,2,High,2169
SFTP,1,123,validation,Low,0,Low,801
SFTP,1,123,validation,Low,1,Medium,13
SFTP,1,123,validation,Low,2,High,195
SFTP,1,123,validation,Medium,0,Low,632
SFTP,1,123,validation,Medium,1,Medium,97
SFTP,1,123,validation,Medium,2,High,196
SFTP,1,123,validation,High,0,Low,100
SFTP,1,123,validation,High,1,Medium,473
SFTP,1,123,validation,High,2,High,523
SFTP,3,0,train,Low,0,Medium,40
SFTP,3,0,train,Low,1,Low,2296
SFTP,3,0,train,Low,2,High,349
SFTP,3,0,train,Medium,0,Medium,328
SFTP,3,0,train,Medium,1,Low,1359
SFTP,3,0,train,Medium,2,High,543
SFTP,3,0,train,High,0,Medium,1013
SFTP,3,0,train,High,1,Low,349
SFTP,3,0,train,High,2,High,1933
SFTP,3,0,validation,Low,0,Medium,35
SFTP,3,0,validation,Low,1,Low,757
SFTP,3,0,validation,Low,2,High,217
SFTP,3,0,validation,Medium,0,Medium,111
SFTP,3,0,validation,Medium,1,Low,577
SFTP,3,0,validation,Medium,2,High,237
SFTP,3,0,validation,High,0,Medium,553
SFTP,3,0,validation,High,1,Low,45
SFTP,3,0,validation,High,2,High,498
SFTP,3,21,train,Low,0,Low,2484
SFTP,3,21,train,Low,1,High,139
SFTP,3,21,train,Low,2,Medium,62
SFTP,3,21,train,Medium,0,Low,1631
SFTP,3,21,train,Medium,1,High,430
SFTP,3,21,train,Medium,2,Medium,169
SFTP,3,21,train,High,0,Low,718
SFTP,3,21,train,High,1,High,2214
SFTP,3,21,train,High,2,Medium,363
SFTP,3,21,validation,Low,0,Low,884
SFTP,3,21,validation,Low,1,High,88
SFTP,3,21,validation,Low,2,Medium,37
SFTP,3,21,validation,Medium,0,Low,703
SFTP,3,21,validation,Medium,1,High,165
SFTP,3,21,validation,Medium,2,Medium,57
SFTP,3,21,validation,High,0,Low,125
SFTP,3,21,validation,High,1,High,800
SFTP,3,21,validation,High,2,Medium,171
SFTP,3,42,train,Low,0,Low,2422
SFTP,3,42,train,Low,1,High,227
SFTP,3,42,train,Low,2,Medium,36
SFTP,3,42,train,Medium,0,Low,1585
SFTP,3,42,train,Medium,1,High,378
SFTP,3,42,train,Medium,2,Medium,267
SFTP,3,42,train,High,0,Low,555
SFTP,3,42,train,High,1,High,2396
SFTP,3,42,train,High,2,Medium,344
SFTP,3,42,validation,Low,0,Low,846
SFTP,3,42,validation,Low,1,High,157
SFTP,3,42,validation,Low,2,Medium,6
SFTP,3,42,validation,Medium,0,Low,670
SFTP,3,42,validation,Medium,1,High,167
SFTP,3,42,validation,Medium,2,Medium,88
SFTP,3,42,validation,High,0,Low,98
SFTP,3,42,validation,High,1,High,567
SFTP,3,42,validation,High,2,Medium,431
SFTP,3,84,train,Low,0,Low,2409
SFTP,3,84,train,Low,1,Medium,36
SFTP,3,84,train,Low,2,High,240
SFTP,3,84,train,Medium,0,Low,1572
SFTP,3,84,train,Medium,1,Medium,268
SFTP,3,84,train,Medium,2,High,390
SFTP,3,84,train,High,0,Low,531
SFTP,3,84,train,High,1,Medium,411
SFTP,3,84,train,High,2,High,2353
SFTP,3,84,validation,Low,0,Low,833
SFTP,3,84,validation,Low,1,Medium,8
SFTP,3,84,validation,Low,2,High,168
SFTP,3,84,validation,Medium,0,Low,664
SFTP,3,84,validation,Medium,1,Medium,83
SFTP,3,84,validation,Medium,2,High,178
SFTP,3,84,validation,High,0,Low,93
SFTP,3,84,validation,High,1,Medium,434
SFTP,3,84,validation,High,2,High,569
SFTP,3,123,train,Low,0,High,460
SFTP,3,123,train,Low,1,Medium,46
SFTP,3,123,train,Low,2,Low,2179
SFTP,3,123,train,Medium,0,High,633
SFTP,3,123,train,Medium,1,Medium,347
SFTP,3,123,train,Medium,2,Low,1250
SFTP,3,123,train,High,0,High,1756
SFTP,3,123,train,High,1,Medium,1244
SFTP,3,123,train,High,2,Low,295
SFTP,3,123,validation,Low,0,High,300
SFTP,3,123,validation,Low,1,Medium,42
SFTP,3,123,validation,Low,2,Low,667
SFTP,3,123,validation,Medium,0,High,255
SFTP,3,123,validation,Medium,1,Medium,146
SFTP,3,123,validation,Medium,2,Low,524
SFTP,3,123,validation,High,0,High,393
SFTP,3,123,validation,High,1,Medium,661
SFTP,3,123,validation,High,2,Low,42
SFTP,5,0,train,Low,0,Low,2349
SFTP,5,0,train,Low,1,Medium,39
SFTP,5,0,train,Low,2,High,297
SFTP,5,0,train,Medium,0,Low,1410
SFTP,5,0,train,Medium,1,Medium,329
SFTP,5,0,train,Medium,2,High,491
SFTP,5,0,train,High,0,Low,285
SFTP,5,0,train,High,1,Medium,1096
SFTP,5,0,train,High,2,High,1914
SFTP,5,0,validation,Low,0,Low,779
SFTP,5,0,validation,Low,1,Medium,30
SFTP,5,0,validation,Low,2,High,200
SFTP,5,0,validation,Medium,0,Low,579
SFTP,5,0,validation,Medium,1,Medium,134
SFTP,5,0,validation,Medium,2,High,212
SFTP,5,0,validation,High,0,Low,30
SFTP,5,0,validation,High,1,Medium,569
SFTP,5,0,validation,High,2,High,497
SFTP,5,21,train,Low,0,Low,2290
SFTP,5,21,train,Low,1,High,57
SFTP,5,21,train,Low,2,Medium,338
SFTP,5,21,train,Medium,0,Low,1364
SFTP,5,21,train,Medium,1,High,326
SFTP,5,21,train,Medium,2,Medium,540
SFTP,5,21,train,High,0,Low,302
SFTP,5,21,train,High,1,High,1540
SFTP,5,21,train,High,2,Medium,1453
SFTP,5,21,validation,Low,0,Low,771
SFTP,5,21,validation,Low,1,High,37
SFTP,5,21,validation,Low,2,Medium,201
SFTP,5,21,validation,Medium,0,Low,586
SFTP,5,21,validation,Medium,1,High,131
SFTP,5,21,validation,Medium,2,Medium,208
SFTP,5,21,validation,High,0,Low,43
SFTP,5,21,validation,High,1,High,728
SFTP,5,21,validation,High,2,Medium,325
SFTP,5,42,train,Low,0,Medium,28
SFTP,5,42,train,Low,1,Low,2402
SFTP,5,42,train,Low,2,High,255
SFTP,5,42,train,Medium,0,Medium,305
SFTP,5,42,train,Medium,1,Low,1526
SFTP,5,42,train,Medium,2,High,399
SFTP,5,42,train,High,0,Medium,598
SFTP,5,42,train,High,1,Low,371
SFTP,5,42,train,High,2,High,2326
SFTP,5,42,validation,Low,0,Medium,9
SFTP,5,42,validation,Low,1,Low,811
SFTP,5,42,validation,Low,2,High,189
SFTP,5,42,validation,Medium,0,Medium,95
SFTP,5,42,validation,Medium,1,Low,637
SFTP,5,42,validation,Medium,2,High,193
SFTP,5,42,validation,High,0,Medium,496
SFTP,5,42,validation,High,1,Low,60
SFTP,5,42,validation,High,2,High,540
SFTP,5,84,train,Low,0,Low,2352
SFTP,5,84,train,Low,1,Medium,39
SFTP,5,84,train,Low,2,High,294
SFTP,5,84,train,Medium,0,Low,1475
SFTP,5,84,train,Medium,1,Medium,336
SFTP,5,84,train,Medium,2,High,419
SFTP,5,84,train,High,0,Low,316
SFTP,5,84,train,High,1,Medium,744
SFTP,5,84,train,High,2,High,2235
SFTP,5,84,validation,Low,0,Low,770
SFTP,5,84,validation,Low,1,Medium,19
SFTP,5,84,validation,Low,2,High,220
SFTP,5,84,validation,Medium,0,Low,607
SFTP,5,84,validation,Medium,1,Medium,105
SFTP,5,84,validation,Medium,2,High,213
SFTP,5,84,validation,High,0,Low,44
SFTP,5,84,validation,High,1,Medium,545
SFTP,5,84,validation,High,2,High,507
SFTP,5,123,train,Low,0,Medium,604
SFTP,5,123,train,Low,1,High,69
SFTP,5,123,train,Low,2,Low,2012
SFTP,5,123,train,Medium,0,Medium,744
SFTP,5,123,train,Medium,1,High,404
SFTP,5,123,train,Medium,2,Low,1082
SFTP,5,123,train,High,0,Medium,1684
SFTP,5,123,train,High,1,High,1455
SFTP,5,123,train,High,2,Low,156
SFTP,5,123,validation,Low,0,Medium,385
SFTP,5,123,validation,Low,1,High,45
SFTP,5,123,validation,Low,2,Low,579
SFTP,5,123,validation,Medium,0,Medium,338
SFTP,5,123,validation,Medium,1,High,160
SFTP,5,123,validation,Medium,2,Low,427
SFTP,5,123,validation,High,0,Medium,286
SFTP,5,123,validation,High,1,High,799
SFTP,5,123,validation,High,2,Low,11
SFTP,10,0,train,Low,0,Low,2548
SFTP,10,0,train,Low,1,Medium,74
SFTP,10,0,train,Low,2,High,63
SFTP,10,0,train,Medium,0,Low,1596
SFTP,10,0,train,Medium,1,Medium,427
SFTP,10,0,train,Medium,2,High,207
SFTP,10,0,train,High,0,Low,481
SFTP,10,0,train,High,1,Medium,672
SFTP,10,0,train,High,2,High,2142
SFTP,10,0,validation,Low,0,Low,893
SFTP,10,0,validation,Low,1,Medium,45
SFTP,10,0,validation,Low,2,High,71
SFTP,10,0,validation,Medium,0,Low,707
SFTP,10,0,validation,Medium,1,Medium,109
SFTP,10,0,validation,Medium,2,High,109
SFTP,10,0,validation,High,0,Low,61
SFTP,10,0,validation,High,1,Medium,413
SFTP,10,0,validation,High,2,High,622
SFTP,10,21,train,Low,0,Medium,45
SFTP,10,21,train,Low,1,Low,2249
SFTP,10,21,train,Low,2,High,391
SFTP,10,21,train,Medium,0,Medium,340
SFTP,10,21,train,Medium,1,Low,1302
SFTP,10,21,train,Medium,2,High,588
SFTP,10,21,train,High,0,Medium,1166
SFTP,10,21,train,High,1,Low,139
SFTP,10,21,train,High,2,High,1990
SFTP,10,21,validation,Low,0,Medium,22
SFTP,10,21,validation,Low,1,Low,742
SFTP,10,21,validation,Low,2,High,245
SFTP,10,21,validation,Medium,0,Medium,127
SFTP,10,21,validation,Medium,1,Low,520
SFTP,10,21,validation,Medium,2,High,278
SFTP,10,21,validation,High,0,Medium,713
SFTP,10,21,validation,High,1,Low,6
SFTP,10,21,validation,High,2,High,377
SFTP,10,42,train,Low,0,Low,2542
SFTP,10,42,train,Low,1,High,55
SFTP,10,42,train,Low,2,Medium,88
SFTP,10,42,train,Medium,0,Low,1574
SFTP,10,42,train,Medium,1,High,188
SFTP,10,42,train,Medium,2,Medium,468
SFTP,10,42,train,High,0,Low,449
SFTP,10,42,train,High,1,High,1930
SFTP,10,42,train,High,2,Medium,916
SFTP,10,42,validation,Low,0,Low,894
SFTP,10,42,validation,Low,1,High,55
SFTP,10,42,validation,Low,2,Medium,60
SFTP,10,42,validation,Medium,0,Low,695
SFTP,10,42,validation,Medium,1,High,103
SFTP,10,42,validation,Medium,2,Medium,127
SFTP,10,42,validation,High,0,Low,49
SFTP,10,42,validation,High,1,High,578
SFTP,10,42,validation,High,2,Medium,469
SFTP,10,84,train,Low,0,Low,2524
SFTP,10,84,train,Low,1,High,100
SFTP,10,84,train,Low,2,Medium,61
SFTP,10,84,train,Medium,0,Low,1583
SFTP,10,84,train,Medium,1,High,251
SFTP,10,84,train,Medium,2,Medium,396
SFTP,10,84,train,High,0,Low,419
SFTP,10,84,train,High,1,High,2325
SFTP,10,84,train,High,2,Medium,551
SFTP,10,84,validation,Low,0,Low,871
SFTP,10,84,validation,Low,1,High,103
SFTP,10,84,validation,Low,2,Medium,35
SFTP,10,84,validation,Medium,0,Low,705
SFTP,10,84,validation,Medium,1,High,124
SFTP,10,84,validation,Medium,2,Medium,96
SFTP,10,84,validation,High,0,Low,60
SFTP,10,84,validation,High,1,High,675
SFTP,10,84,validation,High,2,Medium,361
SFTP,10,123,train,Low,0,Medium,73
SFTP,10,123,train,Low,1,Low,2470
SFTP,10,123,train,Low,2,High,142
SFTP,10,123,train,Medium,0,Medium,510
SFTP,10,123,train,Medium,1,Low,1522
SFTP,10,123,train,Medium,2,High,198
SFTP,10,123,train,High,0,Medium,1061
SFTP,10,123,train,High,1,Low,327
SFTP,10,123,train,High,2,High,1907
SFTP,10,123,validation,Low,0,Medium,53
SFTP,10,123,validation,Low,1,Low,805
SFTP,10,123,validation,Low,2,High,151
SFTP,10,123,validation,Medium,0,Medium,167
SFTP,10,123,validation,Medium,1,Low,657
SFTP,10,123,validation,Medium,2,High,101
SFTP,10,123,validation,High,0,Medium,738
SFTP,10,123,validation,High,1,Low,44
SFTP,10,123,validation,High,2,High,314
SFTP,20,0,train,Low,0,Medium,84
SFTP,20,0,train,Low,1,Low,2440
SFTP,20,0,train,Low,2,High,161
SFTP,20,0,train,Medium,0,Medium,519
SFTP,20,0,train,Medium,1,Low,1438
SFTP,20,0,train,Medium,2,High,273
SFTP,20,0,train,High,0,Medium,771
SFTP,20,0,train,High,1,Low,153
SFTP,20,0,train,High,2,High,2371
SFTP,20,0,validation,Low,0,Medium,19
SFTP,20,0,validation,Low,1,Low,786
SFTP,20,0,validation,Low,2,High,204
SFTP,20,0,validation,Medium,0,Medium,160
SFTP,20,0,validation,Medium,1,Low,656
SFTP,20,0,validation,Medium,2,High,109
SFTP,20,0,validation,High,0,Medium,706
SFTP,20,0,validation,High,1,Low,8
SFTP,20,0,validation,High,2,High,382
SFTP,20,21,train,Low,0,Low,2514
SFTP,20,21,train,Low,1,Medium,113
SFTP,20,21,train,Low,2,High,58
SFTP,20,21,train,Medium,0,Low,1527
SFTP,20,21,train,Medium,1,Medium,611
SFTP,20,21,train,Medium,2,High,92
SFTP,20,21,train,High,0,Low,267
SFTP,20,21,train,High,1,Medium,1011
SFTP,20,21,train,High,2,High,2017
SFTP,20,21,validation,Low,0,Low,862
SFTP,20,21,validation,Low,1,Medium,67
SFTP,20,21,validation,Low,2,High,80
SFTP,20,21,validation,Medium,0,Low,689
SFTP,20,21,validation,Medium,1,Medium,171
SFTP,20,21,validation,Medium,2,High,65
SFTP,20,21,validation,High,0,Low,13
SFTP,20,21,validation,High,1,Medium,606
SFTP,20,21,validation,High,2,High,477
SFTP,20,42,train,Low,0,Low,2522
SFTP,20,42,train,Low,1,Medium,128
SFTP,20,42,train,Low,2,High,35
SFTP,20,42,train,Medium,0,Low,1531
SFTP,20,42,train,Medium,1,Medium,630
SFTP,20,42,train,Medium,2,High,69
SFTP,20,42,train,High,0,Low,364
SFTP,20,42,train,High,1,Medium,1278
SFTP,20,42,train,High,2,High,1653
SFTP,20,42,validation,Low,0,Low,885
SFTP,20,42,validation,Low,1,Medium,84
SFTP,20,42,validation,Low,2,High,40
SFTP,20,42,validation,Medium,0,Low,687
SFTP,20,42,validation,Medium,1,Medium,181
SFTP,20,42,validation,Medium,2,High,57
SFTP,20,42,validation,High,0,Low,22
SFTP,20,42,validation,High,1,Medium,674
SFTP,20,42,validation,High,2,High,400
SFTP,20,84,train,Low,0,Low,2516
SFTP,20,84,train,Low,1,Medium,117
SFTP,20,84,train,Low,2,High,52
SFTP,20,84,train,Medium,0,Low,1524
SFTP,20,84,train,Medium,1,Medium,598
SFTP,20,84,train,Medium,2,High,108
SFTP,20,84,train,High,0,Low,309
SFTP,20,84,train,High,1,Medium,1059
SFTP,20,84,train,High,2,High,1927
SFTP,20,84,validation,Low,0,Low,866
SFTP,20,84,validation,Low,1,Medium,74
SFTP,20,84,validation,Low,2,High,69
SFTP,20,84,validation,Medium,0,Low,686
SFTP,20,84,validation,Medium,1,Medium,176
SFTP,20,84,validation,Medium,2,High,63
SFTP,20,84,validation,High,0,Low,13
SFTP,20,84,validation,High,1,Medium,597
SFTP,20,84,validation,High,2,High,486
SFTP,20,123,train,Low,0,High,42
SFTP,20,123,train,Low,1,Low,2520
SFTP,20,123,train,Low,2,Medium,123
SFTP,20,123,train,Medium,0,High,80
SFTP,20,123,train,Medium,1,Low,1528
SFTP,20,123,train,Medium,2,Medium,622
SFTP,20,123,train,High,0,High,1780
SFTP,20,123,train,High,1,Low,346
SFTP,20,123,train,High,2,Medium,1169
SFTP,20,123,validation,Low,0,High,56
SFTP,20,123,validation,Low,1,Low,877
SFTP,20,123,validation,Low,2,Medium,76
SFTP,20,123,validation,Medium,0,High,61
SFTP,20,123,validation,Medium,1,Low,686
SFTP,20,123,validation,Medium,2,Medium,178
SFTP,20,123,validation,High,0,High,449
SFTP,20,123,validation,High,1,Low,21
SFTP,20,123,validation,High,2,Medium,626
SMTP,1,0,train,Low,0,High,24
SMTP,1,0,train,Low,1,Low,296
SMTP,1,0,train,Low,2,Medium,0
SMTP,1,0,train,Medium,0,High,258
SMTP,1,0,train,Medium,1,Low,501
SMTP,1,0,train,Medium,2,Medium,82
SMTP,1,0,train,High,0,High,540
SMTP,1,0,train,High,1,Low,271
SMTP,1,0,train,High,2,Medium,55
SMTP,1,0,validation,Low,0,High,140
SMTP,1,0,validation,Low,1,Low,242
SMTP,1,0,validation,Low,2,Medium,12
SMTP,1,0,validation,Medium,0,High,208
SMTP,1,0,validation,Medium,1,Low,37
SMTP,1,0,validation,Medium,2,Medium,119
SMTP,1,0,validation,High,0,High,201
SMTP,1,0,validation,High,1,Low,228
SMTP,1,0,validation,High,2,Medium,8
SMTP,1,21,train,Low,0,Medium,0
SMTP,1,21,train,Low,1,Low,296
SMTP,1,21,train,Low,2,High,24
SMTP,1,21,train,Medium,0,Medium,71
SMTP,1,21,train,Medium,1,Low,518
SMTP,1,21,train,Medium,2,High,252
SMTP,1,21,train,High,0,Medium,47
SMTP,1,21,train,High,1,Low,294
SMTP,1,21,train,High,2,High,525
SMTP,1,21,validation,Low,0,Medium,12
SMTP,1,21,validation,Low,1,Low,253
SMTP,1,21,validation,Low,2,High,129
SMTP,1,21,validation,Medium,0,Medium,100
SMTP,1,21,validation,Medium,1,Low,44
SMTP,1,21,validation,Medium,2,High,220
SMTP,1,21,validation,High,0,Medium,6
SMTP,1,21,validation,High,1,Low,239
SMTP,1,21,validation,High,2,High,192
SMTP,1,42,train,Low,0,Low,296
SMTP,1,42,train,Low,1,High,24
SMTP,1,42,train,Low,2,Medium,0
SMTP,1,42,train,Medium,0,Low,521
SMTP,1,42,train,Medium,1,High,249
SMTP,1,42,train,Medium,2,Medium,71
SMTP,1,42,train,High,0,Low,301
SMTP,1,42,train,High,1,High,520
SMTP,1,42,train,High,2,Medium,45
SMTP,1,42,validation,Low,0,Low,258
SMTP,1,42,validation,Low,1,High,127
SMTP,1,42,validation,Low,2,Medium,9
SMTP,1,42,validation,Medium,0,Low,47
SMTP,1,42,validation,Medium,1,High,226
SMTP,1,42,validation,Medium,2,Medium,91
SMTP,1,42,validation,High,0,Low,240
SMTP,1,42,validation,High,1,High,191
SMTP,1,42,validation,High,2,Medium,6
SMTP,1,84,train,Low,0,Medium,0
SMTP,1,84,train,Low,1,Low,296
SMTP,1,84,train,Low,2,High,24
SMTP,1,84,train,Medium,0,Medium,71
SMTP,1,84,train,Medium,1,Low,525
SMTP,1,84,train,Medium,2,High,245
SMTP,1,84,train,High,0,Medium,47
SMTP,1,84,train,High,1,Low,313
SMTP,1,84,train,High,2,High,506
SMTP,1,84,validation,Low,0,Medium,9
SMTP,1,84,validation,Low,1,Low,261
SMTP,1,84,validation,Low,2,High,124
SMTP,1,84,validation,Medium,0,Medium,98
SMTP,1,84,validation,Medium,1,Low,52
SMTP,1,84,validation,Medium,2,High,214
SMTP,1,84,validation,High,0,Medium,6
SMTP,1,84,validation,High,1,Low,251
SMTP,1,84,validation,High,2,High,180
SMTP,1,123,train,Low,0,Low,296
SMTP,1,123,train,Low,1,Medium,0
SMTP,1,123,train,Low,2,High,24
SMTP,1,123,train,Medium,0,Low,501
SMTP,1,123,train,Medium,1,Medium,78
SMTP,1,123,train,Medium,2,High,262
SMTP,1,123,train,High,0,Low,269
SMTP,1,123,train,High,1,Medium,55
SMTP,1,123,train,High,2,High,542
SMTP,1,123,validation,Low,0,Low,241
SMTP,1,123,validation,Low,1,Medium,12
SMTP,1,123,validation,Low,2,High,141
SMTP,1,123,validation,Medium,0,Low,37
SMTP,1,123,validation,Medium,1,Medium,114
SMTP,1,123,validation,Medium,2,High,213
SMTP,1,123,validation,High,0,Low,228
SMTP,1,123,validation,High,1,Medium,6
SMTP,1,123,validation,High,2,High,203
SMTP,3,0,train,Low,0,Medium,0
SMTP,3,0,train,Low,1,Low,285
SMTP,3,0,train,Low,2,High,35
SMTP,3,0,train,Medium,0,Medium,100
SMTP,3,0,train,Medium,1,Low,439
SMTP,3,0,train,Medium,2,High,302
SMTP,3,0,train,High,0,Medium,81
SMTP,3,0,train,High,1,Low,130
SMTP,3,0,train,High,2,High,655
SMTP,3,0,validation,Low,0,Medium,18
SMTP,3,0,validation,Low,1,Low,201
SMTP,3,0,validation,Low,2,High,175
SMTP,3,0,validation,Medium,0,Medium,165
SMTP,3,0,validation,Medium,1,Low,5
SMTP,3,0,validation,Medium,2,High,194
SMTP,3,0,validation,High,0,Medium,11
SMTP,3,0,validation,High,1,Low,170
SMTP,3,0,validation,High,2,High,256
SMTP,3,21,train,Low,0,High,24
SMTP,3,21,train,Low,1,Low,296
SMTP,3,21,train,Low,2,Medium,0
SMTP,3,21,train,Medium,0,High,290
SMTP,3,21,train,Medium,1,Low,475
SMTP,3,21,train,Medium,2,Medium,76
SMTP,3,21,train,High,0,High,624
SMTP,3,21,train,High,1,Low,202
SMTP,3,21,train,High,2,Medium,40
SMTP,3,21,validation,Low,0,High,162
SMTP,3,21,validation,Low,1,Low,228
SMTP,3,21,validation,Low,2,Medium,4
SMTP,3,21,validation,Medium,0,High,235
SMTP,3,21,validation,Medium,1,Low,17
SMTP,3,21,validation,Medium,2,Medium,112
SMTP,3,21,validation,High,0,High,229
SMTP,3,21,validation,High,1,Low,208
SMTP,3,21,validation,High,2,Medium,0
SMTP,3,42,train,Low,0,Low,292
SMTP,3,42,train,Low,1,Medium,0
SMTP,3,42,train,Low,2,High,28
SMTP,3,42,train,Medium,0,Low,463
SMTP,3,42,train,Medium,1,Medium,81
SMTP,3,42,train,Medium,2,High,297
SMTP,3,42,train,High,0,Low,178
SMTP,3,42,train,High,1,Medium,45
SMTP,3,42,train,High,2,High,643
SMTP,3,42,validation,Low,0,Low,216
SMTP,3,42,validation,Low,1,Medium,5
SMTP,3,42,validation,Low,2,High,173
SMTP,3,42,validation,Medium,0,Low,10
SMTP,3,42,validation,Medium,1,Medium,118
SMTP,3,42,validation,Medium,2,High,236
SMTP,3,42,validation,High,0,Low,192
SMTP,3,42,validation,High,1,Medium,2
SMTP,3,42,validation,High,2,High,243
SMTP,3,84,train,Low,0,Low,295
SMTP,3,84,train,Low,1,Medium,0
SMTP,3,84,train,Low,2,High,25
SMTP,3,84,train,Medium,0,Low,478
SMTP,3,84,train,Medium,1,Medium,85
SMTP,3,84,train,Medium,2,High,278
SMTP,3,84,train,High,0,Low,202
SMTP,3,84,train,High,1,Medium,48
SMTP,3,84,train,High,2,High,616
SMTP,3,84,validation,Low,0,Low,227
SMTP,3,84,validation,Low,1,Medium,6
SMTP,3,84,validation,Low,2,High,161
SMTP,3,84,validation,Medium,0,Low,11
SMTP,3,84,validation,Medium,1,Medium,119
SMTP,3,84,validation,Medium,2,High,234
SMTP,3,84,validation,High,0,Low,204
SMTP,3,84,validation,High,1,Medium,4
SMTP,3,84,validation,High,2,High,229
SMTP,3,123,train,Low,0,Medium,0
SMTP,3,123,train,Low,1,Low,299
SMTP,3,123,train,Low,2,High,21
SMTP,3,123,train,Medium,0,Medium,73
SMTP,3,123,train,Medium,1,Low,486
SMTP,3,123,train,Medium,2,High,282
SMTP,3,123,train,High,0,Medium,32
SMTP,3,123,train,High,1,Low,235
SMTP,3,123,train,High,2,High,599
SMTP,3,123,validation,Low,0,Medium,3
SMTP,3,123,validation,Low,1,Low,238
SMTP,3,123,validation,Low,2,High,153
SMTP,3,123,validation,Medium,0,Medium,89
SMTP,3,123,validation,Medium,1,Low,22
SMTP,3,123,validation,Medium,2,High,253
SMTP,3,123,validation,High,0,Medium,0
SMTP,3,123,validation,High,1,Low,224
SMTP,3,123,validation,High,2,High,213
SMTP,5,0,train,Low,0,High,39
SMTP,5,0,train,Low,1,Medium,0
SMTP,5,0,train,Low,2,Low,281
SMTP,5,0,train,Medium,0,High,343
SMTP,5,0,train,Medium,1,Medium,102
SMTP,5,0,train,Medium,2,Low,396
SMTP,5,0,train,High,0,High,715
SMTP,5,0,train,High,1,Medium,65
SMTP,5,0,train,High,2,Low,86
SMTP,5,0,validation,Low,0,High,211
SMTP,5,0,validation,Low,1,Medium,10
SMTP,5,0,validation,Low,2,Low,173
SMTP,5,0,validation,Medium,0,High,184
SMTP,5,0,validation,Medium,1,Medium,178
SMTP,5,0,validation,Medium,2,Low,2
SMTP,5,0,validation,High,0,High,280
SMTP,5,0,validation,High,1,Medium,5
SMTP,5,0,validation,High,2,Low,152
SMTP,5,21,train,Low,0,Low,287
SMTP,5,21,train,Low,1,High,33
SMTP,5,21,train,Low,2,Medium,0
SMTP,5,21,train,Medium,0,Low,414
SMTP,5,21,train,Medium,1,High,343
SMTP,5,21,train,Medium,2,Medium,84
SMTP,5,21,train,High,0,Low,113
SMTP,5,21,train,High,1,High,714
SMTP,5,21,train,High,2,Medium,39
SMTP,5,21,validation,Low,0,Low,179
SMTP,5,21,validation,Low,1,High,212
SMTP,5,21,validation,Low,2,Medium,3
SMTP,5,21,validation,Medium,0,Low,3
SMTP,5,21,validation,Medium,1,High,240
SMTP,5,21,validation,Medium,2,Medium,121
SMTP,5,21,validation,High,0,Low,168
SMTP,5,21,validation,High,1,High,269
SMTP,5,21,validation,High,2,Medium,0
SMTP,5,42,train,Low,0,High,25
SMTP,5,42,train,Low,1,Low,295
SMTP,5,42,train,Low,2,Medium,0
SMTP,5,42,train,Medium,0,High,299
SMTP,5,42,train,Medium,1,Low,462
SMTP,5,42,train,Medium,2,Medium,80
SMTP,5,42,train,High,0,High,657
SMTP,5,42,train,High,1,Low,173
SMTP,5,42,train,High,2,Medium,36
SMTP,5,42,validation,Low,0,High,175
SMTP,5,42,validation,Low,1,Low,219
SMTP,5,42,validation,Low,2,Medium,0
SMTP,5,42,validation,Medium,0,High,253
SMTP,5,42,validation,Medium,1,Low,10
SMTP,5,42,validation,Medium,2,Medium,101
SMTP,5,42,validation,High,0,High,223
SMTP,5,42,validation,High,1,Low,214
SMTP,5,42,validation,High,2,Medium,0
SMTP,5,84,train,Low,0,Low,277
SMTP,5,84,train,Low,1,High,43
SMTP,5,84,train,Low,2,Medium,0
SMTP,5,84,train,Medium,0,Low,387
SMTP,5,84,train,Medium,1,High,357
SMTP,5,84,train,Medium,2,Medium,97
SMTP,5,84,train,High,0,Low,85
SMTP,5,84,train,High,1,High,725
SMTP,5,84,train,High,2,Medium,56
SMTP,5,84,validation,Low,0,Low,172
SMTP,5,84,validation,Low,1,High,215
SMTP,5,84,validation,Low,2,Medium,7
SMTP,5,84,validation,Medium,0,Low,2
SMTP,5,84,validation,Medium,1,High,202
SMTP,5,84,validation,Medium,2,Medium,160
SMTP,5,84,validation,High,0,Low,151
SMTP,5,84,validation,High,1,High,286
SMTP,5,84,validation,High,2,Medium,0
SMTP,5,123,train,Low,0,High,29
SMTP,5,123,train,Low,1,Low,291
SMTP,5,123,train,Low,2,Medium,0
SMTP,5,123,train,Medium,0,High,306
SMTP,5,123,train,Medium,1,Low,431
SMTP,5,123,train,Medium,2,Medium,104
SMTP,5,123,train,High,0,High,683
SMTP,5,123,train,High,1,Low,116
SMTP,5,123,train,High,2,Medium,67
SMTP,5,123,validation,Low,0,High,196
SMTP,5,123,validation,Low,1,Low,185
SMTP,5,123,validation,Low,2,Medium,13
SMTP,5,123,validation,Medium,0,High,183
SMTP,5,123,validation,Medium,1,Low,3
SMTP,5,123,validation,Medium,2,Medium,178
SMTP,5,123,validation,High,0,High,268
SMTP,5,123,validation,High,1,Low,164
SMTP,5,123,validation,High,2,Medium,5
SMTP,10,0,train,Low,0,High,22
SMTP,10,0,train,Low,1,Low,298
SMTP,10,0,train,Low,2,Medium,0
SMTP,10,0,train,Medium,0,High,322
SMTP,10,0,train,Medium,1,Low,438
SMTP,10,0,train,Medium,2,Medium,81
SMTP,10,0,train,High,0,High,634
SMTP,10,0,train,High,1,Low,190
SMTP,10,0,train,High,2,Medium,42
SMTP,10,0,validation,Low,0,High,201
SMTP,10,0,validation,Low,1,Low,193
SMTP,10,0,validation,Low,2,Medium,0
SMTP,10,0,validation,Medium,0,High,244
SMTP,10,0,validation,Medium,1,Low,4
SMTP,10,0,validation,Medium,2,Medium,116
SMTP,10,0,validation,High,0,High,209
SMTP,10,0,validation,High,1,Low,228
SMTP,10,0,validation,High,2,Medium,0
SMTP,10,21,train,Low,0,Low,309
SMTP,10,21,train,Low,1,High,11
SMTP,10,21,train,Low,2,Medium,0
SMTP,10,21,train,Medium,0,Low,461
SMTP,10,21,train,Medium,1,High,301
SMTP,10,21,train,Medium,2,Medium,79
SMTP,10,21,train,High,0,Low,225
SMTP,10,21,train,High,1,High,600
SMTP,10,21,train,High,2,Medium,41
SMTP,10,21,validation,Low,0,Low,214
SMTP,10,21,validation,Low,1,High,180
SMTP,10,21,validation,Low,2,Medium,0
SMTP,10,21,validation,Medium,0,Low,6
SMTP,10,21,validation,Medium,1,High,256
SMTP,10,21,validation,Medium,2,Medium,102
SMTP,10,21,validation,High,0,Low,241
SMTP,10,21,validation,High,1,High,196
SMTP,10,21,validation,High,2,Medium,0
SMTP,10,42,train,Low,0,High,35
SMTP,10,42,train,Low,1,Low,285
SMTP,10,42,train,Low,2,Medium,0
SMTP,10,42,train,Medium,0,High,373
SMTP,10,42,train,Medium,1,Low,372
SMTP,10,42,train,Medium,2,Medium,96
SMTP,10,42,train,High,0,High,742
SMTP,10,42,train,High,1,Low,80
SMTP,10,42,train,High,2,Medium,44
SMTP,10,42,validation,Low,0,High,250
SMTP,10,42,validation,Low,1,Low,140
SMTP,10,42,validation,Low,2,Medium,4
SMTP,10,42,validation,Medium,0,High,178
SMTP,10,42,validation,Medium,1,Low,0
SMTP,10,42,validation,Medium,2,Medium,186
SMTP,10,42,validation,High,0,High,274
SMTP,10,42,validation,High,1,Low,163
SMTP,10,42,validation,High,2,Medium,0
SMTP,10,84,train,Low,0,Low,295
SMTP,10,84,train,Low,1,High,25
SMTP,10,84,train,Low,2,Medium,0
SMTP,10,84,train,Medium,0,Low,429
SMTP,10,84,train,Medium,1,High,331
SMTP,10,84,train,Medium,2,Medium,81
SMTP,10,84,train,High,0,Low,149
SMTP,10,84,train,High,1,High,675
SMTP,10,84,train,High,2,Medium,42
SMTP,10,84,validation,Low,0,Low,182
SMTP,10,84,validation,Low,1,High,212
SMTP,10,84,validation,Low,2,Medium,0
SMTP,10,84,validation,Medium,0,Low,3
SMTP,10,84,validation,Medium,1,High,244
SMTP,10,84,validation,Medium,2,Medium,117
SMTP,10,84,validation,High,0,Low,215
SMTP,10,84,validation,High,1,High,222
SMTP,10,84,validation,High,2,Medium,0
SMTP,10,123,train,Low,0,Low,291
SMTP,10,123,train,Low,1,Medium,0
SMTP,10,123,train,Low,2,High,29
SMTP,10,123,train,Medium,0,Low,408
SMTP,10,123,train,Medium,1,Medium,82
SMTP,10,123,train,Medium,2,High,351
SMTP,10,123,train,High,0,Low,102
SMTP,10,123,train,High,1,Medium,42
SMTP,10,123,train,High,2,High,722
SMTP,10,123,validation,Low,0,Low,152
SMTP,10,123,validation,Low,1,Medium,0
SMTP,10,123,validation,Low,2,High,242
SMTP,10,123,validation,Medium,0,Low,0
SMTP,10,123,validation,Medium,1,Medium,125
SMTP,10,123,validation,Medium,2,High,239
SMTP,10,123,validation,High,0,Low,178
SMTP,10,123,validation,High,1,Medium,0
SMTP,10,123,validation,High,2,High,259
SMTP,20,0,train,Low,0,High,20
SMTP,20,0,train,Low,1,Low,300
SMTP,20,0,train,Low,2,Medium,0
SMTP,20,0,train,Medium,0,High,370
SMTP,20,0,train,Medium,1,Low,383
SMTP,20,0,train,Medium,2,Medium,88
SMTP,20,0,train,High,0,High,763
SMTP,20,0,train,High,1,Low,59
SMTP,20,0,train,High,2,Medium,44
SMTP,20,0,validation,Low,0,High,217
SMTP,20,0,validation,Low,1,Low,174
SMTP,20,0,validation,Low,2,Medium,3
SMTP,20,0,validation,Medium,0,High,200
SMTP,20,0,validation,Medium,1,Low,0
SMTP,20,0,validation,Medium,2,Medium,164
SMTP,20,0,validation,High,0,High,283
SMTP,20,0,validation,High,1,Low,154
SMTP,20,0,validation,High,2,Medium,0
SMTP,20,21,train,Low,0,High,20
SMTP,20,21,train,Low,1,Low,300
SMTP,20,21,train,Low,2,Medium,0
SMTP,20,21,train,Medium,0,High,353
SMTP,20,21,train,Medium,1,Low,400
SMTP,20,21,train,Medium,2,Medium,88
SMTP,20,21,train,High,0,High,741
SMTP,20,21,train,High,1,Low,81
SMTP,20,21,train,High,2,Medium,44
SMTP,20,21,validation,Low,0,High,210
SMTP,20,21,validation,Low,1,Low,180
SMTP,20,21,validation,Low,2,Medium,4
SMTP,20,21,validation,Medium,0,High,199
SMTP,20,21,validation,Medium,1,Low,0
SMTP,20,21,validation,Medium,2,Medium,165
SMTP,20,21,validation,High,0,High,256
SMTP,20,21,validation,High,1,Low,181
SMTP,20,21,validation,High,2,Medium,0
SMTP,20,42,train,Low,0,Low,300
SMTP,20,42,train,Low,1,High,20
SMTP,20,42,train,Low,2,Medium,0
SMTP,20,42,train,Medium,0,Low,399
SMTP,20,42,train,Medium,1,High,354
SMTP,20,42,train,Medium,2,Medium,88
SMTP,20,42,train,High,0,Low,87
SMTP,20,42,train,High,1,High,735
SMTP,20,42,train,High,2,Medium,44
SMTP,20,42,validation,Low,0,Low,181
SMTP,20,42,validation,Low,1,High,210
SMTP,20,42,validation,Low,2,Medium,3
SMTP,20,42,validation,Medium,0,Low,0
SMTP,20,42,validation,Medium,1,High,201
SMTP,20,42,validation,Medium,2,Medium,163
SMTP,20,42,validation,High,0,Low,183
SMTP,20,42,validation,High,1,High,254
SMTP,20,42,validation,High,2,Medium,0
SMTP,20,84,train,Low,0,High,20
SMTP,20,84,train,Low,1,Low,300
SMTP,20,84,train,Low,2,Medium,0
SMTP,20,84,train,Medium,0,High,364
SMTP,20,84,train,Medium,1,Low,389
SMTP,20,84,train,Medium,2,Medium,88
SMTP,20,84,train,High,0,High,754
SMTP,20,84,train,High,1,Low,68
SMTP,20,84,train,High,2,Medium,44
SMTP,20,84,validation,Low,0,High,215
SMTP,20,84,validation,Low,1,Low,175
SMTP,20,84,validation,Low,2,Medium,4
SMTP,20,84,validation,Medium,0,High,198
SMTP,20,84,validation,Medium,1,Low,0
SMTP,20,84,validation,Medium,2,Medium,166
SMTP,20,84,validation,High,0,High,274
SMTP,20,84,validation,High,1,Low,163
SMTP,20,84,validation,High,2,Medium,0
SMTP,20,123,train,Low,0,Low,300
SMTP,20,123,train,Low,1,Medium,0
SMTP,20,123,train,Low,2,High,20
SMTP,20,123,train,Medium,0,Low,370
SMTP,20,123,train,Medium,1,Medium,88
SMTP,20,123,train,Medium,2,High,383
SMTP,20,123,train,High,0,Low,51
SMTP,20,123,train,High,1,Medium,44
SMTP,20,123,train,High,2,High,771
SMTP,20,123,validation,Low,0,Low,162
SMTP,20,123,validation,Low,1,Medium,4
SMTP,20,123,validation,Low,2,High,228
SMTP,20,123,validation,Medium,0,Low,0
SMTP,20,123,validation,Medium,1,Medium,167
SMTP,20,123,validation,Medium,2,High,197
SMTP,20,123,validation,High,0,Low,148
SMTP,20,123,validation,High,1,Medium,0
SMTP,20,123,validation,High,2,High,289
SSH,1,0,train,Low,0,Medium,289
SSH,1,0,train,Low,1,Low,2084
SSH,1,0,train,Low,2,High,25
SSH,1,0,train,Medium,0,Medium,758
SSH,1,0,train,Medium,1,Low,669
SSH,1,0,train,Medium,2,High,195
SSH,1,0,train,High,0,Medium,1443
SSH,1,0,train,High,1,Low,295
SSH,1,0,train,High,2,High,835
SSH,1,0,validation,Low,0,Medium,53
SSH,1,0,validation,Low,1,Low,1011
SSH,1,0,validation,Low,2,High,4
SSH,1,0,validation,Medium,0,Medium,224
SSH,1,0,validation,Medium,1,Low,260
SSH,1,0,validation,Medium,2,High,21
SSH,1,0,validation,High,0,Medium,645
SSH,1,0,validation,High,1,Low,79
SSH,1,0,validation,High,2,High,142
SSH,1,21,train,Low,0,High,192
SSH,1,21,train,Low,1,Low,2187
SSH,1,21,train,Low,2,Medium,19
SSH,1,21,train,Medium,0,High,606
SSH,1,21,train,Medium,1,Low,874
SSH,1,21,train,Medium,2,Medium,142
SSH,1,21,train,High,0,High,1626
SSH,1,21,train,High,1,Low,445
SSH,1,21,train,High,2,Medium,502
SSH,1,21,validation,Low,0,High,14
SSH,1,21,validation,Low,1,Low,1054
SSH,1,21,validation,Low,2,Medium,0
SSH,1,21,validation,Medium,0,High,129
SSH,1,21,validation,Medium,1,Low,360
SSH,1,21,validation,Medium,2,Medium,16
SSH,1,21,validation,High,0,High,657
SSH,1,21,validation,High,1,Low,163
SSH,1,21,validation,High,2,Medium,46
SSH,1,42,train,Low,0,Low,2110
SSH,1,42,train,Low,1,High,25
SSH,1,42,train,Low,2,Medium,263
SSH,1,42,train,Medium,0,Low,732
SSH,1,42,train,Medium,1,High,200
SSH,1,42,train,Medium,2,Medium,690
SSH,1,42,train,High,0,Low,305
SSH,1,42,train,High,1,High,816
SSH,1,42,train,High,2,Medium,1452
SSH,1,42,validation,Low,0,Low,1017
SSH,1,42,validation,Low,1,High,4
SSH,1,42,validation,Low,2,Medium,47
SSH,1,42,validation,Medium,0,Low,279
SSH,1,42,validation,Medium,1,High,21
SSH,1,42,validation,Medium,2,Medium,205
SSH,1,42,validation,High,0,Low,90
SSH,1,42,validation,High,1,High,118
SSH,1,42,validation,High,2,Medium,658
SSH,1,84,train,Low,0,Low,2136
SSH,1,84,train,Low,1,High,237
SSH,1,84,train,Low,2,Medium,25
SSH,1,84,train,Medium,0,Low,805
SSH,1,84,train,Medium,1,High,639
SSH,1,84,train,Medium,2,Medium,178
SSH,1,84,train,High,0,Low,365
SSH,1,84,train,High,1,High,1514
SSH,1,84,train,High,2,Medium,694
SSH,1,84,validation,Low,0,Low,1033
SSH,1,84,validation,Low,1,High,35
SSH,1,84,validation,Low,2,Medium,0
SSH,1,84,validation,Medium,0,Low,311
SSH,1,84,validation,Medium,1,High,173
SSH,1,84,validation,Medium,2,Medium,21
SSH,1,84,validation,High,0,Low,130
SSH,1,84,validation,High,1,High,652
SSH,1,84,validation,High,2,Medium,84
SSH,1,123,train,Low,0,Medium,273
SSH,1,123,train,Low,1,Low,2095
SSH,1,123,train,Low,2,High,30
SSH,1,123,train,Medium,0,Medium,740
SSH,1,123,train,Medium,1,Low,687
SSH,1,123,train,Medium,2,High,195
SSH,1,123,train,High,0,Medium,1424
SSH,1,123,train,High,1,Low,314
SSH,1,123,train,High,2,High,835
SSH,1,123,validation,Low,0,Medium,50
SSH,1,123,validation,Low,1,Low,1014
SSH,1,123,validation,Low,2,High,4
SSH,1,123,validation,Medium,0,Medium,224
SSH,1,123,validation,Medium,1,Low,260
SSH,1,123,validation,Medium,2,High,21
SSH,1,123,validation,High,0,Medium,639
SSH,1,123,validation,High,1,Low,89
SSH,1,123,validation,High,2,High,138
SSH,3,0,train,Low,0,Low,2176
SSH,3,0,train,Low,1,Medium,23
SSH,3,0,train,Low,2,High,199
SSH,3,0,train,Medium,0,Low,829
SSH,3,0,train,Medium,1,Medium,157
SSH,3,0,train,Medium,2,High,636
SSH,3,0,train,High,0,Low,372
SSH,3,0,train,High,1,Medium,633
SSH,3,0,train,High,2,High,1568
SSH,3,0,validation,Low,0,Low,1052
SSH,3,0,validation,Low,1,Medium,0
SSH,3,0,validation,Low,2,High,16
SSH,3,0,validation,Medium,0,Low,351
SSH,3,0,validation,Medium,1,Medium,12
SSH,3,0,validation,Medium,2,High,142
SSH,3,0,validation,High,0,Low,130
SSH,3,0,validation,High,1,Medium,64
SSH,3,0,validation,High,2,High,672
SSH,3,21,train,Low,0,Medium,65
SSH,3,21,train,Low,1,Low,2261
SSH,3,21,train,Low,2,High,72
SSH,3,21,train,Medium,0,Medium,145
SSH,3,21,train,Medium,1,Low,1087
SSH,3,21,train,Medium,2,High,390
SSH,3,21,train,High,0,Medium,470
SSH,3,21,train,High,1,Low,701
SSH,3,21,train,High,2,High,1402
SSH,3,21,validation,Low,0,Medium,4
SSH,3,21,validation,Low,1,Low,1062
SSH,3,21,validation,Low,2,High,2
SSH,3,21,validation,Medium,0,Medium,30
SSH,3,21,validation,Medium,1,Low,436
SSH,3,21,validation,Medium,2,High,39
SSH,3,21,validation,High,0,Medium,157
SSH,3,21,validation,High,1,Low,258
SSH,3,21,validation,High,2,High,451
SSH,3,42,train,Low,0,Low,2099
SSH,3,42,train,Low,1,High,27
SSH,3,42,train,Low,2,Medium,272
SSH,3,42,train,Medium,0,Low,692
SSH,3,42,train,Medium,1,High,186
SSH,3,42,train,Medium,2,Medium,744
SSH,3,42,train,High,0,Low,272
SSH,3,42,train,High,1,High,844
SSH,3,42,train,High,2,Medium,1457
SSH,3,42,validation,Low,0,Low,1028
SSH,3,42,validation,Low,1,High,2
SSH,3,42,validation,Low,2,Medium,38
SSH,3,42,validation,Medium,0,Low,276
SSH,3,42,validation,Medium,1,High,20
SSH,3,42,validation,Medium,2,Medium,209
SSH,3,42,validation,High,0,Low,79
SSH,3,42,validation,High,1,High,122
SSH,3,42,validation,High,2,Medium,665
SSH,3,84,train,Low,0,High,176
SSH,3,84,train,Low,1,Low,2199
SSH,3,84,train,Low,2,Medium,23
SSH,3,84,train,Medium,0,High,598
SSH,3,84,train,Medium,1,Low,867
SSH,3,84,train,Medium,2,Medium,157
SSH,3,84,train,High,0,High,1602
SSH,3,84,train,High,1,Low,404
SSH,3,84,train,High,2,Medium,567
SSH,3,84,validation,Low,0,High,12
SSH,3,84,validation,Low,1,Low,1056
SSH,3,84,validation,Low,2,Medium,0
SSH,3,84,validation,Medium,0,High,114
SSH,3,84,validation,Medium,1,Low,374
SSH,3,84,validation,Medium,2,Medium,17
SSH,3,84,validation,High,0,High,669
SSH,3,84,validation,High,1,Low,149
SSH,3,84,validation,High,2,Medium,48
SSH,3,123,train,Low,0,High,223
SSH,3,123,train,Low,1,Low,2151
SSH,3,123,train,Low,2,Medium,24
SSH,3,123,train,Medium,0,High,697
SSH,3,123,train,Medium,1,Low,752
SSH,3,123,train,Medium,2,Medium,173
SSH,3,123,train,High,0,High,1559
SSH,3,123,train,High,1,Low,324
SSH,3,123,train,High,2,Medium,690
SSH,3,123,validation,Low,0,High,27
SSH,3,123,validation,Low,1,Low,1039
SSH,3,123,validation,Low,2,Medium,2
SSH,3,123,validation,Medium,0,High,175
SSH,3,123,validation,Medium,1,Low,312
SSH,3,123,validation,Medium,2,Medium,18
SSH,3,123,validation,High,0,High,688
SSH,3,123,validation,High,1,Low,96
SSH,3,123,validation,High,2,Medium,82
SSH,5,0,train,Low,0,Low,2083
SSH,5,0,train,Low,1,High,31
SSH,5,0,train,Low,2,Medium,284
SSH,5,0,train,Medium,0,Low,632
SSH,5,0,train,Medium,1,High,222
SSH,5,0,train,Medium,2,Medium,768
SSH,5,0,train,High,0,Low,208
SSH,5,0,train,High,1,High,970
SSH,5,0,train,High,2,Medium,1395
SSH,5,0,validation,Low,0,Low,1027
SSH,5,0,validation,Low,1,High,0
SSH,5,0,validation,Low,2,Medium,41
SSH,5,0,validation,Medium,0,Low,246
SSH,5,0,validation,Medium,1,High,22
SSH,5,0,validation,Medium,2,Medium,237
SSH,5,0,validation,High,0,Low,43
SSH,5,0,validation,High,1,High,151
SSH,5,0,validation,High,2,Medium,672
SSH,5,21,train,Low,0,High,186
SSH,5,21,train,Low,1,Low,2182
SSH,5,21,train,Low,2,Medium,30
SSH,5,21,train,Medium,0,High,645
SSH,5,21,train,Medium,1,Low,781
SSH,5,21,train,Medium,2,Medium,196
SSH,5,21,train,High,0,High,1595
SSH,5,21,train,High,1,Low,284
SSH,5,21,train,High,2,Medium,694
SSH,5,21,validation,Low,0,High,15
SSH,5,21,validation,Low,1,Low,1053
SSH,5,21,validation,Low,2,Medium,0
SSH,5,21,validation,Medium,0,High,135
SSH,5,21,validation,Medium,1,Low,351
SSH,5,21,validation,Medium,2,Medium,19
SSH,5,21,validation,High,0,High,682
SSH,5,21,validation,High,1,Low,100
SSH,5,21,validation,High,2,Medium,84
SSH,5,42,train,Low,0,Low,2189
SSH,5,42,train,Low,1,High,196
SSH,5,42,train,Low,2,Medium,13
SSH,5,42,train,Medium,0,Low,828
SSH,5,42,train,Medium,1,High,654
SSH,5,42,train,Medium,2,Medium,140
SSH,5,42,train,High,0,Low,335
SSH,5,42,train,High,1,High,1665
SSH,5,42,train,High,2,Medium,573
SSH,5,42,validation,Low,0,Low,1055
SSH,5,42,validation,Low,1,High,13
SSH,5,42,validation,Low,2,Medium,0
SSH,5,42,validation,Medium,0,Low,371
SSH,5,42,validation,Medium,1,High,125
SSH,5,42,validation,Medium,2,Medium,9
SSH,5,42,validation,High,0,Low,116
SSH,5,42,validation,High,1,High,705
SSH,5,42,validation,High,2,Medium,45
SSH,5,84,train,Low,0,Medium,17
SSH,5,84,train,Low,1,Low,2173
SSH,5,84,train,Low,2,High,208
SSH,5,84,train,Medium,0,Medium,152
SSH,5,84,train,Medium,1,Low,799
SSH,5,84,train,Medium,2,High,671
SSH,5,84,train,High,0,Medium,708
SSH,5,84,train,High,1,Low,303
SSH,5,84,train,High,2,High,1562
SSH,5,84,validation,Low,0,Medium,0
SSH,5,84,validation,Low,1,Low,1053
SSH,5,84,validation,Low,2,High,15
SSH,5,84,validation,Medium,0,Medium,12
SSH,5,84,validation,Medium,1,Low,356
SSH,5,84,validation,Medium,2,High,137
SSH,5,84,validation,High,0,Medium,72
SSH,5,84,validation,High,1,Low,95
SSH,5,84,validation,High,2,High,699
SSH,5,123,train,Low,0,High,222
SSH,5,123,train,Low,1,Medium,22
SSH,5,123,train,Low,2,Low,2154
SSH,5,123,train,Medium,0,High,704
SSH,5,123,train,Medium,1,Medium,165
SSH,5,123,train,Medium,2,Low,753
SSH,5,123,train,High,0,High,1623
SSH,5,123,train,High,1,Medium,673
SSH,5,123,train,High,2,Low,277
SSH,5,123,validation,Low,0,High,17
SSH,5,123,validation,Low,1,Medium,0
SSH,5,123,validation,Low,2,Low,1051
SSH,5,123,validation,Medium,0,High,161
SSH,5,123,validation,Medium,1,Medium,14
SSH,5,123,validation,Medium,2,Low,330
SSH,5,123,validation,High,0,High,723
SSH,5,123,validation,High,1,Medium,64
SSH,5,123,validation,High,2,Low,79
SSH,10,0,train,Low,0,Low,2138
SSH,10,0,train,Low,1,Medium,9
SSH,10,0,train,Low,2,High,251
SSH,10,0,train,Medium,0,Low,712
SSH,10,0,train,Medium,1,Medium,170
SSH,10,0,train,Medium,2,High,740
SSH,10,0,train,High,0,Low,185
SSH,10,0,train,High,1,Medium,739
SSH,10,0,train,High,2,High,1649
SSH,10,0,validation,Low,0,Low,1057
SSH,10,0,validation,Low,1,Medium,0
SSH,10,0,validation,Low,2,High,11
SSH,10,0,validation,Medium,0,Low,332
SSH,10,0,validation,Medium,1,Medium,10
SSH,10,0,validation,Medium,2,High,163
SSH,10,0,validation,High,0,Low,36
SSH,10,0,validation,High,1,Medium,56
SSH,10,0,validation,High,2,High,774
SSH,10,21,train,Low,0,High,187
SSH,10,21,train,Low,1,Low,2193
SSH,10,21,train,Low,2,Medium,18
SSH,10,21,train,Medium,0,High,590
SSH,10,21,train,Medium,1,Low,850
SSH,10,21,train,Medium,2,Medium,182
SSH,10,21,train,High,0,High,1756
SSH,10,21,train,High,1,Low,239
SSH,10,21,train,High,2,Medium,578
SSH,10,21,validation,Low,0,High,9
SSH,10,21,validation,Low,1,Low,1059
SSH,10,21,validation,Low,2,Medium,0
SSH,10,21,validation,Medium,0,High,109
SSH,10,21,validation,Medium,1,Low,385
SSH,10,21,validation,Medium,2,Medium,11
SSH,10,21,validation,High,0,High,800
SSH,10,21,validation,High,1,Low,51
SSH,10,21,validation,High,2,Medium,15
SSH,10,42,train,Low,0,Low,1984
SSH,10,42,train,Low,1,High,34
SSH,10,42,train,Low,2,Medium,380
SSH,10,42,train,Medium,0,Low,423
SSH,10,42,train,Medium,1,High,257
SSH,10,42,train,Medium,2,Medium,942
SSH,10,42,train,High,0,Low,129
SSH,10,42,train,High,1,High,1201
SSH,10,42,train,High,2,Medium,1243
SSH,10,42,validation,Low,0,Low,1016
SSH,10,42,validation,Low,1,High,0
SSH,10,42,validation,Low,2,Medium,52
SSH,10,42,validation,Medium,0,Low,159
SSH,10,42,validation,Medium,1,High,25
SSH,10,42,validation,Medium,2,Medium,321
SSH,10,42,validation,High,0,Low,18
SSH,10,42,validation,High,1,High,204
SSH,10,42,validation,High,2,Medium,644
SSH,10,84,train,Low,0,Low,2166
SSH,10,84,train,Low,1,High,220
SSH,10,84,train,Low,2,Medium,12
SSH,10,84,train,Medium,0,Low,793
SSH,10,84,train,Medium,1,High,658
SSH,10,84,train,Medium,2,Medium,171
SSH,10,84,train,High,0,Low,221
SSH,10,84,train,High,1,High,1699
SSH,10,84,train,High,2,Medium,653
SSH,10,84,validation,Low,0,Low,1057
SSH,10,84,validation,Low,1,High,11
SSH,10,84,validation,Low,2,Medium,0
SSH,10,84,validation,Medium,0,Low,374
SSH,10,84,validation,Medium,1,High,121
SSH,10,84,validation,Medium,2,Medium,10
SSH,10,84,validation,High,0,Low,44
SSH,10,84,validation,High,1,High,783
SSH,10,84,validation,High,2,Medium,39
SSH,10,123,train,Low,0,Medium,13
SSH,10,123,train,Low,1,Low,2141
SSH,10,123,train,Low,2,High,244
SSH,10,123,train,Medium,0,Medium,184
SSH,10,123,train,Medium,1,Low,694
SSH,10,123,train,Medium,2,High,744
SSH,10,123,train,High,0,Medium,732
SSH,10,123,train,High,1,Low,182
SSH,10,123,train,High,2,High,1659
SSH,10,123,validation,Low,0,Medium,0
SSH,10,123,validation,Low,1,Low,1057
SSH,10,123,validation,Low,2,High,11
SSH,10,123,validation,Medium,0,Medium,10
SSH,10,123,validation,Medium,1,Low,320
SSH,10,123,validation,Medium,2,High,175
SSH,10,123,validation,High,0,Medium,51
SSH,10,123,validation,High,1,Low,35
SSH,10,123,validation,High,2,High,780
SSH,20,0,train,Low,0,Low,2154
SSH,20,0,train,Low,1,High,3
SSH,20,0,train,Low,2,Medium,241
SSH,20,0,train,Medium,0,Low,623
SSH,20,0,train,Medium,1,High,223
SSH,20,0,train,Medium,2,Medium,776
SSH,20,0,train,High,0,Low,125
SSH,20,0,train,High,1,High,969
SSH,20,0,train,High,2,Medium,1479
SSH,20,0,validation,Low,0,Low,1054
SSH,20,0,validation,Low,1,High,0
SSH,20,0,validation,Low,2,Medium,14
SSH,20,0,validation,Medium,0,Low,296
SSH,20,0,validation,Medium,1,High,10
SSH,20,0,validation,Medium,2,Medium,199
SSH,20,0,validation,High,0,Low,15
SSH,20,0,validation,High,1,High,80
SSH,20,0,validation,High,2,Medium,771
SSH,20,21,train,Low,0,Medium,218
SSH,20,21,train,Low,1,Low,2180
SSH,20,21,train,Low,2,High,0
SSH,20,21,train,Medium,0,Medium,771
SSH,20,21,train,Medium,1,Low,653
SSH,20,21,train,Medium,2,High,198
SSH,20,21,train,High,0,Medium,1577
SSH,20,21,train,High,1,Low,139
SSH,20,21,train,High,2,High,857
SSH,20,21,validation,Low,0,Medium,14
SSH,20,21,validation,Low,1,Low,1054
SSH,20,21,validation,Low,2,High,0
SSH,20,21,validation,Medium,0,Medium,173
SSH,20,21,validation,Medium,1,Low,331
SSH,20,21,validation,Medium,2,High,1
SSH,20,21,validation,High,0,Medium,795
SSH,20,21,validation,High,1,Low,16
SSH,20,21,validation,High,2,High,55
SSH,20,42,train,Low,0,Medium,319
SSH,20,42,train,Low,1,Low,2074
SSH,20,42,train,Low,2,High,5
SSH,20,42,train,Medium,0,Medium,848
SSH,20,42,train,Medium,1,Low,546
SSH,20,42,train,Medium,2,High,228
SSH,20,42,train,High,0,Medium,1443
SSH,20,42,train,High,1,Low,111
SSH,20,42,train,High,2,High,1019
SSH,20,42,validation,Low,0,Medium,18
SSH,20,42,validation,Low,1,Low,1050
SSH,20,42,validation,Low,2,High,0
SSH,20,42,validation,Medium,0,Medium,244
SSH,20,42,validation,Medium,1,Low,250
SSH,20,42,validation,Medium,2,High,11
SSH,20,42,validation,High,0,Medium,760
SSH,20,42,validation,High,1,Low,10
SSH,20,42,validation,High,2,High,96
SSH,20,84,train,Low,0,Low,1951
SSH,20,84,train,Low,1,High,10
SSH,20,84,train,Low,2,Medium,437
SSH,20,84,train,Medium,0,Low,422
SSH,20,84,train,Medium,1,High,257
SSH,20,84,train,Medium,2,Medium,943
SSH,20,84,train,High,0,Low,94
SSH,20,84,train,High,1,High,1318
SSH,20,84,train,High,2,Medium,1161
SSH,20,84,validation,Low,0,Low,1047
SSH,20,84,validation,Low,1,High,0
SSH,20,84,validation,Low,2,Medium,21
SSH,20,84,validation,Medium,0,Low,160
SSH,20,84,validation,Medium,1,High,11
SSH,20,84,validation,Medium,2,Medium,334
SSH,20,84,validation,High,0,Low,7
SSH,20,84,validation,High,1,High,231
SSH,20,84,validation,High,2,Medium,628
SSH,20,123,train,Low,0,High,5
SSH,20,123,train,Low,1,Medium,337
SSH,20,123,train,Low,2,Low,2056
SSH,20,123,train,Medium,0,High,229
SSH,20,123,train,Medium,1,Medium,878
SSH,20,123,train,Medium,2,Low,515
SSH,20,123,train,High,0,High,1028
SSH,20,123,train,High,1,Medium,1436
SSH,20,123,train,High,2,Low,109
SSH,20,123,validation,Low,0,High,0
SSH,20,123,validation,Low,1,Medium,19
SSH,20,123,validation,Low,2,Low,1049
SSH,20,123,validation,Medium,0,High,11
SSH,20,123,validation,Medium,1,Medium,252
SSH,20,123,validation,Medium,2,Low,242
SSH,20,123,validation,High,0,High,97
SSH,20,123,validation,High,1,Medium,760
SSH,20,123,validation,High,2,Low,9
Video,1,0,train,Low,0,Medium,125
Video,1,0,train,Low,1,Low,1899
Video,1,0,train,Low,2,High,0
Video,1,0,train,Medium,0,Medium,1200
Video,1,0,train,Medium,1,Low,538
Video,1,0,train,Medium,2,High,190
Video,1,0,train,High,0,Medium,1079
Video,1,0,train,High,1,Low,669
Video,1,0,train,High,2,High,410
Video,1,0,validation,Low,0,Medium,176
Video,1,0,validation,Low,1,Low,1029
Video,1,0,validation,Low,2,High,2
Video,1,0,validation,Medium,0,Medium,457
Video,1,0,validation,Medium,1,Low,189
Video,1,0,validation,Medium,2,High,149
Video,1,0,validation,High,0,Medium,542
Video,1,0,validation,High,1,Low,259
Video,1,0,validation,High,2,High,172
Video,1,21,train,Low,0,Low,1750
Video,1,21,train,Low,1,High,6
Video,1,21,train,Low,2,Medium,268
Video,1,21,train,Medium,0,Low,392
Video,1,21,train,Medium,1,High,411
Video,1,21,train,Medium,2,Medium,1125
Video,1,21,train,High,0,Low,401
Video,1,21,train,High,1,High,717
Video,1,21,train,High,2,Medium,1040
Video,1,21,validation,Low,0,Low,851
Video,1,21,validation,Low,1,High,6
Video,1,21,validation,Low,2,Medium,350
Video,1,21,validation,Medium,0,Low,132
Video,1,21,validation,Medium,1,High,281
Video,1,21,validation,Medium,2,Medium,382
Video,1,21,validation,High,0,Low,128
Video,1,21,validation,High,1,High,296
Video,1,21,validation,High,2,Medium,549
Video,1,42,train,Low,0,High,2
Video,1,42,train,Low,1,Medium,210
Video,1,42,train,Low,2,Low,1812
Video,1,42,train,Medium,0,High,270
Video,1,42,train,Medium,1,Medium,1230
Video,1,42,train,Medium,2,Low,428
Video,1,42,train,High,0,High,572
Video,1,42,train,High,1,Medium,1081
Video,1,42,train,High,2,Low,505
Video,1,42,validation,Low,0,High,6
Video,1,42,validation,Low,1,Medium,268
Video,1,42,validation,Low,2,Low,933
Video,1,42,validation,Medium,0,High,205
Video,1,42,validation,Medium,1,Medium,433
Video,1,42,validation,Medium,2,Low,157
Video,1,42,validation,High,0,High,205
Video,1,42,validation,High,1,Medium,584
Video,1,42,validation,High,2,Low,184
Video,1,84,train,Low,0,High,0
Video,1,84,train,Low,1,Low,1914
Video,1,84,train,Low,2,Medium,110
Video,1,84,train,Medium,0,High,174
Video,1,84,train,Medium,1,Low,586
Video,1,84,train,Medium,2,Medium,1168
Video,1,84,train,High,0,High,405
Video,1,84,train,High,1,Low,717
Video,1,84,train,High,2,Medium,1036
Video,1,84,validation,Low,0,High,4
Video,1,84,validation,Low,1,Low,1042
Video,1,84,validation,Low,2,Medium,161
Video,1,84,validation,Medium,0,High,135
Video,1,84,validation,Medium,1,Low,193
Video,1,84,validation,Medium,2,Medium,467
Video,1,84,validation,High,0,High,167
Video,1,84,validation,High,1,Low,279
Video,1,84,validation,High,2,Medium,527
Video,1,123,train,Low,0,Low,1935
Video,1,123,train,Low,1,Medium,89
Video,1,123,train,Low,2,High,0
Video,1,123,train,Medium,0,Low,648
Video,1,123,train,Medium,1,Medium,1140
Video,1,123,train,Medium,2,High,140
Video,1,123,train,High,0,Low,797
Video,1,123,train,High,1,Medium,1026
Video,1,123,train,High,2,High,335
Video,1,123,validation,Low,0,Low,1062
Video,1,123,validation,Low,1,Medium,143
Video,1,123,validation,Low,2,High,2
Video,1,123,validation,Medium,0,Low,231
Video,1,123,validation,Medium,1,Medium,465
Video,1,123,validation,Medium,2,High,99
Video,1,123,validation,High,0,Low,325
Video,1,123,validation,High,1,Medium,516
Video,1,123,validation,High,2,High,132
Video,3,0,train,Low,0,Low,1957
Video,3,0,train,Low,1,High,0
Video,3,0,train,Low,2,Medium,67
Video,3,0,train,Medium,0,Low,535
Video,3,0,train,Medium,1,High,182
Video,3,0,train,Medium,2,Medium,1211
Video,3,0,train,High,0,Low,673
Video,3,0,train,High,1,High,494
Video,3,0,train,High,2,Medium,991
Video,3,0,validation,Low,0,Low,1082
Video,3,0,validation,Low,1,High,0
Video,3,0,validation,Low,2,Medium,125
Video,3,0,validation,Medium,0,Low,181
Video,3,0,validation,Medium,1,High,158
Video,3,0,validation,Medium,2,Medium,456
Video,3,0,validation,High,0,Low,258
Video,3,0,validation,High,1,High,168
Video,3,0,validation,High,2,Medium,547
Video,3,21,train,Low,0,Medium,90
Video,3,21,train,Low,1,High,0
Video,3,21,train,Low,2,Low,1934
Video,3,21,train,Medium,0,Medium,1225
Video,3,21,train,Medium,1,High,250
Video,3,21,train,Medium,2,Low,453
Video,3,21,train,High,0,Medium,1044
Video,3,21,train,High,1,High,567
Video,3,21,train,High,2,Low,547
Video,3,21,validation,Low,0,Medium,167
Video,3,21,validation,Low,1,High,0
Video,3,21,validation,Low,2,Low,1040
Video,3,21,validation,Medium,0,Medium,454
Video,3,21,validation,Medium,1,High,196
Video,3,21,validation,Medium,2,Low,145
Video,3,21,validation,High,0,Medium,540
Video,3,21,validation,High,1,High,219
Video,3,21,validation,High,2,Low,214
Video,3,42,train,Low,0,High,3
Video,3,42,train,Low,1,Low,1971
Video,3,42,train,Low,2,Medium,50
Video,3,42,train,Medium,0,High,456
Video,3,42,train,Medium,1,Low,712
Video,3,42,train,Medium,2,Medium,760
Video,3,42,train,High,0,High,635
Video,3,42,train,High,1,Low,823
Video,3,42,train,High,2,Medium,700
Video,3,42,validation,Low,0,High,7
Video,3,42,validation,Low,1,Low,1124
Video,3,42,validation,Low,2,Medium,76
Video,3,42,validation,Medium,0,High,279
Video,3,42,validation,Medium,1,Low,229
Video,3,42,validation,Medium,2,Medium,287
Video,3,42,validation,High,0,High,248
Video,3,42,validation,High,1,Low,331
Video,3,42,validation,High,2,Medium,394
Video,3,84,train,Low,0,Medium,77
Video,3,84,train,Low,1,Low,1947
Video,3,84,train,Low,2,High,0
Video,3,84,train,Medium,0,Medium,1245
Video,3,84,train,Medium,1,Low,480
Video,3,84,train,Medium,2,High,203
Video,3,84,train,High,0,Medium,1074
Video,3,84,train,High,1,Low,603
Video,3,84,train,High,2,High,481
Video,3,84,validation,Low,0,Medium,141
Video,3,84,validation,Low,1,Low,1066
Video,3,84,validation,Low,2,High,0
Video,3,84,validation,Medium,0,Medium,498
Video,3,84,validation,Medium,1,Low,150
Video,3,84,validation,Medium,2,High,147
Video,3,84,validation,High,0,Medium,549
Video,3,84,validation,High,1,Low,238
Video,3,84,validation,High,2,High,186
Video,3,123,train,Low,0,Low,1905
Video,3,123,train,Low,1,Medium,119
Video,3,123,train,Low,2,High,0
Video,3,123,train,Medium,0,Low,412
Video,3,123,train,Medium,1,Medium,1188
Video,3,123,train,Medium,2,High,328
Video,3,123,train,High,0,Low,484
Video,3,123,train,High,1,Medium,1007
Video,3,123,train,High,2,High,667
Video,3,123,validation,Low,0,Low,994
Video,3,123,validation,Low,1,Medium,213
Video,3,123,validation,Low,2,High,0
Video,3,123,validation,Medium,0,Low,127
Video,3,123,validation,Medium,1,Medium,433
Video,3,123,validation,Medium,2,High,235
Video,3,123,validation,High,0,Low,186
Video,3,123,validation,High,1,Medium,535
Video,3,123,validation,High,2,High,252
Video,5,0,train,Low,0,Medium,86
Video,5,0,train,Low,1,Low,1938
Video,5,0,train,Low,2,High,0
Video,5,0,train,Medium,0,Medium,1200
Video,5,0,train,Medium,1,Low,398
Video,5,0,train,Medium,2,High,330
Video,5,0,train,High,0,Medium,1043
Video,5,0,train,High,1,Low,455
Video,5,0,train,High,2,High,660
Video,5,0,validation,Low,0,Medium,183
Video,5,0,validation,Low,1,Low,1024
Video,5,0,validation,Low,2,High,0
Video,5,0,validation,Medium,0,Medium,448
Video,5,0,validation,Medium,1,Low,113
Video,5,0,validation,Medium,2,High,234
Video,5,0,validation,High,0,Medium,556
Video,5,0,validation,High,1,Low,158
Video,5,0,validation,High,2,High,259
Video,5,21,train,Low,0,High,0
Video,5,21,train,Low,1,Low,1929
Video,5,21,train,Low,2,Medium,95
Video,5,21,train,Medium,0,High,352
Video,5,21,train,Medium,1,Low,394
Video,5,21,train,Medium,2,Medium,1182
Video,5,21,train,High,0,High,675
Video,5,21,train,High,1,Low,445
Video,5,21,train,High,2,Medium,1038
Video,5,21,validation,Low,0,High,0
Video,5,21,validation,Low,1,Low,1009
Video,5,21,validation,Low,2,Medium,198
Video,5,21,validation,Medium,0,High,247
Video,5,21,validation,Medium,1,Low,110
Video,5,21,validation,Medium,2,Medium,438
Video,5,21,validation,High,0,High,268
Video,5,21,validation,High,1,Low,152
Video,5,21,validation,High,2,Medium,553
Video,5,42,train,Low,0,High,0
Video,5,42,train,Low,1,Low,1949
Video,5,42,train,Low,2,Medium,75
Video,5,42,train,Medium,0,High,280
Video,5,42,train,Medium,1,Low,422
Video,5,42,train,Medium,2,Medium,1226
Video,5,42,train,High,0,High,598
Video,5,42,train,High,1,Low,512
Video,5,42,train,High,2,Medium,1048
Video,5,42,validation,Low,0,High,0
Video,5,42,validation,Low,1,Low,1060
Video,5,42,validation,Low,2,Medium,147
Video,5,42,validation,Medium,0,High,200
Video,5,42,validation,Medium,1,Low,121
Video,5,42,validation,Medium,2,Medium,474
Video,5,42,validation,High,0,High,244
Video,5,42,validation,High,1,Low,181
Video,5,42,validation,High,2,Medium,548
Video,5,84,train,Low,0,High,0
Video,5,84,train,Low,1,Low,1954
Video,5,84,train,Low,2,Medium,70
Video,5,84,train,Medium,0,High,260
Video,5,84,train,Medium,1,Low,432
Video,5,84,train,Medium,2,Medium,1236
Video,5,84,train,High,0,High,551
Video,5,84,train,High,1,Low,529
Video,5,84,train,High,2,Medium,1078
Video,5,84,validation,Low,0,High,0
Video,5,84,validation,Low,1,Low,1073
Video,5,84,validation,Low,2,Medium,134
Video,5,84,validation,Medium,0,High,176
Video,5,84,validation,Medium,1,Low,128
Video,5,84,validation,Medium,2,Medium,491
Video,5,84,validation,High,0,High,235
Video,5,84,validation,High,1,Low,195
Video,5,84,validation,High,2,Medium,543
Video,5,123,train,Low,0,Low,1995
Video,5,123,train,Low,1,Medium,29
Video,5,123,train,Low,2,High,0
Video,5,123,train,Medium,0,Low,580
Video,5,123,train,Medium,1,Medium,1110
Video,5,123,train,Medium,2,High,238
Video,5,123,train,High,0,Low,746
Video,5,123,train,High,1,Medium,970
Video,5,123,train,High,2,High,442
Video,5,123,validation,Low,0,Low,1148
Video,5,123,validation,Low,1,Medium,56
Video,5,123,validation,Low,2,High,3
Video,5,123,validation,Medium,0,Low,187
Video,5,123,validation,Medium,1,Medium,472
Video,5,123,validation,Medium,2,High,136
Video,5,123,validation,High,0,Low,286
Video,5,123,validation,High,1,Medium,449
Video,5,123,validation,High,2,High,238
Video,10,0,train,Low,0,High,0
Video,10,0,train,Low,1,Low,1994
Video,10,0,train,Low,2,Medium,30
Video,10,0,train,Medium,0,High,280
Video,10,0,train,Medium,1,Low,428
Video,10,0,train,Medium,2,Medium,1220
Video,10,0,train,High,0,High,583
Video,10,0,train,High,1,Low,531
Video,10,0,train,High,2,Medium,1044
Video,10,0,validation,Low,0,High,0
Video,10,0,validation,Low,1,Low,1124
Video,10,0,validation,Low,2,Medium,83
Video,10,0,validation,Medium,0,High,167
Video,10,0,validation,Medium,1,Low,124
Video,10,0,validation,Medium,2,Medium,504
Video,10,0,validation,High,0,High,228
Video,10,0,validation,High,1,Low,176
Video,10,0,validation,High,2,Medium,569
Video,10,21,train,Low,0,High,0
Video,10,21,train,Low,1,Low,1929
Video,10,21,train,Low,2,Medium,95
Video,10,21,train,Medium,0,High,552
Video,10,21,train,Medium,1,Low,328
Video,10,21,train,Medium,2,Medium,1048
Video,10,21,train,High,0,High,877
Video,10,21,train,High,1,Low,322
Video,10,21,train,High,2,Medium,959
Video,10,21,validation,Low,0,High,0
Video,10,21,validation,Low,1,Low,981
Video,10,21,validation,Low,2,Medium,226
Video,10,21,validation,Medium,0,High,339
Video,10,21,validation,Medium,1,Low,87
Video,10,21,validation,Medium,2,Medium,369
Video,10,21,validation,High,0,High,387
Video,10,21,validation,High,1,Low,89
Video,10,21,validation,High,2,Medium,497
Video,10,42,train,Low,0,High,0
Video,10,42,train,Low,1,Low,1986
Video,10,42,train,Low,2,Medium,38
Video,10,42,train,Medium,0,High,311
Video,10,42,train,Medium,1,Low,408
Video,10,42,train,Medium,2,Medium,1209
Video,10,42,train,High,0,High,622
Video,10,42,train,High,1,Low,500
Video,10,42,train,High,2,Medium,1036
Video,10,42,validation,Low,0,High,0
Video,10,42,validation,Low,1,Low,1107
Video,10,42,validation,Low,2,Medium,100
Video,10,42,validation,Medium,0,High,200
Video,10,42,validation,Medium,1,Low,116
Video,10,42,validation,Medium,2,Medium,479
Video,10,42,validation,High,0,High,246
Video,10,42,validation,High,1,Low,155
Video,10,42,validation,High,2,Medium,572
Video,10,84,train,Low,0,High,0
Video,10,84,train,Low,1,Low,1987
Video,10,84,train,Low,2,Medium,37
Video,10,84,train,Medium,0,High,319
Video,10,84,train,Medium,1,Low,412
Video,10,84,train,Medium,2,Medium,1197
Video,10,84,train,High,0,High,648
Video,10,84,train,High,1,Low,500
Video,10,84,train,High,2,Medium,1010
Video,10,84,validation,Low,0,High,0
Video,10,84,validation,Low,1,Low,1107
Video,10,84,validation,Low,2,Medium,100
Video,10,84,validation,Medium,0,High,201
Video,10,84,validation,Medium,1,Low,117
Video,10,84,validation,Medium,2,Medium,477
Video,10,84,validation,High,0,High,262
Video,10,84,validation,High,1,Low,158
Video,10,84,validation,High,2,Medium,553
Video,10,123,train,Low,0,Low,1983
Video,10,123,train,Low,1,High,0
Video,10,123,train,Low,2,Medium,41
Video,10,123,train,Medium,0,Low,401
Video,10,123,train,Medium,1,High,359
Video,10,123,train,Medium,2,Medium,1168
Video,10,123,train,High,0,Low,492
Video,10,123,train,High,1,High,695
Video,10,123,train,High,2,Medium,971
Video,10,123,validation,Low,0,Low,1099
Video,10,123,validation,Low,1,High,0
Video,10,123,validation,Low,2,Medium,108
Video,10,123,validation,Medium,0,Low,115
Video,10,123,validation,Medium,1,High,214
Video,10,123,validation,Medium,2,Medium,466
Video,10,123,validation,High,0,Low,149
Video,10,123,validation,High,1,High,293
Video,10,123,validation,High,2,Medium,531
Video,20,0,train,Low,0,Medium,38
Video,20,0,train,Low,1,Low,1986
Video,20,0,train,Low,2,High,0
Video,20,0,train,Medium,0,Medium,1142
Video,20,0,train,Medium,1,Low,351
Video,20,0,train,Medium,2,High,435
Video,20,0,train,High,0,Medium,1031
Video,20,0,train,High,1,Low,336
Video,20,0,train,High,2,High,791
Video,20,0,validation,Low,0,Medium,99
Video,20,0,validation,Low,1,Low,1108
Video,20,0,validation,Low,2,High,0
Video,20,0,validation,Medium,0,Medium,440
Video,20,0,validation,Medium,1,Low,73
Video,20,0,validation,Medium,2,High,282
Video,20,0,validation,High,0,Medium,580
Video,20,0,validation,High,1,Low,79
Video,20,0,validation,High,2,High,314
Video,20,21,train,Low,0,High,0
Video,20,21,train,Low,1,Medium,59
Video,20,21,train,Low,2,Low,1965
Video,20,21,train,Medium,0,High,591
Video,20,21,train,Medium,1,Medium,1003
Video,20,21,train,Medium,2,Low,334
Video,20,21,train,High,0,High,938
Video,20,21,train,High,1,Medium,965
Video,20,21,train,High,2,Low,255
Video,20,21,validation,Low,0,High,0
Video,20,21,validation,Low,1,Medium,197
Video,20,21,validation,Low,2,Low,1010
Video,20,21,validation,Medium,0,High,360
Video,20,21,validation,Medium,1,Medium,367
Video,20,21,validation,Medium,2,Low,68
Video,20,21,validation,High,0,High,388
Video,20,21,validation,High,1,Medium,527
Video,20,21,validation,High,2,Low,58
Video,20,42,train,Low,0,High,0
Video,20,42,train,Low,1,Low,2024
Video,20,42,train,Low,2,Medium,0
Video,20,42,train,Medium,0,High,222
Video,20,42,train,Medium,1,Low,421
Video,20,42,train,Medium,2,Medium,1285
Video,20,42,train,High,0,High,539
Video,20,42,train,High,1,Low,527
Video,20,42,train,High,2,Medium,1092
Video,20,42,validation,Low,0,High,0
Video,20,42,validation,Low,1,Low,1189
Video,20,42,validation,Low,2,Medium,18
Video,20,42,validation,Medium,0,High,220
Video,20,42,validation,Medium,1,Low,119
Video,20,42,validation,Medium,2,Medium,456
Video,20,42,validation,High,0,High,242
Video,20,42,validation,High,1,Low,164
Video,20,42,validation,High,2,Medium,567
Video,20,84,train,Low,0,High,0
Video,20,84,train,Low,1,Low,2002
Video,20,84,train,Low,2,Medium,22
Video,20,84,train,Medium,0,High,402
Video,20,84,train,Medium,1,Low,370
Video,20,84,train,Medium,2,Medium,1156
Video,20,84,train,High,0,High,795
Video,20,84,train,High,1,Low,405
Video,20,84,train,High,2,Medium,958
Video,20,84,validation,Low,0,High,0
Video,20,84,validation,Low,1,Low,1138
Video,20,84,validation,Low,2,Medium,69
Video,20,84,validation,Medium,0,High,241
Video,20,84,validation,Medium,1,Low,82
Video,20,84,validation,Medium,2,Medium,472
Video,20,84,validation,High,0,High,314
Video,20,84,validation,High,1,Low,90
Video,20,84,validation,High,2,Medium,569
Video,20,123,train,Low,0,Low,2024
Video,20,123,train,Low,1,Medium,0
Video,20,123,train,Low,2,High,0
Video,20,123,train,Medium,0,Low,454
Video,20,123,train,Medium,1,Medium,1159
Video,20,123,train,Medium,2,High,315
Video,20,123,train,High,0,Low,597
Video,20,123,train,High,1,Medium,1027
Video,20,123,train,High,2,High,534
Video,20,123,validation,Low,0,Low,1194
Video,20,123,validation,Low,1,Medium,13
Video,20,123,validation,Low,2,High,0
Video,20,123,validation,Medium,0,Low,134
Video,20,123,validation,Medium,1,Medium,425
Video,20,123,validation,Medium,2,High,236
Video,20,123,validation,High,0,Low,188
Video,20,123,validation,High,1,Medium,447
Video,20,123,validation,High,2,High,338
