pRetran,Load,TcpOpt_MwsS  T,Sum,DstLoss,SynAck,SrcLoss,SrcBytes,SrcRate,SrcRetra,SrcPkts,DstGap,Dur,SrcLoad,AckDat,State_SPA_SPA,IdleTime,sTtl,dMeanPktSz,sMeanPktSz,TcpRtt,Rate,Cause_Status,Max,Mean,dTtl,DstBytes,DstRetra,DstLoad,Flgs_ e d      ,Flgs_ e *      ,PCRatio,Loss,TotPkts,DstRate,StdDev,TotBytes,DstWin,SrcWin,pLoss,SrcGap,Min,DstPkts,label
0.0,0.4672200126451133,0.0,0.9870653112598468,0.0,0.0220283092936135,0.0,0.9343897004208964,0.664793066859286,0.0,0.8266666666666668,0.0,0.9870653112598468,0.8483982501221649,0.5237155372964412,1.0,0.0,0.3333333333333321,0.3520318618042226,0.6275357525773195,0.4701114040779138,0.0103116298718512,0.0,0.9870653112598468,0.9870653112598468,0.0,0.5068643765600855,0.0,0.4160154067420701,0.0,0.0,0.0,0.0,0.794344473007712,0.7654833752196659,0.0,0.5524468099226206,0.0,0.6581059390048154,0.0,0.0,0.9870653112598468,0.775,1.0
0.0,0.2763358872880773,1.0,0.9834852926717954,0.0526315789473684,0.0220283092936135,0.0,0.7500618965090369,0.5858455257870135,0.0,0.7266666666666667,0.0,0.9834852926717954,0.6827245179028243,0.5237155372964412,0.0,0.0,0.3333333333333321,0.2354997428023032,0.5730634484536082,0.4701114040779138,0.0086745436153871,1.0,0.9834852926717954,0.9834852926717954,0.0,0.2752733864257696,0.0,0.2264721576227162,1.0,0.0,0.0,0.0526315789473684,0.665809768637532,0.6229214507228685,0.0,0.3258033261218693,0.0,0.658908507223114,0.0127713999999999,0.0,0.9834852926717954,0.6291666666666667,1.0
0.0,0.1975727347429609,1.0,0.9742391756205472,0.0,0.0220283092936135,0.0,0.538375835602872,0.4599820875622811,0.0,0.5666666666666667,0.0,0.9742391756205472,0.4934119578865649,0.5237155372964412,0.0,0.0,0.3333333333333321,0.2308369520153551,0.527471206185567,0.4701114040779138,0.0065253898353082,1.0,0.9742391756205472,0.9742391756205472,0.0,0.1947729704029478,0.0,0.1613499307916694,0.0,0.0,0.0,0.0,0.4961439588688945,0.4527599959083495,0.0,0.2311959969738396,0.0,0.658908507223114,0.0,0.0,0.9742391756205472,0.4541666666666666,1.0
0.0,0.4372804919680286,1.0,0.9971768192321152,0.1578947368421052,0.0220283092936135,0.0,0.6234216390195593,0.5403515503923726,0.0,0.68,0.0,0.9971768192321152,0.5593401884413891,0.5237155372964412,0.0,0.0,0.3333333333333321,0.4718947159309021,0.5089953298969072,0.4701114040779138,0.0079608539565237,1.0,0.9971768192321152,0.9971768192321152,0.0,0.5114109116842981,0.0,0.4147521906627245,1.0,0.0,0.0,0.1578947368421052,0.6195372750642673,0.5693148261691677,0.0,0.5231673811767517,0.0,0.658908507223114,0.0408163333333333,0.0,0.9971768192321152,0.5833333333333334,1.0
0.0,0.2712838291117461,1.0,0.9969983867395584,0.2631578947368421,0.0220283092936135,0.3333333333333333,0.8014359990096559,0.5939579686585146,0.0,0.7466666666666667,0.0,0.9969983867395584,0.7198012068676524,0.5237155372964412,0.0,0.0,0.3333333333333321,0.218518424184261,0.5959130927835051,0.4701114040779138,0.008887355837928,1.0,0.9969983867395584,0.9969983867395584,0.0,0.2672649471056698,0.0,0.2169692128524291,0.0,1.0,0.0,0.3157894736842105,0.6915167095115681,0.6431541725341221,0.0,0.3241575196103155,0.0,0.658908507223114,0.0724637666666666,0.0,0.9969983867395584,0.6583333333333333,1.0
0.0,0.6672487870776923,1.0,0.9617705384150452,0.1578947368421052,0.0220283092936135,0.3333333333333333,0.6340678385739045,0.515868125157918,0.0,0.6266666666666667,0.0,0.9617705384150452,0.5893509409011363,0.5237155372964412,0.0,0.0,0.3333333333333321,0.5900325959692898,0.5617459896907216,0.4701114040779138,0.0090758889500044,1.0,0.9617705384150452,0.9617705384150452,0.0,0.7855996671817426,0.0,0.6614551249514538,0.0,1.0,0.0,0.2105263157894736,0.6812339331619537,0.7261637162477115,0.0,0.7692419999203642,0.0,0.658908507223114,0.0493827,0.0,0.9617705384150452,0.7166666666666667,1.0
0.0,0.3701545160361937,1.0,0.6111072159573591,0.0526315789473684,0.0220283092936135,0.0,0.4199059173062639,0.5674442324558842,0.0,0.44,0.0,0.6111072159573591,0.6114598003590144,0.5237155372964412,0.0,0.0,0.3333333333333321,0.3832968857965451,0.5298344329896907,0.4701114040779138,0.0081390604932532,1.0,0.6111072159573591,0.6111072159573591,0.0,0.2551705693569476,0.0,0.3361539679043077,1.0,0.0,0.0,0.0526315789473684,0.3881748071979434,0.5680825533369309,0.0,0.2724473408279469,0.0,0.658908507223114,0.0217865,0.0,0.6111072159573591,0.3583333333333333,1.0
0.0,0.0768723737873731,1.0,0.980960899646492,0.4736842105263157,1.0,0.6666666666666666,0.2620698192621936,0.1522766829954575,0.0,0.1933333333333333,0.0,0.980960899646492,0.2330440661939264,0.9825768450230166,1.0,0.0,0.3333333333333321,0.2110451900191938,0.7525773195876289,1.0,0.0024176615350974,0.0,0.980960899646492,0.980960899646492,0.0,0.0718828004279091,0.0,0.0583351600550531,0.0,1.0,0.0,0.5789473684210527,0.1850899742930591,0.1790304135813396,0.0,0.0917935309185989,0.0,0.4004815409309791,0.4365079333333333,0.0,0.980960899646492,0.1833333333333333,10.0
0.0,0.3314382416108186,1.0,0.9959474953722404,0.4210526315789473,1.0,0.0,0.4160683337459767,0.3535368583530062,0.0,0.4466666666666667,0.0,0.9959474953722404,0.3718189900137741,0.9825768450230166,0.0,0.0,0.3333333333333321,0.5494190297504798,0.5171565051546392,1.0,0.005258664247421,1.0,0.9959474953722404,0.9959474953722404,0.0,0.3955336978485677,0.0,0.3200041173651692,1.0,0.0,0.0,0.4210526315789473,0.4087403598971721,0.3772778641094259,0.0,0.3974224546407762,0.0,0.4004815409309791,0.1587301666666666,0.0,0.9959474953722404,0.3875,10.0
0.0,0.069580899578363,1.0,0.8466026996849458,0.4736842105263157,1.0,0.0,0.2645456796236692,0.2016496596652835,0.0,0.22,0.0,0.8466026996849458,0.2737938772961332,0.9825768450230166,0.0,0.0,0.3333333333333321,0.1286771928982725,0.6676038762886598,1.0,0.0031515202246852,1.0,0.8466026996849458,0.8466026996849458,0.0,0.0488083917746344,0.0,0.0460007660746056,1.0,0.0,0.0,0.4736842105263157,0.2082262210796915,0.2315642661704417,0.0,0.0714465842878568,0.0,0.4004815409309791,0.3296703333333333,0.0,0.8466026996849458,0.2041666666666666,10.0
0.0,0.1332299048921229,1.0,0.9958261066006784,0.631578947368421,1.0,0.0,0.4601386481802426,0.3535799032497937,0.0,0.4466666666666667,0.0,0.9958261066006784,0.4112857650527937,0.9825768450230166,0.0,0.0,0.3333333333333321,0.1760140124760076,0.5719341391752577,1.0,0.0051931509595643,1.0,0.9958261066006784,0.9958261066006784,0.0,0.1239896588612861,0.0,0.1003028585778848,1.0,0.0,0.0,0.631578947368421,0.403598971722365,0.3691211465441785,0.0,0.1595768684549327,0.0,0.4004815409309791,0.2352941333333333,0.0,0.9958261066006784,0.3791666666666666,10.0
0.0,0.1575981392568471,1.0,0.9949862203240544,0.4210526315789473,1.0,0.0,0.3051497895518693,0.225195378226227,0.0,0.2866666666666667,0.0,0.9949862203240544,0.2706750739652253,0.9825768450230166,0.0,0.0,0.3333333333333321,0.3112297130518234,0.5909853659793814,1.0,0.0038071105472231,1.0,0.9949862203240544,0.9949862203240544,0.0,0.175873647925829,0.0,0.1420033233987414,1.0,0.0,0.0,0.4210526315789473,0.2956298200514138,0.2955461649045414,0.0,0.1893075667281632,0.0,0.4004815409309791,0.2150537666666666,0.0,0.9949862203240544,0.3041666666666666,10.0
0.0,0.173576941409716,1.0,0.8894716727916152,0.2631578947368421,1.0,0.6666666666666666,0.4519683089873731,0.3718663035106874,0.0,0.42,0.0,0.8894716727916152,0.4518500951026397,0.9825768450230166,0.0,0.0,0.3333333333333321,0.2240505547024951,0.5974472268041238,1.0,0.0055919027943457,1.0,0.8894716727916152,0.8894716727916152,0.0,0.154359324854392,0.0,0.139766374594251,0.0,1.0,0.0,0.3684210526315789,0.3881748071979434,0.4040736423591183,0.0,0.1858301368408478,0.0,0.4004815409309791,0.1467505333333333,0.0,0.8894716727916152,0.3708333333333333,10.0
0.0,0.1191590501543372,1.0,0.9695626573599052,0.894736842105263,1.0,0.0,0.2470908640752661,0.2145932121238112,0.0,0.2666666666666666,0.0,0.9695626573599052,0.2245367173330018,0.9825768450230166,0.0,0.0,0.3333333333333321,0.2379203838771593,0.5144330051546392,1.0,0.0036691264759497,1.0,0.9695626573599052,0.9695626573599052,0.0,0.1270801141091168,0.0,0.10521668622026,1.0,0.0,0.0,0.894736842105263,0.2776349614395886,0.286446162638208,0.0,0.1394953744873445,0.0,0.4004815409309791,0.4497354333333333,0.0,0.9695626573599052,0.2875,10.0
0.0,0.168466920567912,1.0,0.9914345735691802,0.7368421052631579,1.0,0.0,0.2604605100272344,0.2098590735682091,0.0,0.2666666666666666,0.0,0.9914345735691802,0.2314282038096441,0.9825768450230166,0.0,0.0,0.3333333333333321,0.4360314952015354,0.5422680257731959,1.0,0.0032227184641823,1.0,0.9914345735691802,0.9914345735691802,0.0,0.1957684535837394,0.0,0.1580632227616147,1.0,0.0,0.0,0.7368421052631579,0.2493573264781491,0.2348122281548432,0.0,0.2022882019563861,0.0,0.4004815409309791,0.4166666666666667,0.0,0.9914345735691802,0.2416666666666666,10.0
0.0,0.1938276141233964,1.0,0.9982334783164012,0.4210526315789473,1.0,0.0,0.2844763555335479,0.2298071028560209,0.0,0.2933333333333333,0.0,0.9982334783164012,0.2516439391622886,0.9825768450230166,0.0,0.0,0.3333333333333321,0.4537723416506717,0.5384254845360824,1.0,0.0035637434386146,1.0,0.9982334783164012,0.9982334783164012,0.0,0.228322239391418,0.0,0.183440049571149,1.0,0.0,0.0,0.4210526315789473,0.2776349614395886,0.2618531379223113,0.0,0.2339434320374819,0.0,0.4004815409309791,0.2279202333333333,0.0,0.9982334783164012,0.2708333333333333,10.0
0.0,0.2813090175661858,1.0,0.9824061628289176,0.6842105263157894,1.0,0.0,0.4087645456796236,0.3203967683363659,0.0,0.4,0.0,0.9824061628289176,0.3696579461305276,0.9825768450230166,0.0,0.0,0.3333333333333321,0.4550196084452975,0.5673539484536082,1.0,0.005062914783801,1.0,0.9824061628289176,0.9824061628289176,0.0,0.3240520622845596,0.0,0.2657529796722717,1.0,0.0,0.0,0.6842105263157894,0.3881748071979434,0.3783207449744057,0.0,0.3327847311628154,0.0,0.5818619582664527,0.2626262666666666,0.0,0.9824061628289176,0.3833333333333333,10.0
0.0,0.2146698180210103,1.0,0.9937446609027504,0.631578947368421,1.0,0.0,0.5893785590492696,0.4294794175785437,0.0,0.54,0.0,0.9937446609027504,0.5292523972411857,0.9825768450230166,0.0,0.0,0.3333333333333321,0.2371580009596929,0.6059564793814433,1.0,0.006563041524927,1.0,0.9937446609027504,0.9937446609027504,0.0,0.2166290265065969,0.0,0.1760544584066362,1.0,0.0,0.0,0.631578947368421,0.5089974293059125,0.4808625297303124,0.0,0.256188365209774,0.0,0.8033707865168539,0.1895734666666667,0.0,0.9937446609027504,0.4916666666666666,10.0
0.0,0.3822149924076806,1.0,0.9325045090711016,0.4210526315789473,1.0,0.3333333333333333,0.5238920524882397,0.4519634153581311,0.0,0.5333333333333333,0.0,0.9325045090711016,0.5012821143650735,0.9825768450230166,0.0,0.0,0.3333333333333321,0.4565535710172744,0.5453608402061856,1.0,0.006958730559902,1.0,0.9325045090711016,0.9325045090711016,0.0,0.4170331629620825,0.0,0.3611841946156648,0.0,1.0,0.0,0.4736842105263157,0.5064267352185089,0.5124421089640836,0.0,0.4281884183003066,0.0,0.8033707865168539,0.1449275333333333,0.0,0.9325045090711016,0.4916666666666666,10.0
0.0,0.3732501937585501,1.0,0.9999916318094856,1.0,1.0,0.0,0.1972022777915325,0.1707186209503193,0.0,0.22,0.0,0.9999916318094856,0.1727988934892536,0.9825768450230166,0.0,0.0,0.3333333333333321,0.9742082533589252,0.4976569896907216,1.0,0.0031622024800096,1.0,0.9999916318094856,0.9999916318094856,0.0,0.4826459051467966,0.0,0.3869842129803885,1.0,0.0,0.0,1.0,0.2467866323907455,0.2573084657351832,0.0,0.4517738874215256,0.0,0.8033707865168539,0.545977,0.0,0.9999916318094856,0.2666666666666666,10.0
0.0,0.1260070645256662,1.0,0.9343225401345584,0.3157894736842105,1.0,0.3333333333333333,0.3624659569200297,0.3026259467276997,0.0,0.36,0.0,0.9343225401345584,0.3440319357325987,0.9825768450230166,0.0,0.0,0.3333333333333321,0.211105404990403,0.5589919742268041,1.0,0.004371591467523,1.0,0.9343225401345584,0.9343225401345584,0.0,0.116025793414953,0.0,0.0997296634244696,0.0,1.0,0.0,0.3684210526315789,0.3187660668380462,0.3059927367078016,0.0,0.1419906295209906,0.0,0.8033707865168539,0.1767676666666666,0.0,0.9343225401345584,0.2958333333333333,10.0
0.0,0.2163015585373742,1.0,0.7364042992228884,0.4210526315789473,1.0,0.0,0.1478088635800941,0.1666243951911969,0.0,0.16,0.0,0.7364042992228884,0.1738234282459863,0.9825768450230166,0.0,0.0,0.3333333333333321,0.6161228406909789,0.5128865979381443,1.0,0.0029074466961214,1.0,0.7364042992228884,0.7364042992228884,0.0,0.2003149887079519,0.0,0.2162874005402426,1.0,0.0,0.0,0.4210526315789473,0.1670951156812339,0.227393232728549,0.0,0.19427153152914,0.0,0.8033707865168539,0.3603603666666666,0.0,0.7364042992228884,0.175,10.0
0.0,0.5307475124124773,0.0,0.343562762779102,0.0,0.022275062249041,0.0,0.3299083931666254,0.6211279395143992,0.0,0.2733333333333334,0.0,0.343562762779102,0.8464008810377244,0.1778912785229916,1.0,0.0,0.3333333333333321,0.4638956842610364,0.6701030927835051,0.1615041621226135,0.0093958211137706,0.0,0.343562762779102,0.343562762779102,0.0,0.208278854154285,0.0,0.4852789776580784,0.0,0.0,0.0,0.0,0.2519280205655526,0.677608197511566,0.0,0.2209097062766282,0.0,0.3828250401284109,0.0,0.0,0.343562762779102,0.2416666666666666,11.0
0.0,0.3570745814864744,1.0,0.9994842394133304,0.3157894736842105,0.022275062249041,0.0,0.8073780638771973,0.5924808406204289,0.0,0.7466666666666667,0.0,0.9994842394133304,0.7233262408845189,0.1778912785229916,0.0,0.0,0.3333333333333321,0.2889068368522073,0.6003313762886597,0.1615041621226135,0.0092936846442302,1.0,0.9994842394133304,0.9994842394133304,0.0,0.3824289789611316,0.0,0.3098329194224149,1.0,0.0,0.0,0.3157894736842105,0.7249357326478149,0.6946768729254628,0.0,0.4276707856071566,0.0,0.4004815409309791,0.0692041666666666,0.0,0.9994842394133304,0.7125,11.0
0.0,0.2974988988333445,1.0,0.9922705257960808,0.0,0.022275062249041,0.0,0.693612280267393,0.5268938594454505,0.0,0.66,0.0,0.9922705257960808,0.6251694716844863,0.1778912785229916,0.0,0.0,0.3333333333333321,0.2814032907869482,0.5834634896907217,0.1615041621226135,0.0080334116839349,1.0,0.9922705257960808,0.9922705257960808,0.0,0.3136812076548199,0.0,0.2557018200318883,0.0,0.0,0.0,0.0,0.6221079691516709,0.5885939729007781,0.0,0.354060762114596,0.0,0.4004815409309791,0.0,0.0,0.9922705257960808,0.6,11.0
0.0,0.1408438378838886,1.0,0.9780024275753948,0.4210526315789473,0.022275062249041,0.3333333333333333,0.3726169844020797,0.3218394924606623,0.0,0.4,0.0,0.9780024275753948,0.338501521657331,0.1778912785229916,0.0,0.0,0.3333333333333321,0.2150389510556621,0.517182144329897,0.1615041621226135,0.0048499504092697,1.0,0.9780024275753948,0.9780024275753948,0.0,0.1414923332937121,0.0,0.1164540273566351,0.0,1.0,0.0,0.4736842105263157,0.3701799485861182,0.350791654747999,0.0,0.1658282786722058,0.0,0.4004815409309791,0.1948051999999999,0.0,0.9780024275753948,0.3541666666666667,11.0
0.0,0.1470551903234704,1.0,0.9838648951307364,0.631578947368421,0.022275062249041,0.0,0.3078732359494924,0.2711201226251498,0.0,0.34,0.0,0.9838648951307364,0.2772018434918359,0.1778912785229916,0.0,0.0,0.3333333333333321,0.3069584827255278,0.5027289226804124,0.1615041621226135,0.0039171045802666,1.0,0.9838648951307364,0.9838648951307364,0.0,0.1592030191370498,0.0,0.1298380559418709,1.0,0.0,0.0,0.631578947368421,0.300771208226221,0.2739797365295576,0.0,0.1747076702547018,0.0,0.4004815409309791,0.3076923,0.0,0.9838648951307364,0.2791666666666667,11.0
0.0,0.4189788001800315,1.0,0.9670547340003948,0.3684210526315789,0.022275062249041,0.0,0.6029957910373855,0.4964993617673947,0.0,0.6066666666666667,0.0,0.9670547340003948,0.5571594626551994,0.1778912785229916,0.0,0.0,0.3333333333333321,0.4522215095969289,0.5518296237113401,0.1615041621226135,0.0076638364753083,1.0,0.9670547340003948,0.9670547340003948,0.0,0.4725870676334244,0.0,0.3950961711183012,1.0,0.0,0.0,0.3684210526315789,0.5784061696658097,0.5659312516959218,0.0,0.4862960062646829,0.0,0.5096308186195827,0.1001430666666666,0.0,0.9670547340003948,0.5625,11.0
0.0,0.1864721944672629,1.0,0.999692043921198,0.0526315789473684,0.022275062249041,0.0,0.4865065610299579,0.3575491547918491,0.0,0.4533333333333333,0.0,0.999692043921198,0.4332454872142356,0.1778912785229916,0.0,0.0,0.3333333333333321,0.2546515585412668,0.5958156391752577,0.1615041621226135,0.0054366642921636,1.0,0.999692043921198,0.999692043921198,0.0,0.1931831689052656,0.0,0.1557952119848285,1.0,0.0,0.0,0.0526315789473684,0.4241645244215937,0.3962920335931858,0.0,0.2242145919328935,0.0,0.5096308186195827,0.0199600666666666,0.0,0.999692043921198,0.4083333333333333,11.0
0.0,0.3299740801817562,1.0,0.9948665318621188,0.0,0.022275062249041,0.0,0.4116117850953206,0.3217463618661259,0.0,0.4066666666666667,0.0,0.9948665318621188,0.3676699701478838,0.1778912785229916,0.0,0.0,0.3333333333333321,0.5295905115163148,0.5619401855670103,0.1615041621226135,0.0051650502653415,1.0,0.9948665318621188,0.9948665318621188,0.0,0.3935575894449067,0.0,0.3188616485858039,0.0,0.0,0.0,0.0,0.4010282776349614,0.3900036322586217,0.0,0.3951793796371262,0.0,0.5658105939004815,0.0,0.0,0.9948665318621188,0.4,11.0
0.0,0.3981158247348162,1.0,0.9872192726295456,0.2631578947368421,0.022275062249041,0.0,0.5961871750433276,0.4917620228477192,0.0,0.6133333333333334,0.0,0.9872192726295456,0.5397180587531473,0.1778912785229916,0.0,0.0,0.3333333333333321,0.4341199001919386,0.5396683298969072,0.1615041621226135,0.007574029256988,1.0,0.9872192726295456,0.9872192726295456,0.0,0.4570307856888149,0.0,0.3743076970596201,1.0,0.0,0.0,0.2631578947368421,0.5835475578406168,0.5585088261434418,0.0,0.4716695645249061,0.0,0.5658105939004815,0.0715307666666666,0.0,0.9872192726295456,0.5666666666666667,11.0
0.0,0.9421092404360188,1.0,0.1464402667725792,0.0,0.022275062249041,0.0,0.1011388957662787,0.5828901495834166,0.0,0.1133333333333333,0.0,0.1464402667725792,0.5873198386302013,0.1778912785229916,0.0,0.0,0.3333333333333321,0.7691618761996161,0.4954517783505154,0.1615041621226135,0.0103469439536178,1.0,0.1464402667725792,0.1464402667725792,0.0,0.1786223701414477,0.0,0.9604181073369836,0.0,0.0,0.0,0.0,0.1182519280205655,0.8088116266577157,0.0,0.1698897044184595,0.0,0.5658105939004815,0.0,0.0,0.1464402667725792,0.125,11.0
0.0,0.3616678100872224,1.0,0.9988743950273344,0.7894736842105263,0.0242490858924605,0.0,0.5,0.3845464660059728,0.0,0.4866666666666667,0.0,0.9988743950273344,0.4460846496856943,0.477085705093303,1.0,0.0,0.3333333333333321,0.5517850499040307,0.5703996494845361,0.4287690332555667,0.0056719485732832,0.0,0.9988743950273344,0.9988743950273344,0.0,0.4271365743492214,0.0,0.3448243545752029,1.0,0.0,0.0,0.7894736842105263,0.4421593830334189,0.404794091362636,0.0,0.4346521906481027,0.0,0.4004815409309791,0.2659574333333333,0.0,0.9988743950273344,0.4166666666666667,12.0
0.0,0.1145328295982015,1.0,0.752995587163089,0.3157894736842105,0.0242490858924605,0.0,0.2204753651894033,0.1983777674548256,0.0,0.1933333333333333,0.0,0.752995587163089,0.2554729039708482,0.477085705093303,0.0,0.0,0.3333333333333321,0.2409416679462571,0.6331318711340206,0.4287690332555667,0.003368318038974,1.0,0.752995587163089,0.752995587163089,0.0,0.0913912991798407,0.0,0.0968410115766031,1.0,0.0,0.0,0.3157894736842105,0.1979434447300771,0.2603506201484387,0.0,0.1047608935136641,0.0,0.4004815409309791,0.2380952333333333,0.0,0.752995587163089,0.2041666666666666,12.0
0.0,0.2080682290824654,1.0,0.0892345496114842,0.0526315789473684,0.0242490858924605,0.0,0.0661054716513988,0.538067450553175,0.0,0.0666666666666666,0.0,0.0892345496114842,0.6028661477626496,0.477085705093303,0.0,0.0,0.0,0.2277089443378118,0.5505154793814433,0.4287690332555667,0.0073826408250922,1.0,0.0892345496114842,0.0892345496114842,0.0,0.0193896350885534,0.0,0.1609138336695468,1.0,0.0,0.0,0.0526315789473684,0.0514138817480719,0.457695702480655,0.0,0.0238907396838458,0.0,0.4004815409309791,0.1515151666666666,0.0,0.0892345496114842,0.0458333333333333,12.0
0.0,0.0627690112340136,1.0,0.998081517310969,0.4736842105263157,0.0242490858924605,0.0,0.2557563753404308,0.1657001300467941,0.0,0.2133333333333333,0.0,0.998081517310969,0.2242840772801348,0.477085705093303,0.0,0.0,0.0,0.1364240297504798,0.6655927835051546,0.4287690332555667,0.0027392199467607,1.0,0.998081517310969,0.998081517310969,0.0,0.0549150124806846,0.0,0.043954229648393,1.0,0.0,0.0,0.4736842105263157,0.2133676092544987,0.2086959824034527,0.0,0.0759592795614721,0.0,0.4004815409309791,0.3225806333333333,0.0,0.998081517310969,0.2166666666666666,12.0
0.0,0.020023783034174,1.0,0.8838679190147192,0.2631578947368421,0.0242490858924605,0.0,0.0230255013617232,0.0181076599273933,0.0,0.0266666666666666,0.0,0.8838679190147192,0.0176520712569424,0.477085705093303,0.0,0.0,0.3333333333333321,0.2783109404990403,0.4793814432989691,0.4287690332555667,0.000521741031003,1.0,0.8838679190147192,0.8838679190147192,0.0,0.0236984428860097,0.0,0.0198536006006852,1.0,0.0,0.0,0.2631578947368421,0.0359897172236503,0.046208577398041,0.0,0.0231209269606997,0.0,0.4004815409309791,0.8333333333333334,0.0,0.8838679190147192,0.0458333333333333,12.0
0.0,0.0952431427709309,1.0,0.9352532429488742,0.1578947368421052,0.0242490858924605,0.0,0.2847239415696955,0.2224654676716023,0.0,0.2666666666666666,0.0,0.9352532429488742,0.2681711449649309,0.477085705093303,0.0,0.0,0.3333333333333321,0.2085021708253359,0.5927835051546392,0.4287690332555667,0.0032754312248486,1.0,0.9352532429488742,0.9352532429488742,0.0,0.0871567811719957,0.0,0.0745012228428501,1.0,0.0,0.0,0.1578947368421052,0.2390745501285346,0.2314496019522318,0.0,0.1078666896725641,0.0,0.4004815409309791,0.1030928,0.0,0.9352532429488742,0.225,12.0
0.0,0.0436758899303501,1.0,0.9854551513830668,0.1578947368421052,0.0242490858924605,0.0,0.1567219608814063,0.1028593812832147,0.0,0.1333333333333333,0.0,0.9854551513830668,0.1365329893954061,0.477085705093303,0.0,0.0,0.3333333333333321,0.176199621880998,0.6525773092783504,0.4287690332555667,0.0016378489924158,1.0,0.9854551513830668,0.9854551513830668,0.0,0.0409188161179127,0.0,0.0326972642903504,1.0,0.0,0.0,0.1578947368421052,0.1259640102827763,0.1201907640177313,0.0,0.0528383526007724,0.0,0.4004815409309791,0.1886792333333333,0.0,0.9854551513830668,0.125,12.0
0.0,0.1746341716360242,1.0,0.9291646675526278,0.5263157894736842,0.0242490858924605,0.0,0.3056449616241644,0.2526312993366125,0.0,0.3,0.0,0.9291646675526278,0.2906319496897416,0.477085705093303,0.0,0.0,0.3333333333333321,0.343180621880998,0.5656357216494845,0.4287690332555667,0.0040059040386506,1.0,0.9291646675526278,0.9291646675526278,0.0,0.1833026268869606,0.0,0.158360183543871,1.0,0.0,0.0,0.5263157894736842,0.2904884318766066,0.2989000932871818,0.0,0.19599697383964,0.0,0.4004815409309791,0.2688172,0.0,0.9291646675526278,0.2875,12.0
0.0,0.1595461213649812,1.0,0.9893980693884354,0.631578947368421,0.0242490858924605,0.0,0.3549145828175291,0.2696039501453685,0.0,0.34,0.0,0.9893980693884354,0.3177595700653184,0.477085705093303,0.0,0.0,0.3333333333333321,0.3072616660268714,0.5795431649484536,0.4287690332555667,0.0040616598391243,1.0,0.9893980693884354,0.9893980693884354,0.0,0.1712528230120052,0.0,0.1390257616716013,1.0,0.0,0.0,0.631578947368421,0.313624678663239,0.2930873769518796,0.0,0.1905153763455132,0.0,0.4004815409309791,0.2962963,0.0,0.9893980693884354,0.3,12.0
0.0,0.1050103376814798,1.0,0.8268450684869714,0.4210526315789473,0.0242490858924605,0.0,0.1872988363456301,0.1935639398337955,0.0,0.2066666666666667,0.0,0.8268450684869714,0.1980952510926232,0.477085705093303,0.0,0.0,0.3333333333333321,0.2642626621880998,0.5031592783505154,0.4287690332555667,0.0030674769980004,1.0,0.8268450684869714,0.8268450684869714,0.0,0.0961458457149649,0.0,0.0926996951927098,1.0,0.0,0.0,0.4210526315789473,0.1979434447300771,0.2272184187975815,0.0,0.1054510704378641,0.0,0.4004815409309791,0.3100775333333334,0.0,0.8268450684869714,0.1958333333333333,12.0
0.0,0.1048199485829248,1.0,0.7511209124514906,0.3157894736842105,0.0242490858924605,0.0,0.0533547907897994,0.0568208639414819,0.0,0.06,0.0,0.7511209124514906,0.057103712080027,0.477085705093303,0.0,0.0,0.3333333333333321,0.7131023147792706,0.4936998917525773,0.4287690332555667,0.0011840458011162,1.0,0.7511209124514906,0.7511209124514906,0.0,0.1048823249732556,0.0,0.1077488455350927,1.0,0.0,0.0,0.3157894736842105,0.0694087403598971,0.0978752205846772,0.0,0.0988943896579642,0.0,0.4004815409309791,0.5882352999999999,0.0,0.7511209124514906,0.0791666666666666,12.0
0.0,0.0578085701614875,1.0,0.7511822569556582,0.1052631578947368,0.0242490858924605,0.0,0.0986630354048031,0.0994282709601044,0.0,0.1,0.0,0.7511822569556582,0.1107736462238162,0.477085705093303,0.0,0.0,0.3333333333333321,0.3364986487523992,0.5477663402061855,0.4287690332555667,0.0014470494084828,1.0,0.7511822569556582,0.7511822569556582,0.0,0.0494918578390586,0.0,0.0508452443310368,1.0,0.0,0.0,0.1052631578947368,0.0848329048843187,0.0978671352872393,0.0,0.0542717969818032,0.0,0.4004815409309791,0.1851852,0.0,0.7511822569556582,0.0791666666666666,12.0
0.0,0.3794251195093485,1.0,0.9956464072107528,0.7368421052631579,0.0242490858924605,0.0,0.3650656102995791,0.300061334977467,0.0,0.38,0.0,0.9956464072107528,0.3254821250614682,0.477085705093303,0.0,0.0,0.3333333333333321,0.6617662428023032,0.5333695154639175,0.4287690332555667,0.0048632538284283,1.0,0.9956464072107528,0.9956464072107528,0.0,0.4661684298110067,0.0,0.3771744814891645,1.0,0.0,0.0,0.7368421052631579,0.377892030848329,0.3691877889957877,0.0,0.4550522278114756,0.0,0.3788121990369181,0.2880658333333333,0.0,0.9956464072107528,0.3791666666666666,12.0
0.0,0.1093888791427972,1.0,0.9341153690753752,0.4736842105263157,0.0242490858924605,0.3333333333333333,0.3460014855162169,0.2627148464409311,0.0,0.3133333333333333,0.0,0.9341153690753752,0.3275853005186216,0.477085705093303,0.0,0.0,0.3333333333333321,0.1901936890595009,0.6130730515463917,0.4287690332555667,0.0039494102022235,1.0,0.9341153690753752,0.9341153690753752,0.0,0.097171044811601,0.0,0.0834471404229709,0.0,1.0,0.0,0.5263157894736842,0.287917737789203,0.2841990624730107,0.0,0.1233823978339062,0.0,0.4004815409309791,0.2710027,0.0,0.9341153690753752,0.275,12.0
0.0,0.0066371594801089,1.0,0.5292856162440512,0.1578947368421052,0.0242490858924605,0.0,0.0240158455063134,0.0100793866310231,0.0,0.0133333333333333,0.0,0.5292856162440512,0.0204970088505998,0.477085705093303,0.0,0.0,0.3333333333333321,0.104798461612284,1.0,0.4287690332555667,0.0003734017323845,1.0,0.5292856162440512,0.5292856162440512,0.0,0.0040562225127778,0.0,0.0049959721539747,1.0,0.0,0.0,0.1578947368421052,0.0154241645244215,0.0308659904826248,0.0,0.0056806869914922,0.0,0.4004815409309791,1.0,0.0,0.5292856162440512,0.0208333333333333,12.0
0.0,0.1237946678529894,1.0,0.7736062737024412,0.0526315789473684,0.0242490858924605,0.0,0.1397623174052983,0.137923210144386,0.0,0.14,0.0,0.7736062737024412,0.1554888516964923,0.477085705093303,0.0,0.0,0.3333333333333321,0.4659309021113244,0.5542464484536083,0.4287690332555667,0.0022141048959711,1.0,0.7736062737024412,0.7736062737024412,0.0,0.1154166171401402,0.0,0.1177264490386197,1.0,0.0,0.0,0.0526315789473684,0.1336760925449871,0.1636634482691032,0.0,0.1175689845108371,0.0,0.4004815409309791,0.0617284,0.0,0.7736062737024412,0.1333333333333333,12.0
0.0,0.1227163704686615,1.0,0.98841178978692,0.4736842105263157,0.0242490858924605,0.0,0.3559049269621193,0.2590779527079,0.0,0.3266666666666666,0.0,0.98841178978692,0.3186989785790146,0.477085705093303,0.0,0.0,0.3333333333333321,0.2246778195777351,0.6048811288659794,0.4287690332555667,0.0039324106752986,1.0,0.98841178978692,0.98841178978692,0.0,0.1217461072150243,0.0,0.0988942029518994,1.0,0.0,0.0,0.4736842105263157,0.3033419023136246,0.2851156411916504,0.0,0.1463971437293444,0.0,0.4004815409309791,0.234375,0.0,0.98841178978692,0.2916666666666667,12.0
0.0,0.0706710707869873,1.0,0.9434373999505308,0.3684210526315789,0.0242490858924605,0.0,0.2826194602624412,0.2148809248540114,0.0,0.26,0.0,0.9434373999505308,0.2637109511355916,0.477085705093303,0.0,0.0,0.3333333333333321,0.1337637437619961,0.6034892783505155,0.4287690332555667,0.0032470173346456,1.0,0.9434373999505308,0.9434373999505308,0.0,0.0569505527160347,0.0,0.048276694660638,1.0,0.0,0.0,0.3684210526315789,0.2390745501285346,0.2337709398484496,0.0,0.0806577916992952,0.0,0.4004815409309791,0.2310230999999999,0.0,0.9434373999505308,0.2291666666666666,12.0
0.0,0.6796136006369848,1.0,0.998395641179592,0.1578947368421052,0.0242490858924605,0.0,0.8738549145828176,0.7267138709699617,0.0,0.9133333333333334,0.0,0.998395641179592,0.7849992868790663,0.477085705093303,0.0,0.0,0.3333333333333321,0.5363396996161228,0.531191206185567,0.4287690332555667,0.0108874461154343,1.0,0.998395641179592,0.998395641179592,0.0,0.8054498989658861,0.0,0.6537240636019487,1.0,0.0,0.0,0.1578947368421052,0.8483290488431876,0.7895225570610679,0.0,0.8126833282454907,0.0,0.6492776886035313,0.0299401333333333,0.0,0.998395641179592,0.8083333333333333,12.0
0.0,0.3674197214413482,1.0,0.5824418626631909,0.5789473684210527,0.0242490858924605,0.0,0.1348105966823471,0.1831912398354436,0.0,0.14,0.0,0.5824418626631909,0.1992252464804425,0.477085705093303,0.0,0.0,0.3333333333333321,0.793132877159309,0.5346097268041237,0.4287690332555667,0.003675999991515,1.0,0.5824418626631909,0.5824418626631909,0.0,0.2762837275644835,0.0,0.3777876561581676,1.0,0.0,0.0,0.5789473684210527,0.1670951156812339,0.3085389928782005,0.0,0.2607408783828624,0.0,0.6492776886035313,0.4761904666666667,0.0,0.5824418626631909,0.1875,12.0
0.0,0.4299267030535939,0.0,0.9851230909148556,0.0,0.0336929944592745,0.0,0.8024263431542461,0.568625166798975,0.0,0.7066666666666667,0.0,0.9851230909148556,0.7289890536649544,0.5237279116962827,1.0,0.0,0.3333333333333321,0.3915054990403071,0.6304221030927836,0.4715581385717638,0.0087269965320698,0.0,0.9851230909148556,0.9851230909148556,0.0,0.4727802210864139,0.0,0.3884024286964741,0.0,0.0,0.0,0.0,0.6709511568123393,0.6426152752094367,0.0,0.507850762512775,0.0,0.6211878009630819,0.0,0.0,0.9851230909148556,0.65,13.0
0.0,0.1617916832639173,1.0,0.9634158713635084,0.3157894736842105,0.0336929944592745,0.0,0.5640009903441446,0.4485372655993346,0.0,0.5466666666666667,0.0,0.9634158713635084,0.5224633385559538,0.5237279116962827,0.0,0.0,0.3333333333333321,0.1642445806142034,0.5727935463917526,0.4715581385717638,0.0065986984426719,1.0,0.9634158713635084,0.9634158713635084,0.0,0.1423986687269701,0.0,0.1193163363734741,1.0,0.0,0.0,0.3157894736842105,0.4961439588688945,0.4705644333890933,0.0,0.187157400156617,0.0,0.6211878009630819,0.1,0.0,0.9634158713635084,0.4666666666666667,13.0
0.0,0.261059384435988,1.0,0.9423194963802908,0.2631578947368421,0.0336929944592745,0.0,0.5354048031691013,0.4529174438884167,0.0,0.54,0.0,0.9423194963802908,0.5070396255463452,0.5237279116962827,0.0,0.0,0.3333333333333321,0.3196843714011516,0.5504645515463917,0.4715581385717638,0.0065716499683825,1.0,0.9423194963802908,0.9423194963802908,0.0,0.2672649471056698,0.0,0.2288783742012753,1.0,0.0,0.0,0.2631578947368421,0.4832904884318765,0.4637623706582106,0.0,0.2956346309544351,0.0,0.6211878009630819,0.0859106666666666,0.0,0.9423194963802908,0.45,13.0
0.0,0.0977612627566389,1.0,0.9860494262671898,0.4210526315789473,0.0336929944592745,0.0,0.304159445407279,0.2380571613826788,0.0,0.3,0.0,0.9860494262671898,0.2725044172319203,0.5237279116962827,0.0,0.0,0.3333333333333321,0.1791803138195777,0.5628865824742267,0.4715581385717638,0.0037413996593789,1.0,0.9860494262671898,0.9860494262671898,0.0,0.0943183168905265,0.0,0.076769250249352,1.0,0.0,0.0,0.4210526315789473,0.287917737789203,0.2775147265730038,0.0,0.1163479022603294,0.0,0.6211878009630819,0.2203856666666666,0.0,0.9860494262671898,0.2833333333333333,13.0
0.0,0.1507999950018335,1.0,0.9126941015959004,0.2631578947368421,0.0336929944592745,0.0,0.2790294627383016,0.2864165827504537,0.0,0.3333333333333333,0.0,0.9126941015959004,0.270694423125924,0.5237279116962827,0.0,0.0,0.3333333333333321,0.3194229510556621,0.4647422886597938,0.4715581385717638,0.0040060137066436,1.0,0.9126941015959004,0.9126941015959004,0.0,0.1533044098419113,0.0,0.1346123927796058,1.0,0.0,0.0,0.2631578947368421,0.2853470437017994,0.2729696868723558,0.0,0.1663459113653558,0.0,0.6211878009630819,0.1424501333333333,0.0,0.9126941015959004,0.2583333333333333,13.0
0.0,0.3619480938088786,1.0,0.996301293132146,0.1052631578947368,0.0336929944592745,0.3333333333333333,0.4701658826442189,0.3908943881455954,0.0,0.4933333333333333,0.0,0.996301293132146,0.4206315279226976,0.5237279116962827,0.0,0.0,0.3333333333333321,0.5235215547024952,0.5291167577319588,0.4715581385717638,0.0059180287297201,1.0,0.996301293132146,0.996301293132146,0.0,0.4295732794484726,0.0,0.3478831604044476,0.0,1.0,0.0,0.1578947368421052,0.4601542416452441,0.430435877159831,0.0,0.4336301978949604,0.0,0.6211878009630819,0.0546447999999999,0.0,0.996301293132146,0.4416666666666666,13.0
0.0,0.2298788693261054,1.0,0.9776449291415966,0.0526315789473684,0.0336929944592745,0.6666666666666666,0.6001485516216886,0.4420090029441749,0.0,0.5466666666666667,0.0,0.9776449291415966,0.5478637107140018,0.5237279116962827,0.0,0.0,0.3333333333333321,0.2402328080614203,0.6095046597938144,0.4715581385717638,0.0069069682551757,1.0,0.9776449291415966,0.9776449291415966,0.0,0.2305955069535243,0.0,0.1905711741179662,0.0,1.0,0.0,0.1578947368421052,0.5269922879177378,0.5138469906461685,0.0,0.2698193594627238,0.0,0.6211878009630819,0.0478469,0.0,0.9776449291415966,0.5166666666666666,13.0
0.0,0.3564820107190584,1.0,0.999615163254562,0.0,0.0336929944592745,0.0,0.5283486011388958,0.4002724149899292,0.0,0.5066666666666667,0.0,0.999615163254562,0.4712640929444738,0.5237279116962827,0.0,0.0,0.3333333333333321,0.4372298522072936,0.5789473608247423,0.4715581385717638,0.0065244986593646,1.0,0.999615163254562,0.999615163254562,0.0,0.4163051230238916,0.0,0.3364633911498425,0.0,0.0,0.0,0.0,0.5089974293059125,0.4984675298742552,0.0,0.4280158740692566,0.0,0.6211878009630819,0.0,0.0,0.999615163254562,0.5125,13.0
0.0,0.3554666701714432,1.0,0.9981007874867344,0.1052631578947368,0.0336929944592745,0.0,0.4790789799455311,0.390189667976629,0.0,0.4933333333333333,0.0,0.9981007874867344,0.4278291462799316,0.5237279116962827,0.0,0.0,0.3333333333333321,0.5030923502879078,0.5391474072164948,0.4715581385717638,0.0059733636422205,1.0,0.9981007874867344,0.9981007874867344,0.0,0.4205990728634256,0.0,0.3400597329172505,1.0,0.0,0.0,0.1052631578947368,0.4652956298200513,0.4378438471805282,0.0,0.4265691570550682,0.0,0.6211878009630819,0.0362319,0.0,0.9981007874867344,0.45,13.0
0.0,0.682630839694065,1.0,0.2299722112730061,0.0526315789473684,0.0336929944592745,0.0,0.1686060906164892,0.626347893336346,0.0,0.1866666666666666,0.0,0.2299722112730061,0.6387980096738549,0.5237279116962827,0.0,0.0,0.3333333333333321,0.6135012581573897,0.5014727474226804,0.4715581385717638,0.0097397606880185,1.0,0.2299722112730061,0.2299722112730061,0.0,0.1947135385712587,0.0,0.6728233162691101,1.0,0.0,0.0,0.0526315789473684,0.1748071979434447,0.7103862383337427,0.0,0.1914975511991824,0.0,0.6211878009630819,0.0476190333333333,0.0,0.2299722112730061,0.1708333333333333,13.0
0.0,0.2097009072987887,1.0,0.9961058242039208,0.4736842105263157,0.0353529688866955,0.0,0.3508294132210943,0.2195864201511563,0.0,0.28,0.0,0.9961058242039208,0.3106794290097797,1.0,1.0,0.0,0.3333333333333321,0.4385120585412668,0.6956308092783505,0.8968207733403277,0.0037036274337677,0.0,0.9961058242039208,0.9961058242039208,0.0,0.2410109354570307,0.0,0.1943046139166668,1.0,0.0,0.0,0.4736842105263157,0.287917737789203,0.2870136035129392,0.0,0.252392392126674,0.0,0.4004815409309791,0.2459016333333333,0.0,0.9961058242039208,0.2958333333333333,14.0
0.0,0.2732149738248858,1.0,0.9621979829193562,0.631578947368421,0.0353529688866955,0.0,0.3703887100767516,0.2938587093667775,0.0,0.36,0.0,0.9621979829193562,0.3413880579022328,1.0,0.0,0.0,0.3333333333333321,0.4838933378119002,0.5712103711340206,0.8968207733403277,0.004655745189552,1.0,0.9621979829193562,0.9621979829193562,0.0,0.3109027695233567,0.0,0.2600146031010954,1.0,0.0,0.0,0.631578947368421,0.3496143958868894,0.3480642144122877,0.0,0.3169239345393733,0.0,0.4004815409309791,0.2684563666666666,0.0,0.9621979829193562,0.3458333333333333,14.0
0.0,0.0944621601884019,1.0,0.9772278531920662,0.6842105263157894,0.0353529688866955,0.0,0.3087397870760089,0.2238285027304706,0.0,0.28,0.0,0.9772278531920662,0.2786839508322112,1.0,0.0,0.0,0.3333333333333321,0.1628735882917466,0.6121747525773196,0.8968207733403277,0.0037414668433746,1.0,0.9772278531920662,0.9772278531920662,0.0,0.0882562700582432,0.0,0.0725148301999425,1.0,0.0,0.0,0.6842105263157894,0.2853470437017994,0.2883786712303679,0.0,0.1114237553588256,0.0,0.4004815409309791,0.3466666666666667,0.0,0.9772278531920662,0.2916666666666667,14.0
0.0,0.0039951655579108,1.0,0.5936326671753592,0.0,0.0353529688866955,0.0,0.0148551621688536,0.0089869423545622,0.0,0.0133333333333333,0.0,0.5936326671753592,0.0113042640119792,1.0,0.0,0.0,0.3333333333333321,0.2936660268714011,0.6185567010309279,0.8968207733403277,0.0001664631694722,1.0,0.5936326671753592,0.5936326671753592,0.0,0.0045465351242125,0.0,0.0031191216722555,0.0,0.0,0.0,0.0,0.0077120822622107,0.0068800981016089,0.0,0.0051365090320268,0.0,0.4004815409309791,0.0,0.0,0.5936326671753592,0.0083333333333333,14.0
0.0,0.0,1.0,3.293933158561507e-05,0.0,0.0353529688866955,0.0,0.0100272344639762,0.0,0.0,0.0066666666666666,0.0,3.293933158561507e-05,0.0,1.0,0.0,0.0,0.0,0.0748560460652591,0.8350515463917526,0.8968207733403277,1.0,1.0,3.293933158561507e-05,3.293933158561507e-05,0.0,0.0005794603589682,0.0,0.0,0.0,0.0,0.0,0.0,0.0025706940874035,0.0,0.0,0.001075083285773,0.0,0.4004815409309791,0.0,0.0,3.293933158561507e-05,0.0041666666666666,14.0
0.0,0.1329773233859431,1.0,0.9493620121557468,0.6842105263157894,0.0353529688866955,0.0,0.3863580094082693,0.3034514806404376,0.0,0.3666666666666667,0.0,0.9493620121557468,0.361024443509458,1.0,0.0,0.0,0.3333333333333321,0.2010076746641075,0.5850046701030928,0.8968207733403277,0.0046493014539595,1.0,0.9493620121557468,0.9493620121557468,0.0,0.1244799714727207,0.0,0.1054668768230293,1.0,0.0,0.0,0.6842105263157894,0.3444730077120822,0.339864007747185,0.0,0.1521043759871521,0.0,0.4004815409309791,0.2927928,0.0,0.9493620121557468,0.3333333333333333,14.0
0.0,0.1727692758226631,1.0,0.9910101296112688,0.3157894736842105,0.0353529688866955,1.0,0.3691507798960138,0.2745486726570015,0.0,0.3466666666666667,0.0,0.9910101296112688,0.3301084249933733,1.0,0.0,0.0,0.3333333333333321,0.3186685633397312,0.5911974587628865,0.8968207733403277,0.0042212435650316,1.0,0.9910101296112688,0.9910101296112688,0.0,0.1874777130631166,0.0,0.15206165033319,0.0,1.0,0.0,0.4736842105263157,0.326478149100257,0.3090957758608544,0.0,0.2065354445668476,0.0,0.4004815409309791,0.2189780999999999,0.0,0.9910101296112688,0.3166666666666666,14.0
0.0,0.1741958282673828,1.0,0.9975000447581504,0.5263157894736842,0.0353529688866955,0.0,0.5308244615003714,0.3904245746996178,0.0,0.4933333333333333,0.0,0.9975000447581504,0.4743376458461464,1.0,0.0,0.0,0.3333333333333321,0.2227844702495201,0.5973808814432989,0.8968207733403277,0.005679763652789,1.0,0.9975000447581504,0.9975000447581504,0.0,0.170732794484726,0.0,0.1380057461560339,1.0,0.0,0.0,0.5263157894736842,0.4421593830334189,0.4012573862560969,0.0,0.2089112459020745,0.0,0.4004815409309791,0.1821493666666666,0.0,0.9975000447581504,0.4125,14.0
0.0,0.1083268280369942,1.0,0.9140307783380686,0.5263157894736842,0.0353529688866955,0.0,0.1785095320623917,0.1926107113945282,0.0,0.2266666666666666,0.0,0.9140307783380686,0.1713073676773202,1.0,0.0,0.0,0.3333333333333321,0.3126148656429942,0.4372347010309278,0.8968207733403277,0.0028829956736678,1.0,0.9140307783380686,0.9140307783380686,0.0,0.1137376678949245,0.0,0.0992029504592561,1.0,0.0,0.0,0.5263157894736842,0.2056555269922879,0.2055450439883057,0.0,0.1202235111423755,0.0,0.4004815409309791,0.3663003666666666,0.0,0.9140307783380686,0.1958333333333333,14.0
0.0,0.1570770969011092,1.0,0.9191425091842556,0.4736842105263157,0.0353529688866955,0.3333333333333333,0.3219856400099034,0.2786028938652061,0.0,0.3266666666666666,0.0,0.9191425091842556,0.3100454868921864,1.0,0.0,0.0,0.3333333333333321,0.3124464913627639,0.5472333453608247,0.8968207733403277,0.0040495835158881,1.0,0.9191425091842556,0.9191425091842556,0.0,0.1572120527754665,0.0,0.1371769101636411,0.0,1.0,0.0,0.5263157894736842,0.2904884318766066,0.2843852693230952,0.0,0.174442217591548,0.0,0.4004815409309791,0.2688172,0.0,0.9191425091842556,0.2708333333333333,14.0
0.0,0.3493857159084299,1.0,0.9910767084019332,0.3684210526315789,0.0353529688866955,0.0,0.344268383263184,0.2906789876416341,0.0,0.3666666666666667,0.0,0.9910767084019332,0.308136929585233,1.0,0.0,0.0,0.3333333333333321,0.6049862092130518,0.5212746082474227,0.8968207733403277,0.0048192058272141,1.0,0.9910767084019332,0.9910767084019332,0.0,0.4261708070842743,0.0,0.3464017794467789,1.0,0.0,0.0,0.3684210526315789,0.3727506426735218,0.3708899891154746,0.0,0.417092496980476,0.0,0.5842696629213483,0.1525054333333333,0.0,0.9910767084019332,0.3791666666666666,14.0
0.0,0.0,1.0,0.0,0.0526315789473684,0.0353529688866955,0.0,0.0,0.0,0.0,0.0,0.0,0.0,0.0,1.0,0.0,0.0,0.3333333333333321,1.0,0.0,0.8968207733403277,0.0,1.0,0.0,0.0,0.0,0.0077409960774991,0.0,0.0,1.0,0.0,0.0,0.0,0.0,0.0,0.0,0.0063974091820076,0.0,0.5666726116164318,0.0,0.0,0.0,0.0041666666666666,14.0
0.0,0.1854696552367649,1.0,0.989246708492283,0.3157894736842105,0.0353529688866955,0.0,0.4096310968061401,0.312788382806428,0.0,0.3933333333333333,0.0,0.989246708492283,0.3677801529092978,1.0,0.0,0.0,0.3333333333333321,0.3133748474088291,0.5781932731958762,0.8968207733403277,0.0046616336691796,1.0,0.989246708492283,0.989246708492283,0.0,0.1989183406632592,0.0,0.161789273680392,1.0,0.0,0.0,0.3157894736842105,0.3598971722365038,0.3344184374182665,0.0,0.2210955231408359,0.0,0.5882825040128411,0.1360544333333333,0.0,0.989246708492283,0.3416666666666667,14.0
0.0,0.1071661374413795,1.0,0.8814872521619519,0.5263157894736842,0.0353529688866955,0.3333333333333333,0.3871007675167121,0.3026085047434996,0.0,0.34,0.0,0.8814872521619519,0.3890137428040244,1.0,0.0,0.0,0.3333333333333321,0.1368247850287907,0.6321002525773196,0.8968207733403277,0.0047457233318614,1.0,0.8814872521619519,0.8814872521619519,0.0,0.0815553310353025,0.0,0.0743843582979143,0.0,1.0,0.0,0.5789473684210527,0.326478149100257,0.3521335691136737,0.0,0.1138393745935256,0.0,0.5882825040128411,0.2637889666666666,0.0,0.8814872521619519,0.3208333333333333,14.0
0.0,0.0418817606461454,1.0,0.2550897518438107,0.1578947368421052,0.0353529688866955,0.0,0.0342906660064372,0.0836554366424724,0.0,0.0333333333333333,0.0,0.2550897518438107,0.0973349468054387,1.0,0.0,0.0,0.3333333333333321,0.1415110786948176,0.5711340360824743,0.8968207733403277,0.001936925465501,1.0,0.2550897518438107,0.2550897518438107,0.0,0.0120498038749554,0.0,0.03498869063713,1.0,0.0,0.0,0.1578947368421052,0.0385604113110539,0.1601094700271286,0.0,0.013922992182419,0.0,0.5882825040128411,0.5263158,0.0,0.2550897518438107,0.0458333333333333,14.0
0.0,0.4616308085465959,1.0,0.6445962476433624,0.4736842105263157,0.0353529688866955,0.0,0.2612032681356772,0.3393307622675155,0.0,0.28,0.0,0.6445962476433624,0.3574277713663335,1.0,0.0,0.0,0.3333333333333321,0.6575079568138196,0.5179185000000001,0.8968207733403277,0.0058254817875732,1.0,0.6445962476433624,0.6445962476433624,0.0,0.3715529537620349,0.0,0.4630663502126647,1.0,0.0,0.0,0.4736842105263157,0.2930591259640102,0.4561993099321141,0.0,0.3593963606439882,0.0,0.5882825040128411,0.2419355,0.0,0.6445962476433624,0.3041666666666666,14.0
0.0,0.0817443216414211,1.0,0.9794323879711828,0.5263157894736842,0.0353529688866955,0.0,0.1334488734835355,0.0817041746669101,0.0,0.1066666666666666,0.0,0.9794323879711828,0.1154477689949107,1.0,0.0,0.0,0.3333333333333321,0.3488346621880998,0.6945876288659794,0.8968207733403277,0.0016815521816519,1.0,0.9794323879711828,0.9794323879711828,0.0,0.094511470343516,0.0,0.0763550150325624,1.0,0.0,0.0,0.5263157894736842,0.1285347043701799,0.1417798557264425,0.0,0.0982174853669219,0.0,0.5882825040128411,0.5464481,0.0,0.9794323879711828,0.1458333333333333,14.0
0.0,0.0,1.0,0.0,0.0,0.0353529688866955,0.0,0.0048279277048774,0.0,0.0,0.0066666666666666,0.0,0.0,0.0,1.0,0.0,0.0,0.3333333333333321,0.4472168905950096,0.4020618556701031,0.8968207733403277,0.0,1.0,0.0,0.0,0.0,0.0034619041958873,0.0,0.0,0.0,0.0,0.0,0.0,0.0025706940874035,0.0,0.0,0.0030925235257422,0.0,0.5882825040128411,0.0,0.0,0.0,0.0041666666666666,14.0
0.0,0.0,1.0,0.0013832518901691,0.0,0.0353529688866955,0.0,0.0070562020302054,0.0,0.0,0.0066666666666666,0.0,0.0013832518901691,0.0,1.0,0.0,0.0,0.3333333333333321,0.0633397312859884,0.5876288659793815,0.8968207733403277,0.0238129661659727,1.0,0.0013832518901691,0.0013832518901691,0.0,0.0004903126114346,0.0,0.0,0.0,0.0,0.0,0.0,0.0025706940874035,0.0,0.0,0.0006769042910422,0.0,0.5882825040128411,0.0,0.0,0.0013832518901691,0.0041666666666666,14.0
0.0,0.3840541428956038,1.0,0.9512326194600036,0.7368421052631579,0.0353529688866955,0.0,0.2499381034909631,0.2243367205453292,0.0,0.2733333333333334,0.0,0.9512326194600036,0.2316265330737236,1.0,0.0,0.0,0.3333333333333321,0.8968688023032629,0.5076691134020619,0.8968207733403277,0.0037052013176682,1.0,0.9512326194600036,0.9512326194600036,0.0,0.4651580886722928,0.0,0.3923614333020863,1.0,0.0,0.0,0.7368421052631579,0.275064267352185,0.2833786497920793,0.0,0.4418061399200988,0.0,0.5882825040128411,0.3825136666666666,0.0,0.9512326194600036,0.2791666666666667,14.0
0.0,0.0786472985388989,1.0,0.5950432573771683,0.1052631578947368,0.0353529688866955,0.0,0.2120574399603862,0.2510363979006252,0.0,0.1933333333333333,0.0,0.5950432573771683,0.3108821604516565,1.0,0.0,0.0,0.3333333333333321,0.1482443195777351,0.608958412371134,0.8968207733403277,0.0034320835549413,1.0,0.5950432573771683,0.5950432573771683,0.0,0.039016997503863,0.0,0.0518417861293237,1.0,0.0,0.0,0.1052631578947368,0.1593830334190231,0.2265037275058756,0.0,0.0570723225780762,0.0,0.5882825040128411,0.1025640999999999,0.0,0.5950432573771683,0.1416666666666666,14.0
0.0,0.2958200094989183,1.0,0.7267272703692674,0.3157894736842105,0.0353529688866955,0.0,0.2530329289428076,0.2716172991839551,0.0,0.2533333333333333,0.0,0.7267272703692674,0.3063370708038092,1.0,0.0,0.0,0.3333333333333321,0.5035952754318618,0.5545306649484536,0.8968207733403277,0.0047138593458766,1.0,0.7267272703692674,0.7267272703692674,0.0,0.2611880423154641,0.0,0.288376502370631,1.0,0.0,0.0,0.3157894736842105,0.2673521850899742,0.3709218402871996,0.0,0.2599312477602432,0.0,0.5882825040128411,0.1801801666666666,0.0,0.7267272703692674,0.2791666666666667,14.0
0.0,0.3941725282224758,1.0,0.9282270301421888,0.4210526315789473,0.011148747167949,0.3333333333333333,0.4775934637286457,0.3620875910843617,0.0,0.4266666666666667,0.0,0.9282270301421888,0.4576248566734273,0.505410706330743,1.0,0.0,0.3333333333333321,0.5415620710172745,0.6214561855670103,0.4524358425709907,0.0059262093692028,0.0,0.9282270301421888,0.9282270301421888,0.0,0.4359919172708903,0.0,0.3789046904565196,0.0,1.0,0.0,0.4736842105263157,0.429305912596401,0.4532030947088466,0.0,0.440160333408545,0.0,0.5947030497592295,0.1694915333333333,0.0,0.9282270301421888,0.4333333333333333,2.0
0.0,0.1303233932068289,1.0,0.9829203564635784,0.0,0.011148747167949,0.0,0.5357761822233226,0.3853604786080464,0.0,0.48,0.0,0.9829203564635784,0.4856405436650162,0.505410706330743,0.0,0.0,0.3333333333333321,0.1509710451055662,0.6197021701030928,0.4524358425709907,0.0054959186004161,1.0,0.9829203564635784,0.9829203564635784,0.0,0.108685962201355,0.0,0.0890981967387421,0.0,0.0,0.0,0.0,0.4215938303341902,0.3822781305567279,0.0,0.1540156351618597,0.0,0.8675762439807384,0.0,0.0,0.9829203564635784,0.3875,2.0
0.0,0.2668864118335292,1.0,0.9994076588013342,0.0526315789473684,0.011148747167949,0.0,0.7479574152017826,0.5711739367470443,0.0,0.7200000000000001,0.0,0.9994076588013342,0.6699449898863971,0.505410706330743,0.0,0.0,0.3333333333333321,0.2428761228406909,0.5767468298969072,0.4524358425709907,0.0082397129868875,1.0,0.9994076588013342,0.9994076588013342,0.0,0.2688547486033519,0.0,0.217584425852693,1.0,0.0,0.0,0.0526315789473684,0.6426735218508997,0.5803039704323123,0.0,0.3198439138340656,0.0,0.9959871589085072,0.0132275,0.0,0.9994076588013342,0.5958333333333333,2.0
0.0,0.2696389407365218,1.0,0.9900107476238088,0.7894736842105263,0.011148747167949,0.0,0.5495172072295123,0.4095443497652293,0.0,0.5133333333333334,0.0,0.9900107476238088,0.4949846686127943,0.505410706330743,0.0,0.0,0.3333333333333321,0.3327945700575815,0.5943231855670104,0.4524358425709907,0.0063216207761954,1.0,0.9900107476238088,0.9900107476238088,0.0,0.2936823962914537,0.0,0.2395078136497815,1.0,0.0,0.0,0.7894736842105263,0.4884318766066837,0.4661744843938446,0.0,0.3207464528887886,0.0,1.0,0.2427184333333333,0.0,0.9900107476238088,0.475,2.0
0.0,0.1401706269446846,1.0,0.99854696873634,0.2631578947368421,0.011148747167949,0.0,0.3473632087150284,0.3259031547428835,0.0,0.4133333333333334,0.0,0.99854696873634,0.3092478957648835,0.505410706330743,0.0,0.0,0.3333333333333321,0.2510354596928983,0.4665779845360825,0.4524358425709907,0.0045192549741842,1.0,0.99854696873634,0.99854696873634,0.0,0.1476881017472958,0.0,0.1188877277961336,1.0,0.0,0.0,0.2631578947368421,0.352185089974293,0.3067628000365063,0.0,0.1686553495347942,0.0,1.0,0.1165501,0.0,0.99854696873634,0.3166666666666666,2.0
0.0,0.5587277784807394,1.0,0.9918072080925936,0.2631578947368421,0.011148747167949,0.0,0.9264669472641744,0.7261622882219081,0.0,0.9066666666666668,0.0,0.9918072080925936,0.8377451371031396,0.505410706330743,0.0,0.0,0.3333333333333321,0.4043062763915547,0.5673135206185567,0.4524358425709907,0.0111922500241573,1.0,0.9918072080925936,0.9918072080925936,0.0,0.6322061095922976,0.0,0.5166270571354085,1.0,0.0,0.0,0.2631578947368421,0.8663239074550128,0.827711009418759,0.0,0.6635652947188193,0.0,1.0,0.0485908666666666,0.0,0.9918072080925936,0.8416666666666667,2.0
0.0,0.1108076753729642,1.0,0.5618140730093616,0.1578947368421052,0.011148747167949,0.0,0.268630849220104,0.3323554087512995,0.0,0.24,0.0,0.5618140730093616,0.420047775999481,0.505410706330743,0.0,0.0,0.3333333333333321,0.1363531689059501,0.6214203969072164,0.4524358425709907,0.0049835764128186,1.0,0.5618140730093616,0.5618140730093616,0.0,0.0527754665398787,0.0,0.0749842563281815,1.0,0.0,0.0,0.1578947368421052,0.2185089974293059,0.3562160317972698,0.0,0.0754283742351645,0.0,1.0,0.1123595666666666,0.0,0.5618140730093616,0.2083333333333333,2.0
0.0,0.5959474601002123,1.0,0.9837763123331424,0.9473684210526316,0.011148747167949,0.0,0.5565734092597178,0.4609457171847869,0.0,0.5733333333333334,0.0,0.9837763123331424,0.5052269439229642,0.505410706330743,0.0,0.0,0.3333333333333321,0.7010087437619961,0.5389594639175258,0.4524358425709907,0.0072991933623698,1.0,0.9837763123331424,0.9837763123331424,0.0,0.7217253060739331,0.0,0.59306111177778,1.0,0.0,0.0,0.9473684210526316,0.5604113110539846,0.5480087198707823,0.0,0.7038742816187304,0.0,1.0,0.2531645666666666,0.0,0.9837763123331424,0.5541666666666667,2.0
0.0,0.0,0.0,0.0,0.0,0.0,0.0,0.0048279277048774,0.0,0.0,0.0066666666666666,0.0,0.0,0.0,0.0,0.0,0.0,1.0,0.0,0.4020618556701031,0.0,0.0,0.0,0.0,0.0,0.0,0.0,0.0,0.0,0.0,0.0,0.0,0.0,0.0,0.0,0.0,0.0,0.0,0.0,0.0,0.0,0.0,0.0,2.0
0.0,0.7613439692453978,1.0,0.5146126442958595,0.0,0.011148747167949,0.0,0.5601634067838575,0.870815383958079,0.0,0.5666666666666667,0.0,0.5146126442958595,0.971919201410562,0.505410706330743,0.0,0.0,0.3333333333333321,0.4678918464491362,0.548817469072165,0.4524358425709907,0.0135056894218461,1.0,0.5146126442958595,0.5146126442958595,0.0,0.4599875193153453,0.0,0.7223302818179065,0.0,0.0,0.0,0.0,0.5424164524421593,1.0,0.0,0.4704484822743984,0.0,1.0,0.0,0.0,0.5146126442958595,0.5291666666666667,2.0
0.0,0.4457848099273471,0.0,0.9950007563043896,0.0,0.0114179322102335,0.0,0.8749690517454816,0.6165973441138665,0.0,0.7733333333333334,0.0,0.9950007563043896,0.7876776656981317,0.4738931099341682,1.0,0.0,0.3333333333333321,0.3684774385796545,0.6281549896907216,0.424340479575919,0.0095010855911133,0.0,0.9950007563043896,0.9950007563043896,0.0,0.4906097705931296,0.0,0.3992880296551409,0.0,0.0,0.0,0.0,0.7377892030848329,0.701911866582792,0.0,0.5315556853324132,0.0,0.4004815409309791,0.0,0.0,0.9950007563043896,0.7166666666666667,3.0
0.0,0.2515908904524637,1.0,1.0,0.0526315789473684,0.0114179322102335,0.0,0.646199554345135,0.4961466816465041,0.0,0.6266666666666667,0.0,1.0,0.5776131980309576,0.4738931099341682,0.0,0.0,0.3333333333333321,0.255394641074856,0.5724939587628866,0.424340479575919,0.0074113491392766,1.0,1.0,1.0,0.0,0.2609651729466302,0.0,0.2109507025707077,1.0,0.0,0.0,0.0526315789473684,0.5784061696658097,0.5350337775550918,0.0,0.3018860411717081,0.0,0.4004815409309791,0.0146842999999999,0.0,1.0,0.55,3.0
0.0,0.1945527234354295,1.0,0.9940837226458936,0.0526315789473684,0.0114179322102335,0.6666666666666666,0.608937855904927,0.4722663650216848,0.0,0.5933333333333334,0.0,0.9940837226458936,0.5472420282715926,0.4738931099341682,0.0,0.0,0.3333333333333321,0.2034065115163147,0.5697903608247423,0.424340479575919,0.0068590206182081,1.0,0.9940837226458936,0.9940837226458936,0.0,0.1873737073576607,0.0,0.1522428044972179,0.0,1.0,0.0,0.1578947368421052,0.5321336760925449,0.484807052339438,0.0,0.2321516265611934,0.0,0.4004815409309791,0.0473933666666666,0.0,0.9940837226458936,0.4958333333333333,3.0
0.0,0.186912841267686,1.0,0.9983181270642716,0.0,0.0114179322102335,0.0,0.4821738053973756,0.4168242179230309,0.0,0.5266666666666667,0.0,0.9983181270642716,0.4308728563746596,0.4738931099341682,0.0,0.0,0.3333333333333321,0.2608765297504798,0.5082865824742268,0.424340479575919,0.0057410996769098,1.0,0.9983181270642716,0.9983181270642716,0.0,0.1938666349696897,0.0,0.1565308842257261,0.0,0.0,0.0,0.0,0.4473007712082261,0.3886552251540953,0.0,0.2243605908976282,0.0,0.4004815409309791,0.0,0.0,0.9983181270642716,0.4,3.0
0.0,0.5475366912643871,1.0,0.9747219635362264,0.0,0.0114179322102335,0.0,0.9800693240901214,0.7662570894064908,0.0,0.94,0.0,0.9747219635362264,0.9019985872523298,0.4738931099341682,0.0,0.0,0.3333333333333321,0.3715487898272552,0.5788550206185566,0.424340479575919,0.0117601602922404,1.0,0.9747219635362264,0.9747219635362264,0.0,0.598240817782004,0.0,0.4975110106105932,0.0,0.0,0.0,0.0,0.8946015424164524,0.8673602055135604,0.0,0.6389711054776157,0.0,0.6404494382022472,0.0,0.0,0.9747219635362264,0.8666666666666667,3.0
0.0,0.8382345003213952,1.0,0.996895034585798,0.0,0.0114179322102335,0.0,1.0,0.7973775896746015,0.0,1.0,0.0,0.996895034585798,0.9002795804332901,0.4738931099341682,0.0,0.0,0.3333333333333321,0.5382597293666026,0.5551889948453608,0.424340479575919,0.0128533081231053,1.0,0.996895034585798,0.996895034585798,0.0,1.0,0.0,0.8136536517527654,0.0,0.0,0.0,0.0,1.0,0.9791705587369296,0.0,1.0,0.0,0.6404494382022472,0.0,0.0,0.996895034585798,1.0,3.0
0.0,0.2381394729228809,1.0,0.0266745574369092,0.0,0.0114179322102335,0.0,0.0354048031691012,1.0,0.0,0.04,0.0,0.0266745574369092,1.0,0.4738931099341682,0.0,0.0,0.3333333333333321,0.1273192629558541,0.4914089484536083,0.424340479575919,0.013583453908928,1.0,0.0266745574369092,0.0266745574369092,0.0,0.0059134672530607,0.0,0.150625854262374,0.0,0.0,0.0,0.0,0.0282776349614395,0.7655660657616442,0.0,0.0085608483867114,0.0,0.6404494382022472,0.0,0.0,0.0266745574369092,0.025,3.0
0.0,0.4083608779153161,1.0,0.9949805526252996,0.5789473684210527,0.017295138966778,0.0,0.6011388957662788,0.4450314267751099,0.0,0.56,0.0,0.9949805526252996,0.5393861023423059,0.424553284165718,1.0,0.0,0.3333333333333321,0.5027217466410748,0.5959744793814433,0.3810295559022073,0.0067866278867865,0.0,0.9949805526252996,0.9949805526252996,0.0,0.4747711874479971,0.0,0.3854788819877274,1.0,0.0,0.0,0.5789473684210527,0.5269922879177378,0.4966845992846962,0.0,0.4880479938414983,0.0,0.6404494382022472,0.1689708,0.0,0.9949805526252996,0.5083333333333333,4.0
0.0,0.1153511765486,1.0,0.971355950585268,0.4736842105263157,0.017295138966778,0.0,0.3190146075761327,0.2416582110380876,0.0,0.3,0.0,0.971355950585268,0.2901556166916023,0.424553284165718,0.0,0.0,0.3333333333333321,0.2496177399232245,0.5903780051546391,0.3810295559022073,0.0034927991151014,1.0,0.971355950585268,0.971355950585268,0.0,0.1140051111375252,0.0,0.0939776058833233,1.0,0.0,0.0,0.4736842105263157,0.2647814910025706,0.2438705788889208,0.0,0.1355268571731946,0.0,0.64446227929374,0.2654867333333333,0.0,0.971355950585268,0.2458333333333333,4.0
0.0,0.0538050177590309,1.0,0.7352675588891403,0.5789473684210527,0.017295138966778,0.0,0.1185937113146818,0.108836061190321,0.0,0.1066666666666666,0.0,0.7352675588891403,0.1366726184826152,0.424553284165718,0.0,0.0,0.3333333333333321,0.1643474088291746,0.6172680412371134,0.3810295559022073,0.002105558282836,1.0,0.7352675588891403,0.7352675588891403,0.0,0.040710804707001,0.0,0.0436914021177963,1.0,0.0,0.0,0.5789473684210527,0.1208226221079691,0.1721972347057717,0.0,0.0485645647239956,0.0,0.6436597110754414,0.6214689333333333,0.0,0.7352675588891403,0.1333333333333333,4.0
0.0,0.2602083003329398,1.0,0.997114507885219,0.3157894736842105,0.017295138966778,0.3333333333333333,0.5440703144342659,0.4280280524712491,0.0,0.54,0.0,0.997114507885219,0.4869154918062882,0.424553284165718,0.0,0.0,0.3333333333333321,0.3401222744721689,0.5593737989690721,0.3810295559022073,0.0062105142552222,1.0,0.997114507885219,0.997114507885219,0.0,0.2843515987162724,0.0,0.2301308670179042,0.0,1.0,0.0,0.3684210526315789,0.4832904884318765,0.4382770231159879,0.0,0.3118272434068195,0.0,0.64446227929374,0.1190476333333333,0.0,0.997114507885219,0.45,4.0
0.0,0.0797356402484169,1.0,0.9424534874467306,0.7368421052631579,0.017295138966778,0.3333333333333333,0.3130725427085912,0.2377478461949831,0.0,0.2866666666666667,0.0,0.9424534874467306,0.2931796190942906,0.424553284165718,0.0,0.0,0.3333333333333321,0.130338291746641,0.6063294175257732,0.3810295559022073,0.0037047656096958,1.0,0.9424534874467306,0.9424534874467306,0.0,0.0645726851301557,0.0,0.0549402059380297,0.0,1.0,0.0,0.7894736842105263,0.2724935732647814,0.2730174636299433,0.0,0.0907317202659835,0.0,0.64446227929374,0.4098360666666666,0.0,0.9424534874467306,0.2666666666666666,4.0
0.0,0.1500088304542968,1.0,0.9767030242873892,0.5789473684210527,0.017295138966778,0.0,0.3072542708591235,0.2348729591478326,0.0,0.2933333333333333,0.0,0.9767030242873892,0.277803101808526,0.424553284165718,0.0,0.0,0.3333333333333321,0.3433183310940499,0.581537030927835,0.3810295559022073,0.0035074017541778,1.0,0.9767030242873892,0.9767030242873892,0.0,0.1621151788898134,0.0,0.1329832791894955,1.0,0.0,0.0,0.5789473684210527,0.2673521850899742,0.2508987849390509,0.0,0.177242743187821,0.0,0.64446227929374,0.3160919666666666,0.0,0.9767030242873892,0.2541666666666666,4.0
0.0,0.0583434075796329,1.0,0.9973568853554898,0.2631578947368421,0.017295138966778,0.0,0.2026491705867789,0.1711695522482637,0.0,0.22,0.0,0.9973568853554898,0.1780213073372755,0.424553284165718,0.0,0.0,0.3333333333333321,0.1745704750479846,0.5114026804123711,0.3810295559022073,0.0024109431355223,1.0,0.9973568853554898,0.9973568853554898,0.0,0.0554053250921193,0.0,0.0441499731777794,1.0,0.0,0.0,0.2631578947368421,0.1876606683804627,0.1638020008661068,0.0,0.0707033168310261,0.0,0.6404494382022472,0.2109704666666666,0.0,0.9973568853554898,0.1708333333333333,4.0
0.0,0.1629407956039071,1.0,0.9396061022712237,0.7368421052631579,0.017295138966778,0.0,0.2806387719732607,0.261179631794913,0.0,0.3133333333333333,0.0,0.9396061022712237,0.2641315656376786,0.424553284165718,0.0,0.0,0.3333333333333321,0.320756791746641,0.4972581752577319,0.3810295559022073,0.0040665573548146,1.0,0.9396061022712237,0.9396061022712237,0.0,0.1738083917746345,0.0,0.1485182490504393,1.0,0.0,0.0,0.7368421052631579,0.2982005141388174,0.2999253335032062,0.0,0.1848346893540209,0.0,0.64446227929374,0.3562341,0.0,0.9396061022712237,0.2916666666666667,4.0
0.0,0.2207661420219258,1.0,0.9936645463138836,0.4210526315789473,0.017295138966778,0.0,0.2994553107204754,0.2469706553817562,0.0,0.3133333333333333,0.0,0.9936645463138836,0.266532836422034,0.424553284165718,0.0,0.0,0.3333333333333321,0.5118361928982725,0.530598824742268,0.3810295559022073,0.0037127269131922,1.0,0.9936645463138836,0.9936645463138836,0.0,0.2615000594318317,0.0,0.2111082279504599,1.0,0.0,0.0,0.4210526315789473,0.287917737789203,0.2671673834201176,0.0,0.2651872104906893,0.0,0.64446227929374,0.2203856666666666,0.0,0.9936645463138836,0.275,4.0
0.0,0.2853094104105148,1.0,0.9541723881252108,1.0,0.017295138966778,0.0,0.2498143104728893,0.206872173778489,0.0,0.2533333333333333,0.0,0.9541723881252108,0.2303268355768896,0.424553284165718,0.0,0.0,0.0,0.6538802898272552,0.5474769381443298,0.3810295559022073,0.00359022183694,1.0,0.9541723881252108,0.9541723881252108,0.0,0.3391328895756567,0.0,0.2851773638148462,1.0,0.0,0.0,1.0,0.2673521850899742,0.2825055601732949,0.0,0.3292143928433962,0.0,0.64446227929374,0.5107527,0.0,0.9541723881252108,0.2791666666666667,4.0
0.0,0.251384112405054,1.0,0.9932263665213432,0.2105263157894736,0.017295138966778,0.0,0.7202277791532558,0.5317582528188407,0.0,0.6666666666666667,0.0,0.9932263665213432,0.6486091768356917,0.424553284165718,0.0,0.0,0.3333333333333321,0.2268389596928982,0.5997938195876288,0.3810295559022073,0.0079925173785212,1.0,0.9932263665213432,0.9932263665213432,0.0,0.2493462498514204,0.0,0.2030437711323486,1.0,0.0,0.0,0.2105263157894736,0.6195372750642673,0.5798034170182036,0.0,0.2994438766706927,0.0,0.64446227929374,0.0542005333333333,0.0,0.9932263665213432,0.5916666666666667,4.0
0.0,0.3700300904341374,1.0,0.9974699726153464,0.4736842105263157,0.017295138966778,0.3333333333333333,0.4403317652884377,0.3423003800912391,0.0,0.4333333333333333,0.0,0.9974699726153464,0.3927237460750044,0.424553284165718,0.0,0.0,0.3333333333333321,0.5419186756238004,0.5641554226804123,0.3810295559022073,0.0056138897449551,1.0,0.9974699726153464,0.9974699726153464,0.0,0.4446689646974919,0.0,0.3596871719016064,0.0,1.0,0.0,0.5263157894736842,0.4370179948586117,0.4299316486105233,0.0,0.4439164885921718,0.0,0.64446227929374,0.1841620666666666,0.0,0.9974699726153464,0.4416666666666666,4.0
0.0,0.3860901239170106,1.0,0.9865337811348778,0.0,0.017295138966778,0.0,0.5721713295370141,0.4596572506088292,0.0,0.5733333333333334,0.0,0.9865337811348778,0.5179293310908868,0.424553284165718,0.0,0.0,0.3333333333333321,0.4376053176583493,0.5540637783505155,0.3810295559022073,0.0072120142238833,1.0,0.9865337811348778,0.9865337811348778,0.0,0.4437626292642339,0.0,0.3635947314945599,0.0,0.0,0.0,0.0,0.5552699228791773,0.5381969664209023,0.0,0.4572422122824948,0.0,0.64446227929374,0.0,0.0,0.9865337811348778,0.5458333333333333,4.0
0.0,1.0,1.0,0.1429009222579431,0.0,0.017295138966778,0.0,0.1333250804654617,0.7466588599119036,0.0,0.14,0.0,0.1429009222579431,0.8030104170002126,0.424553284165718,0.0,0.0,0.3333333333333321,0.6665752504798464,0.5287186907216495,0.3810295559022073,0.0126777573302079,1.0,0.1429009222579431,0.1429009222579431,0.0,0.1805984785451087,0.0,1.0,0.0,0.0,0.0,0.0,0.1413881748071979,0.9717483781934628,0.0,0.1751058492494326,0.0,0.64446227929374,0.0,0.0,0.1429009222579431,0.1458333333333333,4.0
0.0,0.4800646719440636,0.0,0.9735742878778224,0.0,0.0111263150810919,0.0,0.9893538004456548,0.7397617552972826,0.0,0.9066666666666668,0.0,0.9735742878778224,0.9113906243576314,0.1893437855763995,1.0,0.0,0.3333333333333321,0.3457116765834933,0.605821706185567,0.1703529866508372,0.0109958553965781,0.0,0.9735742878778224,0.9735742878778224,0.0,0.50846903601569,0.0,0.4231600129064526,0.0,0.0,0.0,0.0,0.8354755784061696,0.7928710952454163,0.0,0.5597733034256667,0.0,0.6404494382022472,0.0,0.0,0.9735742878778224,0.7916666666666666,5.0
0.0,0.3336358494966712,0.0,0.9985316659497028,0.0,0.0111263150810919,0.0,0.8105966823471157,0.6144169360706474,0.0,0.7733333333333334,0.0,0.9985316659497028,0.7271525183853614,0.1893437855763995,0.0,0.0,0.3333333333333321,0.2692624203454894,0.5819409948453608,0.1703529866508372,0.0093355382975832,1.0,0.9985316659497028,0.9985316659497028,0.0,0.3501723523118982,0.0,0.2839435702174676,0.0,0.0,0.0,0.0,0.7275064267352185,0.6830689583993071,0.0,0.399200987483907,0.0,0.6404494382022472,0.0,0.0,0.9985316659497028,0.7,5.0
0.0,0.1106426545201826,1.0,0.98416294940642,0.0526315789473684,0.0111263150810919,0.0,0.3942807625649913,0.3144040866088926,0.0,0.3933333333333333,0.0,0.98416294940642,0.3558723368187164,0.1893437855763995,0.0,0.0,0.3333333333333321,0.1657069788867562,0.5565263041237114,0.1703529866508372,0.0045518362481236,1.0,0.98416294940642,0.98416294940642,0.0,0.1000534886485201,0.0,0.0817490402378922,1.0,0.0,0.0,0.0526315789473684,0.3496143958868894,0.3195461453038203,0.0,0.1311336155979985,0.0,0.6404494382022472,0.0241546,0.0,0.98416294940642,0.325,5.0
0.0,0.3073666187781421,1.0,0.9661382671117744,0.2631578947368421,0.0111263150810919,0.0,0.5144837831146324,0.4693609144976332,0.0,0.5733333333333334,0.0,0.9661382671117744,0.4755541368151235,0.1893437855763995,0.0,0.0,0.3333333333333321,0.3936815902111324,0.4982018608247422,0.1703529866508372,0.0066823859893791,1.0,0.9661382671117744,0.9661382671117744,0.0,0.3382711280161654,0.0,0.2826161475995472,1.0,0.0,0.0,0.2631578947368421,0.5038560411311054,0.4650110590943365,0.0,0.3568214698113959,0.0,0.6404494382022472,0.0825082666666666,0.0,0.9661382671117744,0.4624999999999999,5.0
0.0,0.4097995182420104,1.0,0.9945714781328344,0.0,0.0111263150810919,0.0,0.8674176776429809,0.6329555250205263,0.0,0.7933333333333333,0.0,0.9945714781328344,0.7813828816741406,0.1893437855763995,0.0,0.0,0.3333333333333321,0.3093531161228407,0.6070345824742268,0.1703529866508372,0.0100350926413406,1.0,0.9945714781328344,0.9945714781328344,0.0,0.4430197313681208,0.0,0.3608570913051666,0.0,0.0,0.0,0.0,0.7789203084832904,0.7555995891198848,0.0,0.4882338107057059,0.0,0.6404494382022472,0.0,0.0,0.9945714781328344,0.7708333333333334,5.0
0.0,0.6271916556890886,1.0,0.9926877351032288,0.2105263157894736,0.0111263150810919,0.0,0.7199801931171083,0.6180339875464232,0.0,0.7733333333333334,0.0,0.9926877351032288,0.6496370899640594,0.1893437855763995,0.0,0.0,0.3333333333333321,0.5729650690978886,0.5168858969072164,0.1703529866508372,0.0094236777720089,1.0,0.9926877351032288,0.9926877351032288,0.0,0.7495691192202544,0.0,0.6113941398088913,1.0,0.0,0.0,0.2105263157894736,0.730077120822622,0.6912044826849069,0.0,0.7462670719243991,0.0,0.6404494382022472,0.0461361,0.0,0.9926877351032288,0.7041666666666666,5.0
0.0,0.4798195307112352,1.0,0.4923673600962734,0.0,0.0111263150810919,0.0,0.4423124535776182,0.7367953378376325,0.0,0.46,0.0,0.4923673600962734,0.7999213541585333,0.1893437855763995,0.0,0.0,0.3333333333333321,0.3859690777351247,0.5338413195876289,0.1703529866508372,0.0105032860517301,1.0,0.4923673600962734,0.4923673600962734,0.0,0.2659128729347438,0.0,0.4349552286905701,0.0,0.0,0.0,0.0,0.403598971722365,0.729967113665194,0.0,0.2844458012025006,0.0,0.6404494382022472,0.0,0.0,0.4923673600962734,0.3708333333333333,5.0
0.0,0.4201189332439762,1.0,0.9968438585999844,0.1052631578947368,0.0114627963839475,0.0,0.7875711809853925,0.5726429038567428,0.0,0.7200000000000001,0.0,0.9968438585999844,0.7072345200382454,0.1897057367717666,1.0,0.0,0.3333333333333321,0.4006177495201535,0.6072928453608247,0.1707174312179903,0.0085252538608288,0.0,0.9968438585999844,0.9968438585999844,0.0,0.4682782598359681,0.0,0.3800964329929923,1.0,0.0,0.0,0.1052631578947368,0.6632390745501284,0.6145737486317778,0.0,0.5022364386870711,0.0,0.4662921348314607,0.0255427999999999,0.0,0.9968438585999844,0.6291666666666667,6.0
0.0,0.1503947556792413,1.0,0.9969256401590728,0.0526315789473684,0.0114627963839475,0.0,0.5734092597177519,0.4334605104676707,0.0,0.5466666666666667,0.0,0.9969256401590728,0.5133718794501393,0.1897057367717666,0.0,0.0,0.3333333333333321,0.1624959261036468,0.5823485,0.1707174312179903,0.0061786502692374,1.0,0.9969256401590728,0.9969256401590728,0.0,0.1333353143943896,0.0,0.1079128735420844,1.0,0.0,0.0,0.0526315789473684,0.4807197943444729,0.430166367245235,0.0,0.1800698140504094,0.0,0.4662921348314607,0.0176367,0.0,0.9969256401590728,0.4416666666666666,6.0
0.0,0.2228085236914545,1.0,0.9995981268188936,0.3157894736842105,0.0114627963839475,0.0,0.4700420896261451,0.3522456714675861,0.0,0.4466666666666667,0.0,0.9995981268188936,0.4185169631199483,0.1897057367717666,0.0,0.0,0.3333333333333321,0.3152783003838771,0.584243737113402,0.1707174312179903,0.0054701268620472,1.0,0.9995981268188936,0.9995981268188936,0.0,0.2440568168310947,0.0,0.1968825353507392,1.0,0.0,0.0,0.3157894736842105,0.4267352185089973,0.4045010605827662,0.0,0.2678948276548585,0.0,0.4662921348314607,0.1156069333333333,0.0,0.9995981268188936,0.4166666666666667,6.0
0.0,0.1366501919515484,1.0,0.9966494565327012,0.7368421052631579,0.0114627963839475,0.0,0.4663282990839317,0.3532878700280943,0.0,0.4466666666666667,0.0,0.9966494565327012,0.4164447054347598,0.1897057367717666,0.0,0.0,0.3333333333333321,0.1817088790786948,0.5796276391752577,0.1707174312179903,0.0051888600758357,1.0,0.9966494565327012,0.9966494565327012,0.0,0.1280013075002971,0.0,0.1034621062115882,1.0,0.0,0.0,0.7368421052631579,0.403598971722365,0.3688162328271651,0.0,0.1638241110653942,0.0,0.4646869983948635,0.2713178333333333,0.0,0.9966494565327012,0.3791666666666666,6.0
0.0,0.0952082856645095,1.0,0.977346641490082,0.631578947368421,0.0114627963839475,0.0,0.1386481802426343,0.1364641641633152,0.0,0.1733333333333333,0.0,0.977346641490082,0.1232468760933633,0.1897057367717666,0.0,0.0,0.3333333333333321,0.3175517130518234,0.4440919948453608,0.1707174312179903,0.0023591966387949,1.0,0.977346641490082,0.977346641490082,0.0,0.1106174967312492,0.0,0.0901449539035822,1.0,0.0,0.0,0.631578947368421,0.1799485861182519,0.18387130166551,0.0,0.1131624703024833,0.0,0.4662921348314607,0.4819277,0.0,0.977346641490082,0.1875,6.0
0.0,0.4354986620560372,1.0,0.975983393242576,0.2105263157894736,0.0114627963839475,0.0,0.5601634067838575,0.4810248013814052,0.0,0.5933333333333334,0.0,0.975983393242576,0.5127561861584627,0.1897057367717666,0.0,0.0,0.3333333333333321,0.5389984193857965,0.5241515154639175,0.1707174312179903,0.0070537267538941,1.0,0.975983393242576,0.975983393242576,0.0,0.5048585522405801,0.0,0.4178561715119114,1.0,0.0,0.0,0.2105263157894736,0.5372750642673522,0.5021676559926449,0.0,0.5105318344106288,0.0,0.4911717495987159,0.0623053,0.0,0.975983393242576,0.5041666666666667,6.0
0.0,0.2835496770328872,1.0,0.9800817728908432,0.0526315789473684,0.0114627963839475,0.0,0.8087397870760089,0.5987666756970272,0.0,0.7400000000000001,0.0,0.9800817728908432,0.7388440381790002,0.1897057367717666,0.0,0.0,0.3333333333333321,0.2231285988483685,0.6067613814432989,0.1707174312179903,0.0090743644661008,1.0,0.9800817728908432,0.9800817728908432,0.0,0.2763580173540949,0.0,0.2282402967711073,1.0,0.0,0.0,0.0526315789473684,0.6940874035989717,0.6625897575207048,0.0,0.3330634564591269,0.0,0.5,0.0122548999999999,0.0,0.9800817728908432,0.6666666666666666,6.0
0.0,0.6845719115486009,1.0,0.9832188441515198,0.7894736842105263,0.0114627963839475,0.0,0.6948502104481308,0.596856218363401,0.0,0.7400000000000001,0.0,0.9832188441515198,0.6327449369965245,0.1897057367717666,0.0,0.0,0.3333333333333321,0.6463180806142034,0.5213151134020618,0.1707174312179903,0.0091794175114569,1.0,0.9832188441515198,0.9832188441515198,0.0,0.820515868299061,0.0,0.6755880082871404,1.0,0.0,0.0,0.7894736842105263,0.7043701799485861,0.6770914735025815,0.0,0.8069495507213676,0.0,0.5040128410914928,0.1724138,0.0,0.9832188441515198,0.6833333333333333,6.0
0.0,0.2989257366813442,1.0,0.9957102521702532,0.6842105263157894,0.0114627963839475,0.0,0.5402327308739787,0.4232737516219845,0.0,0.5333333333333333,0.0,0.9957102521702532,0.4840639427689043,0.1897057367717666,0.0,0.0,0.3333333333333321,0.380846547024952,0.5623711237113402,0.1707174312179903,0.0063846788842073,1.0,0.9957102521702532,0.9957102521702532,0.0,0.3360870082015927,0.0,0.2725210536793664,1.0,0.0,0.0,0.6842105263157894,0.4961439588688945,0.4635059687258245,0.0,0.3576311004340151,0.0,0.4967897271268058,0.2093397666666666,0.0,0.9957102521702532,0.475,6.0
0.0,0.119080988589599,1.0,0.103415498628967,0.0,0.0114627963839475,0.0,0.0667244367417677,0.515871485540195,0.0,0.0733333333333333,0.0,0.103415498628967,0.5299309498829544,0.1897057367717666,0.0,0.0,0.3333333333333321,0.0984792581573896,0.5051546391752577,0.1707174312179903,0.007325831816685,1.0,0.103415498628967,0.103415498628967,0.0,0.0099102579341495,0.0,0.0720864653511649,0.0,0.0,0.0,0.0,0.0591259640102827,0.4739205668528531,0.0,0.0154891628950267,0.0,0.5040128410914928,0.0,0.0,0.103415498628967,0.0541666666666666,6.0
0.0,0.4303811907546169,1.0,0.9989459413892602,0.2105263157894736,0.0226115435518966,1.0,0.7849715276058431,0.5447350890637319,0.0,0.6866666666666668,0.0,0.9989459413892602,0.7030592405821449,0.4725226451517101,1.0,0.0,0.3333333333333321,0.3927739414587332,0.6346712010309279,0.42449509242259,0.0086062362637071,0.0,0.9989459413892602,0.9989459413892602,0.0,0.4834333769166766,0.0,0.3917021752404394,0.0,1.0,0.0,0.3684210526315789,0.6709511568123393,0.6459888043131387,0.0,0.5154957992116056,0.0,0.6548956661316212,0.086741,0.0,0.9989459413892602,0.6625,7.0
0.0,0.1613921209680394,1.0,0.968284691308954,0.0526315789473684,0.0226115435518966,0.0,0.5743996038623422,0.4793398096967511,0.0,0.5866666666666667,0.0,0.968284691308954,0.5298852899731876,0.4725226451517101,0.0,0.0,0.3333333333333321,0.1648423819577735,0.5435801237113402,0.42449509242259,0.0067356095460131,1.0,0.968284691308954,0.968284691308954,0.0,0.1416409128729347,0.0,0.1180789535706996,1.0,0.0,0.0,0.0526315789473684,0.5089974293059125,0.4639803061755134,0.0,0.1875953970508209,0.0,0.8178170144462279,0.0166666666666666,0.0,0.968284691308954,0.4624999999999999,7.0
0.0,0.3065438892081235,1.0,0.9214751672946307,0.1578947368421052,0.0226115435518966,0.0,0.6620450606585789,0.538426691420416,0.0,0.6266666666666667,0.0,0.9214751672946307,0.6422498443806246,0.4725226451517101,0.0,0.0,0.3333333333333321,0.2833545710172744,0.5865321185567011,0.42449509242259,0.00822164938403,1.0,0.9214751672946307,0.9214751672946307,0.0,0.3005021989777724,0.0,0.2636845453361437,1.0,0.0,0.0,0.1578947368421052,0.5912596401028277,0.6027888150935352,0.0,0.3389034150485115,0.0,0.8178170144462279,0.0427350333333333,0.0,0.9214751672946307,0.5708333333333333,7.0
0.0,0.1328789896719413,1.0,0.9783871643026194,0.3157894736842105,0.0226115435518966,0.0,0.3301559792027729,0.3162601377532708,0.0,0.3933333333333333,0.0,0.9783871643026194,0.2997303961730222,0.4725226451517101,0.0,0.0,0.3333333333333321,0.238055707293666,0.4660143092783504,0.42449509242259,0.0044440395269411,1.0,0.9783871643026194,0.9783871643026194,0.0,0.1363663378105313,0.0,0.1119923706250746,1.0,0.0,0.0,0.3157894736842105,0.339331619537275,0.3047347379291715,0.0,0.1566967070597135,0.0,0.8154093097913323,0.1438848999999999,0.0,0.9783871643026194,0.3083333333333333,7.0
0.0,0.4901327488947455,1.0,0.9677172213059998,0.2631578947368421,0.0226115435518966,0.0,0.7713542956177272,0.6174428803020632,0.0,0.7533333333333334,0.0,0.9677172213059998,0.713785399434693,0.4725226451517101,0.0,0.0,0.3333333333333321,0.4186089165067178,0.5684700412371134,0.42449509242259,0.0095306890332411,1.0,0.9677172213059998,0.9677172213059998,0.0,0.5443955782717224,0.0,0.4554849268798848,1.0,0.0,0.0,0.2631578947368421,0.7197943444730076,0.7048195110477626,0.0,0.5684934234102704,0.0,0.8178170144462279,0.0582750666666666,0.0,0.9677172213059998,0.7,7.0
0.0,0.1952402645081797,1.0,0.9957727635535764,0.0,0.0226115435518966,0.0,0.5281010151027482,0.3911017717375528,0.0,0.4933333333333333,0.0,0.9957727635535764,0.4726894835620635,0.4725226451517101,0.0,0.0,0.3333333333333321,0.2422409788867562,0.5943159536082474,0.42449509242259,0.0059211705695214,1.0,0.9957727635535764,0.9957727635535764,0.0,0.1987697610840366,0.0,0.1610570909119701,0.0,0.0,0.0,0.0,0.4601542416452441,0.4306643480647044,0.0,0.2336647067411703,0.0,0.8178170144462279,0.0,0.0,0.9957727635535764,0.4416666666666666,7.0
0.0,0.6206193997285925,1.0,0.9999079832437484,0.1578947368421052,0.0226115435518966,0.0,0.6312205991582075,0.4908571199059605,0.0,0.62,0.0,0.9999079832437484,0.5642439803091065,0.4725226451517101,0.0,0.0,0.3333333333333321,0.5825792773512476,0.5652366701030928,0.42449509242259,0.0085650139423142,1.0,0.9999079832437484,0.9999079832437484,0.0,0.7576369903720432,0.0,0.6134908002176255,1.0,0.0,0.0,0.1578947368421052,0.6683804627249357,0.6821287363108871,0.0,0.7439576337549607,0.0,0.8178170144462279,0.0378788,0.0,0.9999079832437484,0.7,7.0
0.0,0.3931362734151823,1.0,0.578229862324596,0.0526315789473684,0.0226115435518966,0.0,0.4149541965833127,0.5997083828256302,0.0,0.44,0.0,0.578229862324596,0.638586345769571,0.4725226451517101,0.0,0.0,0.3333333333333321,0.4005966333973128,0.5235863917525774,0.42449509242259,0.0084309393867936,1.0,0.578229862324596,0.578229862324596,0.0,0.2573844050873648,0.0,0.3581973497410446,1.0,0.0,0.0,0.0526315789473684,0.3804627249357326,0.579192854557137,0.0,0.2738940578421353,0.0,0.8178170144462279,0.0222222333333333,0.0,0.578229862324596,0.3458333333333333,7.0
0.0,0.0845378280305564,1.0,0.958789828961187,0.3157894736842105,0.044527692411225,0.3333333333333333,0.2938846249071552,0.1724906625377703,0.0,0.2133333333333333,0.0,0.958789828961187,0.2682954045893252,0.617463990496461,1.0,0.0,0.3333333333333321,0.1991069011516314,0.7648195876288659,0.5565482681980701,0.0027484083461796,0.0,0.958789828961187,0.958789828961187,0.0,0.0755230001188636,0.0,0.0628522719202437,0.0,1.0,0.0,0.3684210526315789,0.2056555269922879,0.2044690869065345,0.0,0.0984563927637604,0.0,0.4004815409309791,0.2651515,0.0,0.958789828961187,0.2041666666666666,8.0
0.0,0.4869983410309504,1.0,0.998569739549572,0.9473684210526316,0.044527692411225,0.0,0.7387967318643229,0.5716531912670385,0.0,0.7200000000000001,0.0,0.998569739549572,0.6622749287009061,0.617463990496461,0.0,0.0,0.3333333333333321,0.4587332053742802,0.5696830773195877,0.5565482681980701,0.0087744106490711,1.0,0.998569739549572,0.998569739549572,0.0,0.5646172590039225,0.0,0.4576518644221309,1.0,0.0,0.0,0.9473684210526316,0.6838046272493572,0.6462322207678216,0.0,0.5830667746174164,0.0,0.4004815409309791,0.2105262999999999,0.0,0.998569739549572,0.6625,8.0
0.0,0.1236460155556592,1.0,0.99606398325135,0.631578947368421,0.044527692411225,0.0,0.4165635058182718,0.3213595978678534,0.0,0.4066666666666667,0.0,0.99606398325135,0.3716632238712129,0.617463990496461,0.0,0.0,0.3333333333333321,0.1792340710172744,0.5687003402061855,0.5565482681980701,0.0047620065588316,1.0,0.99606398325135,0.99606398325135,0.0,0.1165458219422322,0.0,0.094173604212625,1.0,0.0,0.0,0.631578947368421,0.3701799485861182,0.3403303824039427,0.0,0.1482553123714213,0.0,0.4004815409309791,0.2547770666666666,0.0,0.99606398325135,0.35,8.0
0.0,0.2620570314413895,1.0,0.9449567432896196,0.631578947368421,0.044527692411225,0.0,0.5065610299579104,0.412133764337031,0.0,0.4933333333333333,0.0,0.9449567432896196,0.4778104678454081,0.617463990496461,0.0,0.0,0.3333333333333321,0.3205374280230326,0.5700752422680412,0.5565482681980701,0.0063790196205652,1.0,0.9449567432896196,0.9449567432896196,0.0,0.2729406870319743,0.0,0.2331254663085741,1.0,0.0,0.0,0.631578947368421,0.4704370179948585,0.4711123960472695,0.0,0.2976122532949312,0.0,0.4004815409309791,0.2040816333333333,0.0,0.9449567432896196,0.4583333333333333,8.0
0.0,0.0779880915849013,1.0,0.949722944548202,0.2105263157894736,0.044527692411225,0.0,0.3159197821242882,0.2415453982044997,0.0,0.2933333333333333,0.0,0.949722944548202,0.2937029943397001,0.617463990496461,0.0,0.0,0.3333333333333321,0.1352527197696737,0.5979381443298969,0.5565482681980701,0.0035723587980697,1.0,0.949722944548202,0.949722944548202,0.0,0.0628194460953286,0.0,0.052984182899524,1.0,0.0,0.0,0.2105263157894736,0.2647814910025706,0.2537260664476694,0.0,0.0894708201160028,0.0,0.4004815409309791,0.1234568,0.0,0.949722944548202,0.25,8.0
0.0,0.1400180099150789,1.0,0.8989601006343254,0.8421052631578947,0.044527692411225,0.0,0.2456053478583807,0.2551850298489956,0.0,0.2933333333333333,0.0,0.8989601006343254,0.2412382706366991,0.617463990496461,0.0,0.0,0.3333333333333321,0.2723522514395393,0.4648547216494845,0.5565482681980701,0.0040305753850902,1.0,0.8989601006343254,0.8989601006343254,0.0,0.1412546059669559,0.0,0.1260808765773091,1.0,0.0,0.0,0.8421052631578947,0.2827763496143958,0.2998564859704776,0.0,0.1519981949218905,0.0,0.4004815409309791,0.4199475,0.0,0.8989601006343254,0.2791666666666667,8.0
0.0,0.1413512737483614,1.0,0.9154910442524916,0.9473684210526316,0.044527692411225,0.0,0.2550136172319881,0.2156130081358055,0.0,0.2533333333333333,0.0,0.9154910442524916,0.2450674656601197,0.617463990496461,0.0,0.0,0.3333333333333321,0.2976876113243762,0.5588713969072165,0.5565482681980701,0.0035979954204483,1.0,0.9154910442524916,0.9154910442524916,0.0,0.1451771068584333,0.0,0.1271156476419569,1.0,0.0,0.0,0.9473684210526316,0.2570694087403598,0.2765970453138045,0.0,0.1565108901955058,0.0,0.4004815409309791,0.5042016666666667,0.0,0.9154910442524916,0.2625,8.0
0.0,0.4045679358084798,1.0,0.9915523616850628,0.7894736842105263,0.044527692411225,0.0,0.4225055706858133,0.3443431724793012,0.0,0.4333333333333333,0.0,0.9915523616850628,0.3790505206135057,0.617463990496461,0.0,0.0,0.3333333333333321,0.5859813723608445,0.5413163969072166,0.5565482681980701,0.0057138328546343,1.0,0.9915523616850628,0.9915523616850628,0.0,0.489896588612861,0.0,0.3987055624482851,1.0,0.0,0.0,0.7894736842105263,0.4421593830334189,0.4407354435551298,0.0,0.4824071247494791,0.0,0.4004815409309791,0.2659574333333333,0.0,0.9915523616850628,0.45,8.0
0.0,0.2176912970065074,1.0,0.9973422826963456,0.4210526315789473,0.044527692411225,0.0,0.4400841792522902,0.3209477110116046,0.0,0.4066666666666667,0.0,0.9973422826963456,0.3921572445413037,0.617463990496461,0.0,0.0,0.3333333333333321,0.3232965451055662,0.6008112422680413,0.5565482681980701,0.0051522289901524,1.0,0.9973422826963456,0.9973422826963456,0.0,0.2402531796029953,0.0,0.1941729439788777,1.0,0.0,0.0,0.4210526315789473,0.4010282776349614,0.3890354791426889,0.0,0.2612850563423278,0.0,0.4004815409309791,0.1616161666666666,0.0,0.9973422826963456,0.4,8.0
0.0,0.1755217028003857,1.0,0.9979262890439016,0.5263157894736842,0.044527692411225,0.3333333333333333,0.5113889576627878,0.3742198512502782,0.0,0.4733333333333334,0.0,0.9979262890439016,0.4564832031463403,0.617463990496461,0.0,0.0,0.3333333333333321,0.2330767581573896,0.5998257525773196,0.5565482681980701,0.0055122986513801,1.0,0.9979262890439016,0.9979262890439016,0.0,0.1750118863663378,0.0,0.1413787940369403,0.0,1.0,0.0,0.5789473684210527,0.429305912596401,0.3929006188315153,0.0,0.2106499608457321,0.0,0.4004815409309791,0.2048417,0.0,0.9979262890439016,0.4041666666666667,8.0
0.0,0.6005203859720284,1.0,0.9786860187240096,0.7894736842105263,0.044527692411225,0.0,0.6521416192126764,0.5832673124894688,0.0,0.7200000000000001,0.0,0.9786860187240096,0.5964778939890841,0.617463990496461,0.0,0.0,0.3333333333333321,0.6296111420345489,0.5028636958762887,0.5565482681980701,0.0085151426694683,1.0,0.9786860187240096,0.9786860187240096,0.0,0.7115773208130275,0.0,0.5881575310350354,1.0,0.0,0.0,0.7894736842105263,0.6503856041131104,0.6051102754942598,0.0,0.705055545969765,0.0,0.4004815409309791,0.1858736,0.0,0.9786860187240096,0.6083333333333333,8.0
0.0,0.0341174579903516,1.0,0.8400494396696304,0.3157894736842105,0.044527692411225,0.0,0.0834364941817281,0.0571564221145797,0.0,0.0666666666666666,0.0,0.8400494396696304,0.0808151313611029,0.617463990496461,0.0,0.0,0.3333333333333321,0.1887396084452975,0.6948453762886598,0.5565482681980701,0.0011763354496038,1.0,0.8400494396696304,0.8400494396696304,0.0,0.0306816831094734,0.0,0.0283372817771921,1.0,0.0,0.0,0.3157894736842105,0.0771208226221079,0.0972378296366577,0.0,0.0358361095257688,0.0,0.4004815409309791,0.5405405333333333,0.0,0.8400494396696304,0.0875,8.0
0.0,0.0559075279277434,1.0,0.7411748679434524,0.2105263157894736,0.044527692411225,0.0,0.185070562020302,0.172749892027717,0.0,0.1666666666666666,0.0,0.7411748679434524,0.2166163962395455,0.617463990496461,0.0,0.0,0.3333333333333321,0.1370906717850288,0.6164948350515463,0.5565482681980701,0.0025331962717905,1.0,0.7411748679434524,0.7411748679434524,0.0,0.0350202068227742,0.0,0.0373262363357613,1.0,0.0,0.0,0.2105263157894736,0.1465295629820051,0.1763353144353798,0.0,0.0506085502302801,0.0,0.4004815409309791,0.2150537666666666,0.0,0.7411748679434524,0.1375,8.0
0.0,0.0541684947938625,1.0,0.913790834644322,0.1578947368421052,0.044527692411225,0.0,0.084055459272097,0.0583821615546984,0.0,0.0733333333333333,0.0,0.913790834644322,0.0755786278603861,0.617463990496461,0.0,0.0,0.3333333333333321,0.3498516708253358,0.6363636288659794,0.5565482681980701,0.0011535007950479,1.0,0.913790834644322,0.913790834644322,0.0,0.0595804112682752,0.0,0.0506971793538389,1.0,0.0,0.0,0.1578947368421052,0.0822622107969151,0.0938603803887435,0.0,0.0617177441832685,0.0,0.4004815409309791,0.2777777666666666,0.0,0.913790834644322,0.0916666666666666,8.0
0.0,0.006549660006921,1.0,0.8194100145636519,0.1578947368421052,0.044527692411225,0.0,0.0,0.0,0.0,0.0,0.0,0.8194100145636519,0.0,0.617463990496461,0.0,0.0,0.3333333333333321,0.4625719769673704,0.0,0.5565482681980701,8.039750691534008e-05,1.0,0.8194100145636519,0.8194100145636519,0.0,0.0107423035777962,0.0,0.0071187618164589,1.0,0.0,0.0,0.0,0.0051413881748071,0.0099686817228788,0.0,0.0090784810798614,0.0,0.5666726116164318,0.0,0.0,0.8194100145636519,0.0125,8.0
0.0,0.4715391951085938,1.0,0.3732777405432195,0.3157894736842105,0.044527692411225,0.0,0.2349591483040356,0.5288065570339282,0.0,0.2533333333333333,0.0,0.3732777405432195,0.5538551526925016,0.617463990496461,0.0,0.0,0.3333333333333321,0.5467946353166986,0.514921324742268,0.5565482681980701,0.0076771833664642,1.0,0.3732777405432195,0.3732777405432195,0.0,0.2116367526447165,0.0,0.4525811428527719,1.0,0.0,0.0,0.3157894736842105,0.2236503856041131,0.5361347255562164,0.0,0.2137292117383167,0.0,0.4004815409309791,0.2127659666666666,0.0,0.3732777405432195,0.2083333333333333,8.0
0.0,0.4609371317938534,1.0,0.9654325719380163,0.1578947368421052,0.0225218152044684,0.0,0.8560287199801931,0.6078521892650508,0.0,0.7400000000000001,0.0,0.9654325719380163,0.7939033454270078,0.3352039301093897,1.0,0.0,0.3333333333333321,0.3652645998080613,0.6422401907216494,0.3019312801115421,0.0097238370930256,0.0,0.9654325719380163,0.9654325719380163,0.0,0.4948145726851302,0.0,0.4150832819514894,1.0,0.0,0.0,0.1578947368421052,0.7326478149100256,0.736100669303372,0.0,0.5332811276429131,0.0,0.7640449438202247,0.0346020666666666,0.0,0.9654325719380163,0.7291666666666666,9.0
0.0,0.2720906181999231,1.0,0.979412417667924,0.1052631578947368,0.0225218152044684,0.0,0.6973260708096064,0.5447053256778491,0.0,0.6733333333333333,0.0,0.979412417667924,0.6369169403987059,0.3352039301093897,0.0,0.0,0.3333333333333321,0.249871603646833,0.5749719381443299,0.3019312801115421,0.0081388777132648,1.0,0.979412417667924,0.979412417667924,0.0,0.2746642101509569,0.0,0.2268146589837284,1.0,0.0,0.0,0.1052631578947368,0.6221079691516709,0.5879812053585921,0.0,0.3196050064372271,0.0,0.8089887640449438,0.0272109,0.0,0.979412417667924,0.5916666666666667,9.0
0.0,0.1822205043167099,1.0,0.9815273361279088,0.1052631578947368,0.0225218152044684,0.0,0.5381282495667244,0.4130839524304285,0.0,0.5133333333333334,0.0,0.9815273361279088,0.4889505356156312,0.3352039301093897,0.0,0.0,0.3333333333333321,0.2131594548944337,0.5820056082474226,0.3019312801115421,0.0061413443795968,1.0,0.9815273361279088,0.9815273361279088,0.0,0.1765571139902531,0.0,0.1451464861724003,1.0,0.0,0.0,0.1052631578947368,0.4704370179948585,0.4410758835790672,0.0,0.2148972034561936,0.0,0.8089887640449438,0.0358423,0.0,0.9815273361279088,0.4458333333333333,9.0
0.0,0.1739701743822002,1.0,0.9923616090490076,0.631578947368421,0.0225218152044684,0.0,0.3521911364199059,0.3225584542497554,0.0,0.4066666666666667,0.0,0.9923616090490076,0.3154018094703567,0.3352039301093897,0.0,0.0,0.3333333333333321,0.3048506017274472,0.4808179742268041,0.3019312801115421,0.0046801952240057,1.0,0.9923616090490076,0.9923616090490076,0.0,0.1911476286699156,0.0,0.1549582338521804,1.0,0.0,0.0,0.631578947368421,0.3624678663239074,0.3292531574005279,0.0,0.2079954342141937,0.0,0.8089887640449438,0.2597402666666666,0.0,0.9923616090490076,0.3375,9.0
0.0,0.5495269707522938,1.0,0.9902887649174248,0.3157894736842105,0.0225218152044684,0.0,0.7769249814310473,0.5979822664626327,0.0,0.7466666666666667,0.0,0.9902887649174248,0.7024855216657848,0.3352039301093897,0.0,0.0,0.3333333333333321,0.4705127562380038,0.577687762886598,0.3019312801115421,0.0095130314983578,1.0,0.9902887649174248,0.9902887649174248,0.0,0.6373915369071674,0.0,0.5212626453347954,1.0,0.0,0.0,0.3157894736842105,0.7352185089974292,0.717624539612751,0.0,0.6521641028363617,0.0,0.8089887640449438,0.0682594,0.0,0.9902887649174248,0.7291666666666666,9.0
0.0,0.0954654944067826,1.0,0.977454294427015,0.0,0.0225218152044684,0.3333333333333333,0.417058677890567,0.3056461303037833,0.0,0.38,0.0,0.977454294427015,0.3787392954911988,0.3352039301093897,0.0,0.0,0.3333333333333321,0.1297605815738963,0.6093326082474226,0.3019312801115421,0.0044482810106729,1.0,0.977454294427015,0.977454294427015,0.0,0.0763401878045881,0.0,0.0627787988412175,0.0,0.0,0.0,0.0526315789473684,0.339331619537275,0.3133824535570102,0.0,0.1123926575793371,0.0,0.8089887640449438,0.0248756333333333,0.0,0.977454294427015,0.3166666666666666,9.0
0.0,0.6579149923584902,1.0,0.989267445601844,0.0526315789473684,0.0225218152044684,0.3333333333333333,0.7883139390938352,0.6525276715479154,0.0,0.8133333333333334,0.0,0.989267445601844,0.7140641709709578,0.3352039301093897,0.0,0.0,0.3333333333333321,0.5559538330134357,0.5381105154639175,0.3019312801115421,0.0100555995680436,1.0,0.989267445601844,0.989267445601844,0.0,0.7789581599904909,0.0,0.6378156411892825,0.0,1.0,0.0,0.1052631578947368,0.7763496143958868,0.7431367156419267,0.0,0.7798468338133603,0.0,0.8089887640449438,0.0218579333333333,0.0,0.989267445601844,0.7541666666666667,9.0
0.0,0.4826281978946003,1.0,0.391013270183167,0.2631578947368421,0.0225218152044684,0.0,0.2270363951473137,0.5048211084492972,0.0,0.2533333333333333,0.0,0.391013270183167,0.5108563306797206,0.3352039301093897,0.0,0.0,0.3333333333333321,0.5196821391554702,0.4975583195876288,0.3019312801115421,0.0079186495631929,1.0,0.391013270183167,0.391013270183167,0.0,0.2293028646142874,0.0,0.4692864087701292,1.0,0.0,0.0,0.2631578947368421,0.2416452442159382,0.5849334157380315,0.0,0.2286609240407204,0.0,0.8089887640449438,0.1666666666666666,0.0,0.391013270183167,0.2375,9.0
