application,level,window,capture,total,reserved_rows,train_raw,train_purged_tuple_rows,train_eligible_rows,train_common_endpoints,validation_raw,validation_purged_tuple_rows,validation_eligible_rows,validation_common_endpoints,train_validation_shared_tuples
HTTP,Low,1,HTTP_Low,16914,3383,10148,3657,6491,6491,3383,740,2643,2643,0
HTTP,Low,3,HTTP_Low,16914,3383,10148,3657,6491,3448,3383,740,2643,1791,0
HTTP,Low,5,HTTP_Low,16914,3383,10148,3657,6491,2272,3383,740,2643,1361,0
HTTP,Low,10,HTTP_Low,16914,3383,10148,3657,6491,1133,3383,740,2643,845,0
HTTP,Low,20,HTTP_Low,16914,3383,10148,3657,6491,430,3383,740,2643,419,0
HTTP,Low,50,HTTP_Low,16914,3383,10148,3657,6491,8,3383,740,2643,98,0
HTTP,Low,100,HTTP_Low,16914,3383,10148,3657,6491,0,3383,740,2643,0,0
HTTP,Medium,1,HTTP_Medium,12479,2496,7487,1890,5597,5597,2496,331,2165,2165,0
HTTP,Medium,3,HTTP_Medium,12479,2496,7487,1890,5597,3602,2496,331,2165,1757,0
HTTP,Medium,5,HTTP_Medium,12479,2496,7487,1890,5597,2608,2496,331,2165,1510,0
HTTP,Medium,10,HTTP_Medium,12479,2496,7487,1890,5597,1466,2496,331,2165,1193,0
HTTP,Medium,20,HTTP_Medium,12479,2496,7487,1890,5597,633,2496,331,2165,805,0
HTTP,Medium,50,HTTP_Medium,12479,2496,7487,1890,5597,39,2496,331,2165,206,0
HTTP,Medium,100,HTTP_Medium,12479,2496,7487,1890,5597,0,2496,331,2165,41,0
HTTP,High,1,HTTP_High,10087,2018,6052,1204,4848,4848,2017,194,1823,1823,0
HTTP,High,3,HTTP_High,10087,2018,6052,1204,4848,3418,2017,194,1823,1553,0
HTTP,High,5,HTTP_High,10087,2018,6052,1204,4848,2614,2017,194,1823,1384,0
HTTP,High,10,HTTP_High,10087,2018,6052,1204,4848,1609,2017,194,1823,1112,0
HTTP,High,20,HTTP_High,10087,2018,6052,1204,4848,713,2017,194,1823,778,0
HTTP,High,50,HTTP_High,10087,2018,6052,1204,4848,87,2017,194,1823,225,0
HTTP,High,100,HTTP_High,10087,2018,6052,1204,4848,0,2017,194,1823,30,0
SFTP,Low,1,SFTP_Low,7765,1553,4659,304,4355,4355,1553,118,1435,1435,0
SFTP,Low,3,SFTP_Low,7765,1553,4659,304,4355,4136,1553,118,1435,1385,0
SFTP,Low,5,SFTP_Low,7765,1553,4659,304,4355,3930,1553,118,1435,1336,0
SFTP,Low,10,SFTP_Low,7765,1553,4659,304,4355,3466,1553,118,1435,1223,0
SFTP,Low,20,SFTP_Low,7765,1553,4659,304,4355,2685,1553,118,1435,1009,0
SFTP,Low,50,SFTP_Low,7765,1553,4659,304,4355,1316,1553,118,1435,582,0
SFTP,Low,100,SFTP_Low,7765,1553,4659,304,4355,511,1553,118,1435,322,0
SFTP,Medium,1,SFTP_Medium,5898,1180,3538,168,3370,3370,1180,28,1152,1152,0
SFTP,Medium,3,SFTP_Medium,5898,1180,3538,168,3370,3220,1180,28,1152,1126,0
SFTP,Medium,5,SFTP_Medium,5898,1180,3538,168,3370,3076,1180,28,1152,1100,0
SFTP,Medium,10,SFTP_Medium,5898,1180,3538,168,3370,2748,1180,28,1152,1035,0
SFTP,Medium,20,SFTP_Medium,5898,1180,3538,168,3370,2230,1180,28,1152,925,0
SFTP,Medium,50,SFTP_Medium,5898,1180,3538,168,3370,1180,1180,28,1152,686,0
SFTP,Medium,100,SFTP_Medium,5898,1180,3538,168,3370,467,1180,28,1152,431,0
SFTP,High,1,SFTP_High,6248,1250,3748,100,3648,3648,1250,40,1210,1210,0
SFTP,High,3,SFTP_High,6248,1250,3748,100,3648,3610,1250,40,1210,1198,0
SFTP,High,5,SFTP_High,6248,1250,3748,100,3648,3572,1250,40,1210,1186,0
SFTP,High,10,SFTP_High,6248,1250,3748,100,3648,3477,1250,40,1210,1156,0
SFTP,High,20,SFTP_High,6248,1250,3748,100,3648,3295,1250,40,1210,1096,0
SFTP,High,50,SFTP_High,6248,1250,3748,100,3648,2823,1250,40,1210,975,0
SFTP,High,100,SFTP_High,6248,1250,3748,100,3648,2151,1250,40,1210,825,0
SMTP,Low,1,SMTP_Low,5344,1069,3206,393,2813,2813,1069,68,1001,1001,0
SMTP,Low,3,SMTP_Low,5344,1069,3206,393,2813,2242,1069,68,1001,905,0
SMTP,Low,5,SMTP_Low,5344,1069,3206,393,2813,1782,1069,68,1001,817,0
SMTP,Low,10,SMTP_Low,5344,1069,3206,393,2813,999,1069,68,1001,634,0
SMTP,Low,20,SMTP_Low,5344,1069,3206,393,2813,320,1069,68,1001,394,0
SMTP,Low,50,SMTP_Low,5344,1069,3206,393,2813,17,1069,68,1001,95,0
SMTP,Low,100,SMTP_Low,5344,1069,3206,393,2813,0,1069,68,1001,0,0
SMTP,Medium,1,SMTP_Medium,2346,470,1407,42,1365,1365,469,10,459,459,0
SMTP,Medium,3,SMTP_Medium,2346,470,1407,42,1365,1293,469,10,459,449,0
SMTP,Medium,5,SMTP_Medium,2346,470,1407,42,1365,1225,469,10,459,439,0
SMTP,Medium,10,SMTP_Medium,2346,470,1407,42,1365,1070,469,10,459,414,0
SMTP,Medium,20,SMTP_Medium,2346,470,1407,42,1365,841,469,10,459,364,0
SMTP,Medium,50,SMTP_Medium,2346,470,1407,42,1365,455,469,10,459,214,0
SMTP,Medium,100,SMTP_Medium,2346,470,1407,42,1365,137,469,10,459,33,0
SMTP,High,1,SMTP_High,5347,1070,3208,321,2887,2887,1069,72,997,997,0
SMTP,High,3,SMTP_High,5347,1070,3208,321,2887,2535,1069,72,997,916,0
SMTP,High,5,SMTP_High,5347,1070,3208,321,2887,2231,1069,72,997,840,0
SMTP,High,10,SMTP_High,5347,1070,3208,321,2887,1641,1069,72,997,670,0
SMTP,High,20,SMTP_High,5347,1070,3208,321,2887,866,1069,72,997,437,0
SMTP,High,50,SMTP_High,5347,1070,3208,321,2887,99,1069,72,997,169,0
SMTP,High,100,SMTP_High,5347,1070,3208,321,2887,0,1069,72,997,8,0
SSH,Low,1,SSH_Low,6688,1338,4012,284,3728,3728,1338,43,1295,1295,0
SSH,Low,3,SSH_Low,6688,1338,4012,284,3728,3562,1338,43,1295,1267,0
SSH,Low,5,SSH_Low,6688,1338,4012,284,3728,3399,1338,43,1295,1239,0
SSH,Low,10,SSH_Low,6688,1338,4012,284,3728,3028,1338,43,1295,1179,0
SSH,Low,20,SSH_Low,6688,1338,4012,284,3728,2398,1338,43,1295,1068,0
SSH,Low,50,SSH_Low,6688,1338,4012,284,3728,1196,1338,43,1295,768,0
SSH,Low,100,SSH_Low,6688,1338,4012,284,3728,326,1338,43,1295,384,0
SSH,Medium,1,SSH_Medium,2968,594,1780,25,1755,1755,594,14,580,580,0
SSH,Medium,3,SSH_Medium,2968,594,1780,25,1755,1741,594,14,580,572,0
SSH,Medium,5,SSH_Medium,2968,594,1780,25,1755,1727,594,14,580,564,0
SSH,Medium,10,SSH_Medium,2968,594,1780,25,1755,1692,594,14,580,544,0
SSH,Medium,20,SSH_Medium,2968,594,1780,25,1755,1622,594,14,580,505,0
SSH,Medium,50,SSH_Medium,2968,594,1780,25,1755,1412,594,14,580,415,0
SSH,Medium,100,SSH_Medium,2968,594,1780,25,1755,1136,594,14,580,265,0
SSH,High,1,SSH_High,4783,957,2869,70,2799,2799,957,15,942,942,0
SSH,High,3,SSH_High,4783,957,2869,70,2799,2774,957,15,942,934,0
SSH,High,5,SSH_High,4783,957,2869,70,2799,2750,957,15,942,926,0
SSH,High,10,SSH_High,4783,957,2869,70,2799,2690,957,15,942,906,0
SSH,High,20,SSH_High,4783,957,2869,70,2799,2573,957,15,942,866,0
SSH,High,50,SSH_High,4783,957,2869,70,2799,2243,957,15,942,760,0
SSH,High,100,SSH_High,4783,957,2869,70,2799,1737,957,15,942,610,0
Video,Low,1,Video_Low,8787,1758,5272,508,4764,4764,1757,87,1670,1670,0
Video,Low,3,Video_Low,8787,1758,5272,508,4764,4217,1757,87,1670,1574,0
Video,Low,5,Video_Low,8787,1758,5272,508,4764,3882,1757,87,1670,1517,0
Video,Low,10,Video_Low,8787,1758,5272,508,4764,3153,1757,87,1670,1399,0
Video,Low,20,Video_Low,8787,1758,5272,508,4764,2024,1757,87,1670,1207,0
Video,Low,50,Video_Low,8787,1758,5272,508,4764,498,1757,87,1670,725,0
Video,Low,100,Video_Low,8787,1758,5272,508,4764,4,1757,87,1670,330,0
Video,Medium,1,Video_Medium,5327,1066,3196,203,2993,2993,1065,30,1035,1035,0
Video,Medium,3,Video_Medium,5327,1066,3196,203,2993,2799,1065,30,1035,999,0
Video,Medium,5,Video_Medium,5327,1066,3196,203,2993,2672,1065,30,1035,975,0
Video,Medium,10,Video_Medium,5327,1066,3196,203,2993,2383,1065,30,1035,915,0
Video,Medium,20,Video_Medium,5327,1066,3196,203,2993,1928,1065,30,1035,795,0
Video,Medium,50,Video_Medium,5327,1066,3196,203,2993,1147,1065,30,1035,515,0
Video,Medium,100,Video_Medium,5327,1066,3196,203,2993,615,1065,30,1035,343,0
Video,High,1,Video_High,5531,1107,3318,161,3157,3157,1106,14,1092,1092,0
Video,High,3,Video_High,5531,1107,3318,161,3157,2995,1106,14,1092,1075,0
Video,High,5,Video_High,5531,1107,3318,161,3157,2885,1106,14,1092,1063,0
Video,High,10,Video_High,5531,1107,3318,161,3157,2623,1106,14,1092,1033,0
Video,High,20,Video_High,5531,1107,3318,161,3157,2158,1106,14,1092,973,0
Video,High,50,Video_High,5531,1107,3318,161,3157,1156,1106,14,1092,806,0
Video,High,100,Video_High,5531,1107,3318,161,3157,374,1106,14,1092,567,0
