TotBytes,SrcBytes,DstBytes,SrcGap,DstGap,sMeanPktSz,dMeanPktSz,SrcWin,DstWin,Dur,IdleTime,Mean,StdDev,Sum,Min,Max,sTtl,dTtl,TcpRtt,SynAck,AckDat,TotPkts,SrcPkts,DstPkts,SrcRetra,DstRetra,Loss,SrcLoss,DstLoss,PCRatio,Load,SrcLoad,DstLoad,pLoss,pRetran,Rate,SrcRate,DstRate,Flgs_ e *      ,Flgs_ e d      ,Flgs_ e s      ,Cause_Status,Dir_  <?>,State_FPA_FA,State_FPA_FPA,State_FRPA_FPA,State_PA_A,State_PA_PA,State_RPA_PA,State_SPA_SPA,TcpOpt_MwsS  T,label
0.0,0.0,0.0,0.0,0.0,0.03752345396337063,0.0,0.0,0.0,1.1766793551923802e-05,0.0,1.1766793551923802e-05,0.0,1.1766793551923802e-05,1.1766793551923802e-05,1.1766793551923802e-05,1.0,0.0,0.0,0.0,0.0,0.0,0.0,0.0,0.0,0.0,0.0,0.0,0.0,0.0,0.0,0.0,0.0,0.0,0.0,0.4244983103155976,0.0,0.0,0.0,0.0,0.0,0.0,1.0,0.0,0.0,0.0,1.0,0.0,0.0,0.0,0.0,1.0
2.669996520913624e-05,1.8251233202643443e-05,0.0003599633491862647,0.0,0.0,0.0,0.0,0.0,0.0,0.1744615979442312,0.0,0.1744615979442312,0.0,0.1744615979442312,0.1744615979442312,0.1744615979442312,1.0,0.0,0.0,0.0,0.0,0.0004157427937915742,0.00040241448692152917,0.0004452359750667854,0.0,0.0,0.0,0.0,0.0,0.0,0.00016598945096287947,0.00012517624183502963,0.002045631616110565,0.0,0.0,0.0,0.0019415003724891889,0.002547312255983016,0.0,0.0,0.0,1.0,1.0,1.0,0.0,0.0,0.0,0.0,0.0,0.0,0.0,1.0
0.6783662857651428,0.67992674065606,0.6168135608010821,0.0,0.0,0.9584355741868,0.14574693744904366,0.8223655516051863,0.22058845197452187,0.9811701969519572,0.0,0.9811701969519572,0.0,0.9811701969519572,0.9811701969519572,0.9811701969519572,1.0,0.0,0.20652372231945562,0.0,0.22095061831037335,0.6535476718403548,0.6798792756539236,0.5952804986642921,0.0,0.0,0.15079365079365079,0.1016949152542373,0.28,0.0,0.5890572351576392,0.5883158640943845,0.6231996670886397,0.02718553177564633,0.0,0.04155461240141302,0.5832677374813305,0.6056031696662276,1.0,0.0,0.0,0.0,0.0,0.0,0.0,0.0,0.0,0.0,0.0,1.0,1.0,1.0
0.6428698956543785,0.6433827941753125,0.6226384222697325,0.0,0.0,0.916784404471324,0.1878790460157087,0.8223655516051863,0.6231910436455005,0.9856879290015012,0.0,0.9856879290015012,0.0,0.9856879290015012,0.9856879290015012,0.9856879290015012,1.0,0.0,0.20652372231945562,0.0,0.22095061831037335,0.637749445676275,0.6706237424547283,0.5650044523597507,0.0,0.0,0.1111111111111111,0.06779661016949153,0.24,0.0,0.555673713974506,0.5541429175280201,0.6261750720522639,0.020547647168942484,0.0,0.040358767346552006,0.5726905200320186,0.5721676430545902,1.0,0.0,0.0,1.0,0.0,0.0,0.0,0.0,0.0,1.0,0.0,0.0,1.0,1.0
0.8553929884273181,0.8547470074890894,0.8808739473799031,0.0,0.0,0.9416184705598152,0.12438852598260319,0.8223655516051863,0.6238566858472161,0.8794447333457079,0.0,0.8794447333457079,0.0,0.8794447333457079,0.8794447333457079,0.8794447333457079,1.0,0.0,0.20652372231945562,0.0,0.22095061831037335,0.8719512195121951,0.8690140845070423,0.8784505788067676,0.0,0.0,0.031746031746031744,0.03389830508474576,0.0,0.0,0.828742770121512,0.8251761233920485,0.9930044615127195,0.004304702327448278,0.0,0.06194821531523013,0.8317605893482065,0.9970551568513761,0.0,0.0,1.0,1.0,0.0,0.0,0.0,1.0,0.0,0.0,0.0,0.0,1.0,1.0
0.1545712228314369,0.1519343265322602,0.2585845804790785,0.0,0.0,0.8697647755726741,0.2111733645453019,0.8223655516051863,0.06643681209388674,0.9698964420499668,0.0,0.9698964420499668,0.0,0.9698964420499668,0.9698964420499668,0.9698964420499668,1.0,0.0,0.5738665927843063,0.02158289002279883,0.6103614431700289,0.18514412416851442,0.16619718309859155,0.22707034728406053,0.0,0.0,0.32539682539682535,0.13559322033898305,1.0,0.0,0.13567424188963448,0.13288361325944956,0.26419572138726755,0.2015147927036949,0.0,0.011773240372543348,0.1442376850814389,0.23369310039110983,1.0,0.0,0.0,0.0,0.0,0.0,0.0,0.0,0.0,0.0,0.0,1.0,1.0,10.0
0.4893914835201882,0.4893730812008427,0.4901173698677953,0.0,0.0,0.9711137380935952,0.1093673476244924,0.8223655516051863,0.3193253785623342,0.9974232722142855,0.0,0.9974232722142855,0.0,0.9974232722142855,0.9974232722142855,0.9974232722142855,1.0,0.0,0.5738665927843063,0.02158289002279883,0.6103614431700289,0.4886363636363636,0.48329979879275653,0.5004452359750668,0.0,0.0,0.611111111111111,0.5254237288135594,0.6,0.0,0.41799280203882977,0.41649158900725847,0.48712969525352273,0.1447680502054412,0.0,0.030512293002026413,0.4078661550534022,0.5008272471748321,1.0,0.0,0.0,1.0,0.0,0.0,0.0,0.0,0.0,1.0,0.0,0.0,1.0,10.0
0.1484998125608503,0.14690334644656788,0.21147301365679133,0.0,0.0,0.9159230702796943,0.12781025380084343,0.8223655516051863,0.404250229464548,1.0,0.0,1.0,0.0,1.0,1.0,1.0,1.0,0.0,0.5738665927843063,0.02158289002279883,0.6103614431700289,0.17073170731707318,0.15311871227364185,0.2097061442564559,0.0,0.0,0.30952380952380953,0.22033898305084745,0.52,0.0,0.12640937178638398,0.12460333709797083,0.20958613890527802,0.20764597063134593,0.0,0.010509584085836035,0.128886919424122,0.2093254806315952,1.0,0.0,0.0,1.0,0.0,0.0,0.0,0.0,0.0,1.0,0.0,0.0,1.0,10.0
0.44887954539938024,0.45017275068760143,0.3978685806536062,0.0,0.0,0.9533826532300513,0.1545788739080528,0.8223655516051863,0.404250229464548,0.9907323500638416,0.0,0.9907323500638416,0.0,0.9907323500638416,0.9907323500638416,0.9907323500638416,1.0,0.0,0.5738665927843063,0.02158289002279883,0.6103614431700289,0.4294623059866962,0.45231388329979877,0.3788958147818344,0.0,0.0,1.0,1.0,0.32,0.0,0.3859698204926956,0.3857071189075066,0.39806775518341053,0.2646420675801394,0.0,0.026976481033012156,0.3842944502164549,0.38174586565738405,1.0,0.0,0.0,1.0,0.0,0.0,0.0,0.0,0.0,1.0,0.0,0.0,1.0,10.0
0.05794135177339012,0.05617536006088169,0.12760155329639167,0.0,0.0,0.7247157003288638,0.2589122762254821,0.8223655516051863,0.404250229464548,0.9992519252665942,0.0,0.9992519252665942,0.0,0.9992519252665942,0.9992519252665942,0.9992519252665942,1.0,0.0,0.5738665927843063,0.02158289002279883,0.6103614431700289,0.08273281596452328,0.07263581488933601,0.10507569011576136,0.0,0.0,0.2857142857142857,0.16101694915254236,0.68,0.0,0.049299869394659114,0.04762497261853655,0.1264367690786041,0.3842519549483811,0.0,0.004998445993037775,0.06118660419312337,0.10496346171650575,1.0,0.0,0.0,1.0,0.0,0.0,0.0,0.0,0.0,1.0,0.0,0.0,1.0,10.0
0.030048788118245785,0.029437303419009048,0.054169030062393646,0.0,0.0,0.7864681054662888,0.201857890742971,0.8223655516051863,0.404250229464548,0.6715371580756879,0.0,0.6715371580756879,0.0,0.6715371580756879,0.6715371580756879,0.6715371580756879,1.0,0.0,0.5738665927843063,0.02158289002279883,0.6103614431700289,0.039218403547671844,0.0352112676056338,0.04808548530721282,0.0,0.0,0.07936507936507936,0.00847457627118644,0.36,0.0,0.03794718922880757,0.03703894886213281,0.07977585465366227,0.22975521783846087,0.0,0.003473874097608598,0.044135733879509226,0.07147481721258633,1.0,0.0,0.0,1.0,0.0,0.0,0.0,0.0,0.0,1.0,0.0,0.0,1.0,10.0
0.003853155585282116,0.0032949006607499486,0.02587372922029757,0.0,0.0,0.35651971790521636,0.5604878600048986,0.8223655516051863,0.404250229464548,0.38053433676193144,0.0,0.38053433676193144,0.0,0.38053433676193144,0.38053433676193144,0.38053433676193144,1.0,0.0,0.5738665927843063,0.02158289002279883,0.6103614431700289,0.010116407982261641,0.00784708249496982,0.015138023152270703,0.0,0.0,0.0873015873015873,0.01694915254237288,0.36,0.0,0.008470919249563258,0.00721299248525517,0.06640442438926675,0.8669251078581692,0.0,0.0014897861352611333,0.01735756634015123,0.03970818437924383,1.0,0.0,0.0,1.0,0.0,0.0,0.0,0.0,0.0,1.0,0.0,0.0,1.0,10.0
0.0011170833928913365,0.0006097571092701331,0.0211287577992059,0.0,0.0,0.058089195482009026,0.6712057882736067,0.8223655516051863,0.404250229464548,0.7140804001669819,0.0,0.7140804001669819,0.0,0.7140804001669819,0.7140804001669819,0.7140804001669819,1.0,0.0,0.5738665927843063,0.02158289002279883,0.6103614431700289,0.006929046563192904,0.005030181086519115,0.011130899376669636,0.0,0.0,0.07142857142857142,0.0,0.36,0.0,0.001314834513798247,0.0007203628943237633,0.028693080063535607,0.9999999999999999,0.0,0.000421170646988912,0.00592946328764422,0.015559382603698286,0.0,1.0,0.0,1.0,0.0,0.0,0.0,0.0,0.0,1.0,0.0,0.0,1.0,10.0
0.1359637743502334,0.13496980527040311,0.17517125529037045,0.0,0.0,0.8757485112556314,0.18361583202109488,0.8223655516051863,0.404250229464548,0.9990617732161213,0.0,0.9990617732161213,0.0,0.9990617732161213,0.9990617732161213,0.9990617732161213,1.0,0.0,0.5738665927843063,0.02158289002279883,0.6103614431700289,0.15077605321507762,0.14668008048289738,0.15983971504897596,0.0,0.0,0.36507936507936506,0.2711864406779661,0.56,0.0,0.11584033584021194,0.1145836085261334,0.17371855794314728,0.2744522911532782,0.0,0.009267815199113414,0.12358318472499533,0.15969939646128176,1.0,0.0,0.0,1.0,0.0,0.0,0.0,0.0,0.0,1.0,0.0,0.0,1.0,10.0
0.30714803917073685,0.3069473042652026,0.31506610236048693,0.0,0.0,0.9504010057215742,0.15642360080942241,0.8223655516051863,0.404250229464548,0.9942087875514258,0.0,0.9942087875514258,0.0,0.9942087875514258,0.9942087875514258,0.9942087875514258,1.0,0.0,0.5738665927843063,0.02158289002279883,0.6103614431700289,0.3061252771618625,0.30925553319919513,0.29919857524487975,0.0,0.0,0.2698412698412698,0.1271186440677966,0.76,0.0,0.2631305690332527,0.26202383389802897,0.31410008466694245,0.10264788806472615,0.0,0.01910671165281053,0.26183062824985526,0.300395093656017,1.0,0.0,0.0,1.0,0.0,0.0,0.0,0.0,0.0,1.0,0.0,0.0,1.0,10.0
0.1809602278397031,0.18065568384882008,0.19297307910467298,0.0,0.0,0.9308600793980113,0.16053463338771756,0.8223655516051863,0.404250229464548,0.7907248599830735,0.0,0.7907248599830735,0.0,0.7907248599830735,0.7907248599830735,0.7907248599830735,1.0,0.0,0.5738665927843063,0.02158289002279883,0.6103614431700289,0.18445121951219512,0.18551307847082496,0.1821015138023152,0.0,0.0,0.38888888888888884,0.2966101694915254,0.56,0.0,0.19484602654982144,0.19382582937606085,0.2418308152987494,0.240311945874292,0.0,0.014431127998664145,0.1974825378830463,0.22987834509393335,1.0,0.0,0.0,1.0,0.0,0.0,0.0,0.0,0.0,1.0,0.0,0.0,1.0,10.0
0.23357507140217967,0.23340396007515085,0.24032462149308437,0.0,0.0,0.9508575671653705,0.1367039134227258,0.8223655516051863,0.404250229464548,0.9466210077298667,0.0,0.9466210077298667,0.0,0.9466210077298667,0.9466210077298667,0.9466210077298667,1.0,0.0,0.5738665927843063,0.02158289002279883,0.6103614431700289,0.23503325942350334,0.23501006036217303,0.23508459483526267,0.0,0.0,0.45238095238095233,0.3644067796610169,0.56,0.0,0.21012244937536328,0.20922144929737774,0.2516177093643914,0.22013294204769412,0.0,0.015370547795873919,0.208973238182943,0.24788984373100076,1.0,0.0,0.0,1.0,0.0,0.0,0.0,0.0,0.0,1.0,0.0,0.0,1.0,10.0
0.0044305760450069715,0.0038687083712876024,0.0265936559186701,0.0,0.0,0.33864915696313486,0.4764434090325893,0.8223655516051863,0.404250229464548,0.9178497308129308,0.0,0.9178497308129308,0.0,0.9178497308129308,0.9178497308129308,0.9178497308129308,1.0,0.0,0.5738665927843063,0.02158289002279883,0.6103614431700289,0.011917960088691797,0.0096579476861167,0.016918967052537842,0.0,0.0,0.07936507936507936,0.025423728813559324,0.28,0.0,0.0040526732202122535,0.0035245842453222724,0.02837368693224611,0.6916100191282448,0.0,0.0006241092939590267,0.008857134515682203,0.018399776563532626,1.0,0.0,0.0,1.0,0.0,0.0,0.0,1.0,0.0,0.0,0.0,0.0,1.0,10.0
0.5313756954801544,0.5307060406604293,0.557790479514813,0.0,0.0,0.9527356860642857,0.15522644922745688,0.8223655516051863,0.11491775245217213,0.9996350627314265,0.0,0.9996350627314265,0.0,0.9996350627314265,0.9996350627314265,0.9996350627314265,1.0,0.0,0.20878411709453112,0.02182173488220606,0.219736047802025,0.5327050997782705,0.5336016096579477,0.5307212822796082,0.0,0.0,0.5079365079365079,0.4067796610169492,0.64,0.0,0.4528631584731186,0.45068578045778873,0.5531409107392293,0.1109406349341044,0.0,0.03320720765557239,0.44932048096676336,0.5299512382015348,1.0,0.0,0.0,0.0,0.0,0.0,0.0,0.0,0.0,0.0,0.0,1.0,1.0,11.0
0.2649321578156732,0.2637253421691425,0.31253545093590474,0.0,0.0,0.9370858371255426,0.1261330331743089,0.8223655516051863,0.14015668593388822,0.9969017332570237,0.0,0.9969017332570237,0.0,0.9969017332570237,0.9969017332570237,0.9969017332570237,1.0,0.0,0.20878411709453112,0.02182173488220606,0.219736047802025,0.28215077605321504,0.26921529175050296,0.3107747105966162,0.0,0.0,0.36507936507936506,0.2966101694915254,0.44,0.0,0.22633324157665624,0.22450024987506245,0.3107509767405078,0.1496054858792452,0.0,0.01754737223584479,0.22731491251480856,0.3111746659225895,1.0,0.0,0.0,1.0,0.0,0.0,0.0,0.0,0.0,1.0,0.0,0.0,1.0,11.0
0.44394247910525453,0.44504774909753186,0.4003446921767966,0.0,0.0,0.9503668237328953,0.15481234848065994,0.8223655516051863,0.15946030978364029,0.953016160024259,0.0,0.953016160024259,0.0,0.953016160024259,0.953016160024259,0.953016160024259,1.0,0.0,0.20878411709453112,0.02182173488220606,0.219736047802025,0.4275221729490022,0.44849094567404424,0.3811219946571683,0.0,0.0,0.1984126984126984,0.07627118644067797,0.64,0.0,0.3968302467356799,0.39640537660685077,0.4163974378941716,0.05444873688652467,0.0,0.02792437658282302,0.3961264274573152,0.3991852269968594,1.0,0.0,0.0,1.0,0.0,0.0,0.0,0.0,0.0,1.0,0.0,0.0,1.0,11.0
0.09168821992141041,0.08945288886602876,0.17986168681007025,0.0,0.0,0.7507161613495006,0.24924130964781366,0.8223655516051863,0.15946030978364029,0.9975363234333544,0.0,0.9975363234333544,0.0,0.9975363234333544,0.9975363234333544,0.9975363234333544,1.0,0.0,0.20878411709453112,0.02182173488220606,0.219736047802025,0.12389135254988914,0.11207243460764588,0.15004452359750667,0.0,0.0,0.23809523809523808,0.1864406779661017,0.32,0.0,0.07821131984750794,0.07603149141288386,0.17860283616260075,0.21958245092312656,0.0,0.007593224827611828,0.09456940120743385,0.15014204236375903,1.0,0.0,0.0,1.0,0.0,0.0,0.0,0.0,0.0,1.0,0.0,0.0,1.0,11.0
0.4027967539315025,0.4023852149525164,0.4190300623936472,0.0,0.0,0.9385388284455183,0.1481023831120153,0.8223655516051863,0.15946030978364029,0.9993481929713476,0.0,0.9993481929713476,0.0,0.9993481929713476,0.9993481929713476,0.9993481929713476,1.0,0.0,0.20878411709453112,0.02182173488220606,0.219736047802025,0.4079822616407982,0.41026156941649894,0.40293855743544077,0.0,0.0,0.3492063492063492,0.3050847457627119,0.32,0.0,0.3433464109043563,0.34177677130597695,0.4156362887152839,0.09973988243808601,0.0,0.025395126024537598,0.34556087911045824,0.4024694433458214,1.0,0.0,0.0,1.0,0.0,0.0,0.0,0.0,0.0,1.0,0.0,0.0,1.0,11.0
0.3480389010402199,0.3470109734156962,0.3885858894367119,0.0,0.0,0.9484951459690523,0.123104447220583,0.8223655516051863,0.15946030978364029,0.9997365971596395,0.0,0.9997365971596395,0.0,0.9997365971596395,0.9997365971596395,0.9997365971596395,1.0,0.0,0.20878411709453112,0.02182173488220606,0.219736047802025,0.36211197339246115,0.35030181086519113,0.38824577025823687,0.0,0.0,0.5634920634920635,0.4915254237288136,0.52,0.0,0.2965336984925868,0.29460630367635565,0.38529808941252214,0.17915944437945308,0.0,0.022509661965834663,0.2949424990932799,0.3876430983218586,1.0,0.0,0.0,1.0,0.0,0.0,0.0,0.0,0.0,1.0,0.0,0.0,1.0,11.0
0.100391599489734,0.10021503271118751,0.10735634189973385,0.0,0.0,0.904464979775863,0.189757121943548,0.8223655516051863,0.15946030978364029,0.2111644770569443,0.0,0.2111644770569443,0.0,0.2111644770569443,0.2111644770569443,0.2111644770569443,1.0,0.0,0.20878411709453112,0.02182173488220606,0.219736047802025,0.10296563192904656,0.1056338028169014,0.09706144256455922,0.0,0.0,0.03968253968253968,0.0,0.2,0.0,0.40446530008473575,0.4023161877211174,0.5034423999520228,0.0451852088823051,0.0,0.03040020618950064,0.4210644289993415,0.4587992881775785,0.0,1.0,0.0,1.0,0.0,0.0,0.0,1.0,0.0,0.0,0.0,0.0,1.0,11.0
0.005427644442766332,0.004237051441377315,0.052391029277019066,0.0,0.0,0.34353430235734655,1.0,0.8223655516051863,0.019952798340748135,0.9786236694919028,0.0,0.9786236694919028,0.0,0.9786236694919028,0.9786236694919028,0.9786236694919028,1.0,0.0,0.5740625612401424,0.021561176853761806,0.6105747159676259,0.013996674057649669,0.010462776659959759,0.021816562778272482,0.0,0.0,0.09523809523809523,0.00847457627118644,0.44,0.0,0.00466070948561135,0.0036246129587188783,0.052377880261275704,0.707246420621579,0.0,0.0007061080966824997,0.008999360339459183,0.02225263701536323,1.0,0.0,0.0,0.0,0.0,0.0,0.0,0.0,0.0,0.0,0.0,1.0,1.0,12.0
0.10319887158934914,0.10324639662584474,0.10132422880579432,0.0,0.0,0.9857373548579038,0.0866393661858228,0.8223655516051863,0.10654175474725097,0.7596101911298945,0.0,0.7596101911298945,0.0,0.7596101911298945,0.7596101911298945,0.7596101911298945,1.0,0.0,0.5740625612401424,0.021561176853761806,0.6105747159676259,0.10254988913525499,0.10040241448692153,0.10730186999109528,0.0,0.0,0.10317460317460317,0.11016949152542373,0.0,0.0,0.11557497768481204,0.11521451553958703,0.13217549847945723,0.11670344063052854,0.0,0.008273155798185309,0.11125838626552172,0.14100229836213432,0.0,0.0,1.0,1.0,0.0,0.0,0.0,0.0,0.0,1.0,0.0,0.0,1.0,12.0
0.0001860906666091314,0.00018914914410012295,6.544788167022993e-05,0.0,0.0,1.0,0.09416195709099251,0.8223655516051863,0.10654175474725097,7.916752035642783e-06,0.0,7.916752035642783e-06,0.0,7.916752035642783e-06,7.916752035642783e-06,7.916752035642783e-06,1.0,0.0,0.5740625612401424,0.021561176853761806,0.6105747159676259,0.0,0.0,0.0,0.0,0.0,0.0,0.0,0.0,0.0,0.0,0.0,0.0,0.0,0.0,0.5229974158636674,0.0,0.0,0.0,0.0,0.0,1.0,0.0,0.0,0.0,0.0,0.0,0.0,0.0,0.0,1.0,12.0
0.08321354308538324,0.08193421038804888,0.13367729831144468,0.0,0.0,0.8277818349854,0.2238157450750824,0.8223655516051863,0.10720739694896655,0.9982411477003761,0.0,0.9982411477003761,0.0,0.9982411477003761,0.9982411477003761,0.9982411477003761,1.0,0.0,0.5740625612401424,0.021561176853761806,0.6105747159676259,0.10047117516629712,0.0937625754527163,0.11531611754229742,0.0,0.0,0.32539682539682535,0.2033898305084746,0.68,0.0,0.07090875875797731,0.06956878113806532,0.13262109629167304,0.3618345221781772,0.0,0.006117357894793225,0.07906323991585021,0.11530958451568642,1.0,0.0,0.0,1.0,0.0,0.0,0.0,0.0,0.0,1.0,0.0,0.0,1.0,12.0
0.08967763163217696,0.08963954920560126,0.09117980714690868,0.0,0.0,0.983606134880664,0.09753537982524507,0.8223655516051863,0.10720739694896655,0.7739239788135717,0.0,0.7739239788135717,0.0,0.7739239788135717,0.7739239788135717,0.7739239788135717,1.0,0.0,0.5740625612401424,0.021561176853761806,0.6105747159676259,0.08966186252771619,0.08732394366197184,0.09483526268922529,0.0,0.0,0.18253968253968253,0.1694915254237288,0.12,0.0,0.09854859701167716,0.09815386222131225,0.11672779004371224,0.23197751567056146,0.0,0.007072805801348486,0.09497614104899554,0.12231546652228838,1.0,0.0,0.0,1.0,0.0,0.0,0.0,0.0,0.0,1.0,0.0,0.0,1.0,12.0
0.0001860906666091314,0.00018914914410012295,6.544788167022993e-05,0.0,0.0,1.0,0.09416195709099251,0.8223655516051863,0.10720739694896655,0.0,0.0,0.0,0.0,0.0,0.0,0.0,1.0,0.0,0.5740625612401424,0.021561176853761806,0.6105747159676259,0.0,0.0,0.0,0.0,0.0,0.0,0.0,0.0,0.0,0.0,0.0,0.0,0.0,0.0,0.9999999999999999,0.0,0.0,0.0,0.0,0.0,1.0,0.0,0.0,0.0,0.0,0.0,0.0,0.0,0.0,1.0,12.0
0.0001860906666091314,0.00018914914410012295,6.544788167022993e-05,0.0,0.0,1.0,0.09416195709099251,0.8223655516051863,0.10720739694896655,8.066753653160226e-06,0.0,8.066753653160226e-06,0.0,8.066753653160226e-06,8.066753653160226e-06,8.066753653160226e-06,1.0,0.0,0.5740625612401424,0.021561176853761806,0.6105747159676259,0.0,0.0,0.0,0.0,0.0,0.0,0.0,0.0,0.0,0.0,0.0,0.0,0.0,0.0,0.5183120938225177,0.0,0.0,0.0,0.0,0.0,1.0,0.0,0.0,0.0,0.0,0.0,0.0,0.0,0.0,1.0,12.0
0.13548290527985068,0.13593850329932522,0.11751167153889785,0.0,0.0,0.9814284507853126,0.12447928241557937,0.8223655516051863,0.10720739694896655,0.9996571129692016,0.0,0.9996571129692016,0.0,0.9996571129692016,0.9996571129692016,0.9996571129692016,1.0,0.0,0.5740625612401424,0.021561176853761806,0.6105747159676259,0.127910199556541,0.13279678068410464,0.11709706144256456,0.0,0.0,0.38095238095238093,0.3728813559322034,0.16,0.0,0.11534507872669025,0.11532064364293623,0.11647007340445291,0.3343610703954928,0.0,0.007828646477249575,0.11181937344768862,0.11692458709905056,1.0,0.0,0.0,1.0,0.0,0.0,0.0,0.0,0.0,1.0,0.0,0.0,1.0,12.0
0.2697721333272202,0.26998219675161234,0.2614861032331254,0.0,0.0,0.9502460702152984,0.1282949995559478,0.8223655516051863,0.20256064234472468,0.9712317897827999,0.0,0.9712317897827999,0.0,0.9712317897827999,0.9712317897827999,0.9712317897827999,1.0,0.0,0.5740625612401424,0.021561176853761806,0.6105747159676259,0.26801552106430154,0.2720321931589537,0.25912733748886907,0.0,0.0,0.18253968253968253,0.1016949152542373,0.44,0.0,0.23655987338655937,0.23590217556420026,0.2668501786850731,0.0795757219451843,0.0,0.017104295429135948,0.23576420970472162,0.26631836582057755,1.0,0.0,0.0,1.0,0.0,0.0,0.0,0.0,0.0,1.0,0.0,0.0,1.0,12.0
0.1962841199934194,0.19657656641208965,0.18474846197478076,0.0,0.0,0.9661157831311149,0.113202579830468,0.8223655516051863,0.20289346344558246,0.7096346355601535,0.0,0.7096346355601535,0.0,0.7096346355601535,0.7096346355601535,0.7096346355601535,1.0,0.0,0.5740625612401424,0.021561176853761806,0.6105747159676259,0.19262749445676275,0.1949698189134809,0.18744434550311664,0.0,0.0,0.15873015873015872,0.11016949152542373,0.28,0.0,0.23550660190189504,0.2350177609433169,0.2580190777439905,0.09600254790228449,0.0,0.01682499840650379,0.2312659166330876,0.26366161790700143,1.0,0.0,0.0,1.0,0.0,0.0,0.0,0.0,0.0,1.0,0.0,0.0,1.0,12.0
0.00018447248689948677,0.00018914914410012295,0.0,0.0,0.0,1.0,0.0,0.8223655516051863,0.20289346344558246,0.00069032411066166,0.0,0.00069032411066166,0.0,0.00069032411066166,0.00069032411066166,0.00069032411066166,1.0,0.0,0.5740625612401424,0.021561176853761806,0.6105747159676259,0.0,0.0,0.0,0.0,0.0,0.0,0.0,0.0,0.0,0.0,0.0,0.0,0.0,0.0,0.012225861715658067,0.0,0.0,0.0,0.0,0.0,1.0,0.0,0.0,0.0,0.0,0.0,0.0,0.0,0.0,1.0,12.0
0.30910172147351445,0.30999194180400724,0.2739866486321393,0.0,0.0,0.9658370884787297,0.1388667115683191,0.8223655516051863,0.20289346344558246,0.998651302123208,0.0,0.998651302123208,0.0,0.998651302123208,0.998651302123208,0.998651302123208,1.0,0.0,0.5740625612401424,0.021561176853761806,0.6105747159676259,0.29503880266075383,0.30764587525150905,0.26714158504007124,0.0,0.0,0.5,0.4067796610169492,0.6,0.0,0.26362495077730114,0.2634446268055399,0.2719289028528707,0.19462172475741993,0.0,0.018325085720825383,0.25930912779749365,0.26701676477477376,1.0,0.0,0.0,1.0,0.0,0.0,0.0,0.0,0.0,1.0,0.0,0.0,1.0,12.0
0.05533985819351812,0.05392879917393813,0.11099960731270998,0.0,0.0,0.7768793737769619,0.2713534483466188,0.8223655516051863,0.20289346344558246,0.9685567609370722,0.0,0.9685567609370722,0.0,0.9685567609370722,0.9685567609370722,0.9685567609370722,1.0,0.0,0.5740625612401424,0.021561176853761806,0.6105747159676259,0.07303215077605321,0.06539235412474849,0.08993766696349065,0.0,0.0,0.36507936507936506,0.1864406779661017,0.96,0.0,0.048564208889336595,0.04715559345877722,0.11343757634534327,0.5422222354765435,0.0,0.004535471881590693,0.05683061824039281,0.09268880210833234,1.0,0.0,0.0,1.0,0.0,0.0,0.0,0.0,0.0,1.0,0.0,0.0,1.0,12.0
0.002924859825182652,0.002490187196815215,0.02007068371220385,0.0,0.0,0.3339880406491782,0.49570313879938577,0.8223655516051863,0.20289346344558246,0.9922274161856379,0.0,0.9922274161856379,0.0,0.9922274161856379,0.9922274161856379,0.9922274161856379,1.0,0.0,0.5740625612401424,0.021561176853761806,0.6105747159676259,0.008176274944567628,0.006237424547283702,0.012466607301869992,0.0,0.0,0.047619047619047616,0.0,0.24,0.0,0.002456095044546879,0.0020814050490173415,0.01971235239590924,0.6069651970591492,0.0,0.00032606660589071755,0.005291448973137378,0.012541449021969475,0.0,1.0,0.0,1.0,0.0,0.0,0.0,0.0,0.0,1.0,0.0,0.0,1.0,12.0
0.04943539012964317,0.0493159382488882,0.054147214101836906,0.0,0.0,0.9040870022906435,0.21501781677624265,0.8223655516051863,0.20289346344558246,0.7802647805218833,0.0,0.7802647805218833,0.0,0.7802647805218833,0.7802647805218833,0.7802647805218833,1.0,0.0,0.5740625612401424,0.021561176853761806,0.6105747159676259,0.05044345898004435,0.05191146881287726,0.04719501335707925,0.0,0.0,0.05555555555555555,0.0,0.28,0.0,0.05380891101861224,0.05348736011905941,0.06861786332349576,0.12719693199814722,0.0,0.003863662834167574,0.05600165183567496,0.060375950948933006,0.0,1.0,0.0,1.0,0.0,0.0,0.0,0.0,0.0,1.0,0.0,0.0,1.0,12.0
0.0004800599805279042,0.00029533813727913936,0.00776648195820062,0.0,0.0,0.05830567742344152,0.5449979826585376,0.8223655516051863,0.20289346344558246,0.9957767044587965,0.0,0.9957767044587965,0.0,0.9957767044587965,0.9957767044587965,0.9957767044587965,0.0,0.0,0.5740625612401424,0.021561176853761806,0.6105747159676259,0.003048780487804878,0.002414486921529175,0.004452359750667854,0.0,0.0,0.007936507936507936,0.0,0.04,0.0,0.0003995422738812913,0.00024844440951330506,0.007358317570079453,0.27111111773827173,0.0,1.4835823950388376e-06,0.0020410056073008635,0.004463129569685341,0.0,1.0,0.0,1.0,0.0,0.0,0.0,0.0,0.0,1.0,0.0,0.0,1.0,12.0
0.02742922486494942,0.026772623371423106,0.05332911558095903,0.0,0.0,0.820088485562686,0.23940523792521595,0.8223655516051863,0.20289346344558246,0.794470867044183,0.0,0.794470867044183,0.0,0.794470867044183,0.794470867044183,0.794470867044183,1.0,0.0,0.5740625612401424,0.021561176853761806,0.6105747159676259,0.03519955654101996,0.030784708249496983,0.044968833481745324,0.0,0.0,0.1746031746031746,0.1016949152542373,0.4,0.0,0.02925779711790661,0.028452412354175335,0.06634952052520597,0.5363709120001777,0.0,0.0025885094352784046,0.032616448180763945,0.05649935810547037,1.0,0.0,0.0,1.0,0.0,0.0,0.0,0.0,0.0,1.0,0.0,0.0,1.0,12.0
0.00590797411991251,0.005375541245851301,0.026909987346742877,0.0,0.0,0.506801126628891,0.416255666725429,0.8223655516051863,0.20289346344558246,0.6741591696830465,0.0,0.6741591696830465,0.0,0.6741591696830465,0.6741591696830465,0.6741591696830465,1.0,0.0,0.5740625612401424,0.021561176853761806,0.6105747159676259,0.012195121951219513,0.009456740442655936,0.0182546749777382,0.0,0.0,0.031746031746031744,0.00847457627118644,0.12,0.0,0.007345646942644175,0.006655042522791467,0.0391512596536575,0.2884160726057262,0.0,0.0009474468794764328,0.01180749724589895,0.02702842084559418,1.0,0.0,0.0,1.0,0.0,0.0,0.0,0.0,0.0,1.0,0.0,0.0,1.0,12.0
0.0152216771353904,0.014398010726194448,0.04771150573759762,0.0,0.0,0.6078885284092148,0.2957793032677447,0.8223655516051863,0.20289346344558246,0.7126087342975181,0.0,0.7126087342975181,0.0,0.7126087342975181,0.7126087342975181,0.7126087342975181,1.0,0.0,0.5740625612401424,0.021561176853761806,0.6105747159676259,0.026607538802660754,0.021730382293762576,0.03739982190560997,0.0,0.0,0.06349206349206349,0.01694915254237288,0.24,0.0,0.01806720339417106,0.01702420403190475,0.066102299528805,0.2684268465615451,0.0,0.002153102754762951,0.02566819436807078,0.052387521263156274,1.0,0.0,0.0,1.0,0.0,0.0,0.0,0.0,0.0,1.0,0.0,0.0,1.0,12.0
0.08892571746042877,0.08920317881175624,0.07798115101007898,0.0,0.0,0.928257955106458,0.1865583931801884,0.8223655516051863,0.20289346344558246,0.9964492450443592,0.0,0.9964492450443592,0.0,0.9964492450443592,0.9964492450443592,0.9964492450443592,1.0,0.0,0.5740625612401424,0.021561176853761806,0.6105747159676259,0.08522727272727273,0.09175050301810865,0.07079252003561888,0.0,0.0,0.07142857142857142,0.025423728813559324,0.24,0.0,0.0759057380603644,0.0758718176700196,0.07746796028717942,0.09744411349307831,0.0,0.0051699532247210765,0.0775057370732899,0.07091582606002193,1.0,0.0,0.0,1.0,0.0,0.0,0.0,0.0,0.0,1.0,0.0,0.0,1.0,12.0
0.25782753980047846,0.2571236498926773,0.2855927396483267,0.0,0.0,0.9554460249428782,0.11021499356222542,0.8223655516051863,0.20289346344558246,0.9998486817016178,0.0,0.9998486817016178,0.0,0.9998486817016178,0.9998486817016178,0.9998486817016178,1.0,0.0,0.5740625612401424,0.021561176853761806,0.6105747159676259,0.2681541019955654,0.2577464788732394,0.29118432769367764,0.0,0.0,0.42857142857142855,0.423728813559322,0.16,0.0,0.21960777791364708,0.2182285234034965,0.2831285053371156,0.18382723227133232,0.0,0.016617740851598978,0.21698964898624015,0.29069971836850844,1.0,0.0,0.0,1.0,0.0,0.0,0.0,0.0,0.0,1.0,0.0,0.0,1.0,12.0
0.01932888693508672,0.01864695312253712,0.04622802041973908,0.0,0.0,0.7263602139280296,0.28967093864295457,0.8223655516051863,0.20289346344558246,0.9995974123254296,0.0,0.9995974123254296,0.0,0.9995974123254296,0.9995974123254296,0.9995974123254296,0.0,0.0,0.5740625612401424,0.021561176853761806,0.6105747159676259,0.027854767184035477,0.023943661971830985,0.0365093499554764,0.0,0.0,0.09523809523809523,0.0423728813559322,0.28,0.0,0.01636242302787338,0.015726315669478033,0.04565817322202169,0.3782945592472003,0.0,0.001555972565594351,0.02016257338422151,0.03645775335634682,1.0,0.0,0.0,1.0,0.0,0.0,0.0,0.0,0.0,1.0,0.0,0.0,1.0,12.0
0.15906760485130278,0.1584793293722627,0.1822723504515904,0.0,0.0,0.9053413435171833,0.18279973033898722,0.8223655516051863,0.20228329142734316,0.9908346511669885,0.0,0.9908346511669885,0.0,0.9908346511669885,0.9908346511669885,0.9908346511669885,0.0,0.0,0.5740625612401424,0.021561176853761806,0.6105747159676259,0.16685144124168513,0.16700201207243462,0.16651825467497772,0.0,0.0,0.4206349206349206,0.3050847457627119,0.68,0.0,0.13666899829181747,0.13567892540513884,0.18226675278322368,0.2853234403079063,0.0,0.010363208646126016,0.1418734297274714,0.16775347687537093,1.0,0.0,0.0,1.0,0.0,0.0,0.0,0.0,0.0,1.0,0.0,0.0,1.0,12.0
0.3210606089210248,0.3202820423904249,0.3517714559972076,0.0,0.0,0.9490175800675094,0.11856991339344147,0.8223655516051863,0.20289346344558246,0.939514597765746,0.0,0.939514597765746,0.0,0.939514597765746,0.939514597765746,0.939514597765746,1.0,0.0,0.5740625612401424,0.021561176853761806,0.6105747159676259,0.33273281596452325,0.3231388329979879,0.3539626001780944,0.0,0.0,0.23809523809523808,0.1016949152542373,0.72,0.0,0.2910692920927471,0.2893306100253838,0.3711441920000985,0.08357311982067626,0.0,0.022005486785872042,0.2895115883306659,0.3760663843525356,1.0,0.0,0.0,1.0,0.0,0.0,0.0,0.0,0.0,1.0,0.0,0.0,1.0,12.0
0.0009177775919867741,0.0007242421175412602,0.008551856538243379,0.0,0.0,0.20537390533700955,0.4683953708663626,0.8223655516051863,0.20289346344558246,0.07730601694988277,0.0,0.07730601694988277,0.0,0.07730601694988277,0.07730601694988277,0.07730601694988277,1.0,0.0,0.5740625612401424,0.021561176853761806,0.6105747159676259,0.0034645232815964525,0.0026156941649899393,0.005342831700801425,0.0,0.0,0.031746031746031744,0.00847457627118644,0.12,0.0,0.009675058979863269,0.0075934370717724835,0.10554365369771494,0.8745520058223822,0.0,0.0027215925603650847,0.02847797750082177,0.068980142867931,1.0,0.0,0.0,1.0,0.0,0.0,0.0,1.0,0.0,0.0,0.0,0.0,1.0,12.0
0.5524093347393517,0.5517062967307618,0.5801409311051965,0.0,0.0,0.9601625371291511,0.14285699713030453,0.8223655516051863,0.11025825704016301,0.9924314350523081,0.0,0.9924314350523081,0.0,0.9924314350523081,0.9924314350523081,0.9924314350523081,1.0,0.0,0.7808430698120731,1.0,0.6689102483001435,0.5543237250554324,0.5507042253521127,0.56233303650935,0.0,0.0,0.5793650793650793,0.4406779661016949,0.84,0.0,0.47421107662903567,0.47192510572907376,0.5794905029490393,0.12141785963465879,0.0,0.034814891952452895,0.4670877036111387,0.5655929439386512,1.0,0.0,0.0,0.0,0.0,0.0,0.0,0.0,0.0,0.0,0.0,1.0,1.0,13.0
0.129419316211194,0.12886089629040923,0.1514463981849121,0.0,0.0,0.9121582433636808,0.15002560185145009,0.8223655516051863,0.11208877309488088,0.9818183206075574,0.0,0.9818183206075574,0.0,0.9818183206075574,0.9818183206075574,0.9818183206075574,1.0,0.0,0.7808430698120731,1.0,0.6689102483001435,0.13802660753880266,0.13480885311871227,0.14514692787177202,0.0,0.0,0.4603174603174603,0.4322033898305085,0.28,0.0,0.11218857047543067,0.11130604163821173,0.15283306671662902,0.3722643024331273,0.0,0.008620255193899896,0.11557603140422608,0.14756641123146902,1.0,0.0,0.0,1.0,0.0,0.0,0.0,0.0,0.0,1.0,0.0,0.0,1.0,13.0
0.10164919482074614,0.10103938007750692,0.125703564727955,0.0,0.0,0.9571426705775936,0.11406609205797091,0.8223655516051863,0.11208877309488088,0.9839078431395752,0.0,0.9839078431395752,0.0,0.9839078431395752,0.9839078431395752,0.9839078431395752,1.0,0.0,0.7808430698120731,1.0,0.6689102483001435,0.10920177383592018,0.10100603621730382,0.12733748886910062,0.0,0.0,0.5,0.4661016949152542,0.32,0.0,0.0878900848381159,0.08704967450195607,0.12659486657857158,0.5005862100143295,0.0,0.006765482776478897,0.08641187222645799,0.12918516726589624,1.0,0.0,0.0,1.0,0.0,0.0,0.0,0.0,0.0,1.0,0.0,0.0,1.0,13.0
0.14113817366844036,0.14107705504737855,0.143549020463371,0.0,0.0,0.9829295377900009,0.0964904096595981,0.8223655516051863,0.1102027868566867,0.26953395647449735,0.0,0.26953395647449735,0.0,0.26953395647449735,0.26953395647449735,0.26953395647449735,1.0,0.0,0.7808430698120731,1.0,0.6689102483001435,0.14135254988913526,0.13762575452716297,0.14959928762243987,0.0,0.0,0.0873015873015873,0.059322033898305086,0.16,0.0,0.44566684030405757,0.4438835648255167,0.5277950547885532,0.072173846208694,0.0,0.03269936494737082,0.4297902515619767,0.5540088702613614,1.0,0.0,0.0,1.0,0.0,0.0,0.0,0.0,0.0,1.0,0.0,0.0,1.0,13.0
0.3065258490723785,0.3058583140174449,0.33285701819451113,0.0,0.0,0.9507614623344063,0.12303158940628389,0.8223655516051863,0.12096400245108872,0.991656526696213,0.0,0.991656526696213,0.0,0.991656526696213,0.991656526696213,0.991656526696213,1.0,0.0,0.7808430698120731,1.0,0.6689102483001435,0.3156873614190687,0.30804828973843057,0.3325912733748887,0.0,0.0,0.373015873015873,0.2796610169491525,0.56,0.0,0.2632734293312877,0.26176553793587787,0.33271815888070944,0.1368953900129984,0.0,0.019760711458248106,0.26147974832207627,0.334780715901193,1.0,0.0,0.0,1.0,0.0,0.0,0.0,0.0,0.0,1.0,0.0,0.0,1.0,13.0
0.013531218732048319,0.01269705109847536,0.04643527204502814,0.0,0.0,0.5452847944741375,0.34526050933363917,0.8223655516051863,0.11974365841461015,0.511137911770482,0.0,0.511137911770482,0.0,0.511137911770482,0.511137911770482,0.511137911770482,1.0,0.0,0.7808430698120731,1.0,0.6689102483001435,0.02522172949002217,0.02112676056338028,0.03428317008014247,0.0,0.0,0.11904761904761904,0.11016949152542373,0.08,0.0,0.022388434497422106,0.02092889403315963,0.08960720654123011,0.5108877547105896,0.0,0.00291032696113781,0.03479138750894082,0.06694993009344055,1.0,0.0,0.0,1.0,0.0,0.0,0.0,0.0,0.0,1.0,0.0,0.0,1.0,13.0
0.05019728307626751,0.04954546133310326,0.07590863475718836,0.0,0.0,0.838790407431913,0.19464211088132277,0.8223655516051863,0.12096400245108872,0.8971865746618969,0.0,0.8971865746618969,0.0,0.8971865746618969,0.8971865746618969,0.8971865746618969,1.0,0.0,0.7808430698120731,1.0,0.6689102483001435,0.05972838137472284,0.05593561368209255,0.06812110418521818,0.0,0.0,0.25396825396825395,0.2542372881355932,0.08,0.0,0.04753257923149563,0.04674634392583443,0.08374238139448187,0.4664277002904548,0.0,0.003982787152926223,0.052479032386382976,0.07578955267055003,1.0,0.0,0.0,1.0,0.0,0.0,0.0,0.0,0.0,1.0,0.0,0.0,1.0,13.0
0.02494909476330076,0.024416555085263678,0.04595532091277979,0.0,0.0,0.8491060643074935,0.1620610536399708,0.8223655516051863,0.12096400245108872,0.9812212475024523,0.0,0.9812212475024523,0.0,0.9812212475024523,0.9812212475024523,0.9812212475024523,1.0,0.0,0.7808430698120731,1.0,0.6689102483001435,0.03215077605321508,0.02716297786720322,0.04318788958147818,0.0,0.0,0.1984126984126984,0.1694915254237288,0.2,0.0,0.02153167167514473,0.020993308067552126,0.04632586697277453,0.6542256937699613,0.0,0.001863231494701879,0.02330187615026888,0.043934523344780346,1.0,0.0,0.0,1.0,0.0,0.0,0.0,0.0,0.0,1.0,0.0,0.0,1.0,13.0
0.00358130139406182,0.0034068968644934425,0.01046075308695842,0.0,0.0,0.6930010948536565,0.1897505933811896,0.8223655516051863,0.12096400245108872,0.07117670085542423,0.0,0.07117670085542423,0.0,0.07117670085542423,0.07117670085542423,0.07117670085542423,1.0,0.0,0.7808430698120731,1.0,0.6689102483001435,0.005958980044345898,0.004426559356136821,0.009349955476402494,0.0,0.0,0.007936507936507936,0.0,0.04,0.0,0.04133342809747468,0.0391068507596422,0.14387789984699131,0.1473429958239399,0.0,0.005169212736282948,0.05234314758247145,0.1311092509182569,0.0,1.0,0.0,1.0,0.0,0.0,0.0,0.0,0.0,1.0,0.0,0.0,1.0,13.0
0.02435144705720535,0.02298328021118336,0.07831929839870849,0.0,0.0,0.5541260744763115,0.3596159705019465,0.8223655516051863,0.12035383043284943,0.998508567250717,0.0,0.998508567250717,0.0,0.998508567250717,0.998508567250717,0.998508567250717,1.0,0.0,0.7808430698120731,1.0,0.6689102483001435,0.04379157427937916,0.03782696177062374,0.05699020480854853,0.0,0.0,0.15873015873015872,0.09322033898305085,0.36,0.0,0.020694151831623084,0.019460171139980668,0.07752481970944314,0.40105196535904797,0.0,0.0025581624369090754,0.03188821659964578,0.056971712695773565,1.0,0.0,0.0,1.0,0.0,0.0,0.0,0.0,0.0,1.0,0.0,0.0,1.0,13.0
0.1794264631715783,0.17864030524911,0.21043675553034602,0.0,0.0,0.943799160283679,0.13153102430114527,0.8223655516051863,0.12096400245108872,0.9999939666016066,0.0,0.9999939666016066,0.0,0.9999939666016066,0.9999939666016066,0.9999939666016066,1.0,0.0,0.7808430698120731,1.0,0.6689102483001435,0.18930155210643015,0.18108651911468812,0.20747996438112198,0.0,0.0,0.31746031746031744,0.211864406779661,0.6,0.0,0.15276204656534645,0.15155047751454667,0.20855996580148628,0.19255050359567893,0.0,0.011673456298607136,0.15242960190091584,0.20710458209018265,1.0,0.0,0.0,1.0,0.0,0.0,0.0,0.0,0.0,1.0,0.0,0.0,1.0,13.0
0.33511746636208933,0.33457552332645873,0.3564946114577425,0.0,0.0,0.9573703504552151,0.12954692200962148,0.8223655516051863,0.12096400245108872,0.9961559585484198,0.0,0.9961559585484198,0.0,0.9961559585484198,0.9961559585484198,0.9961559585484198,1.0,0.0,0.7808430698120731,1.0,0.6689102483001435,0.34035476718403546,0.3348088531187122,0.352626892252894,0.0,0.0,0.6349206349206349,0.5423728813559322,0.64,0.0,0.2865435241782435,0.28506283752396927,0.3547367100121565,0.21364152522234836,0.0,0.02122246742244175,0.282911206526072,0.35334501926963535,1.0,0.0,0.0,1.0,0.0,0.0,0.0,0.0,0.0,1.0,0.0,0.0,1.0,13.0
0.10393190699781815,0.10328317562608644,0.12952135782538507,0.0,0.0,0.9210212522588721,0.1616161854736945,0.8223655516051863,0.12096400245108872,0.9978565602199078,0.0,0.9978565602199078,0.0,0.9978565602199078,0.9978565602199078,0.9978565602199078,1.0,0.0,0.7808430698120731,1.0,0.6689102483001435,0.11169623059866962,0.10704225352112676,0.1219946571682992,0.0,0.0,0.15873015873015872,0.0847457627118644,0.4,0.0,0.0886163586892406,0.08774847845856806,0.12858615015884262,0.163714447335242,0.0,0.006824794806055053,0.0902958281891725,0.12203478432642459,1.0,0.0,0.0,1.0,0.0,0.0,0.0,0.0,0.0,1.0,0.0,0.0,1.0,13.0
0.1441080728288748,0.1437049560947228,0.16000916270343385,0.0,0.0,0.9648574055537384,0.0925012618879274,0.8223655516051863,0.12096400245108872,0.9998630485232066,0.0,0.9998630485232066,0.0,0.9998630485232066,0.9998630485232066,0.9998630485232066,1.0,0.0,0.7808430698120731,1.0,0.6689102483001435,0.1504988913525499,0.1426559356136821,0.16785396260017807,0.0,0.0,0.4365079365079365,0.4491525423728814,0.08,0.0,0.12267597485184709,0.1218957426573057,0.15860918423433384,0.32613982908341804,0.0,0.00924285537137981,0.12009637577891784,0.16757220406827592,1.0,0.0,0.0,1.0,0.0,0.0,0.0,0.0,0.0,1.0,0.0,0.0,1.0,13.0
0.07808876794493873,0.07722622182327608,0.11211222130110389,0.0,0.0,0.8706713707867331,0.1706935707675209,0.8223655516051863,0.12096400245108872,0.5277765911909085,0.0,0.5277765911909085,0.0,0.5277765911909085,0.5277765911909085,0.5277765911909085,1.0,0.0,0.7808430698120731,1.0,0.6689102483001435,0.09049334811529934,0.08430583501006036,0.10418521816562779,0.0,0.0,0.31746031746031744,0.2966101694915254,0.2,0.0,0.12582952704730066,0.12399326217948294,0.210398399703219,0.39008796064659457,0.0,0.010563006600755103,0.1344574037570116,0.19704415462127794,1.0,0.0,0.0,1.0,0.0,0.0,0.0,1.0,0.0,0.0,0.0,0.0,1.0,13.0
0.6817798358626381,0.6806545777134745,0.7261660630917579,0.0,0.0,0.9469542941895792,0.13581543258293416,0.8223655516051863,0.9993898279817608,0.9659064156908493,0.0,0.9659064156908493,0.0,0.9659064156908493,0.9659064156908493,0.9659064156908493,1.0,0.0,0.20847327057837725,0.01094343719465856,0.22121449821248476,0.6955376940133038,0.6883299798792757,0.7114870881567231,0.0,0.0,0.30158730158730157,0.2627118644067797,0.28,0.0,0.601379582289848,0.5982545621462396,0.7453017711943256,0.05091039791114306,0.0,0.04493888844021566,0.5998491894108667,0.7352630914271988,1.0,0.0,0.0,0.0,0.0,0.0,0.0,0.0,0.0,0.0,0.0,1.0,1.0,2.0
0.3902485793730633,0.39075364872570445,0.37032593045071777,0.0,0.0,0.9769593717599261,0.11028078922974283,0.8223655516051863,1.0,0.9999717163616748,0.0,0.9999717163616748,0.0,0.9999717163616748,0.9999717163616748,0.9999717163616748,1.0,0.0,0.20847327057837725,0.01094343719465856,0.22121449821248476,0.38179046563192903,0.383702213279678,0.377560106856634,0.0,0.0,0.2777777777777778,0.2542372881355932,0.2,0.0,0.33243235818071826,0.33167942460487815,0.3671078992664341,0.08496500429914454,0.0,0.023737640362742635,0.32298858607278524,0.3768853918543179,1.0,0.0,0.0,1.0,0.0,0.0,0.0,0.0,0.0,1.0,0.0,0.0,1.0,2.0
0.2218087473401171,0.22049342485497186,0.27369213316462326,0.0,0.0,0.8729912790844443,0.22325114213353514,0.8223655516051863,1.0,0.9973542881370738,0.0,0.9973542881370738,0.0,0.9973542881370738,0.9973542881370738,0.9973542881370738,1.0,0.0,0.20847327057837725,0.01094343719465856,0.22121449821248476,0.23919068736141907,0.24044265593561368,0.23642030276046302,0.0,0.0,0.1349206349206349,0.00847457627118644,0.64,0.0,0.18939147815697285,0.18759928956226732,0.2719301108312413,0.0660299260585093,0.0,0.014839802056466043,0.20292830533002457,0.23661714436504494,1.0,0.0,0.0,1.0,0.0,0.0,0.0,0.0,0.0,1.0,0.0,0.0,1.0,2.0
0.1524570710407862,0.15091806468347663,0.21316375059993894,0.0,0.0,0.7862910118925124,0.26379726516325697,0.8223655516051863,1.0,0.9959401728881977,0.0,0.9959401728881977,0.0,0.9959401728881977,0.9959401728881977,0.9959401728881977,1.0,0.0,0.20847327057837725,0.01094343719465856,0.22121449821248476,0.17918514412416853,0.18128772635814888,0.17453250222617986,0.0,0.0,0.10317460317460317,0.059322033898305086,0.24,0.0,0.13033013818986522,0.12855613768005864,0.2120313573966306,0.06736325053554612,0.0,0.01108518591550824,0.15322008522513617,0.17492583227630862,1.0,0.0,0.0,1.0,0.0,0.0,0.0,0.0,0.0,1.0,0.0,0.0,1.0,2.0
0.5008522413137462,0.5023831686021271,0.4404642436406475,0.0,0.0,0.9525004491979354,0.1352790311475356,0.8223655516051863,1.0,0.9840408612406204,0.0,0.9840408612406204,0.0,0.9840408612406204,0.9840408612406204,0.9840408612406204,1.0,0.0,0.20847327057837725,0.01094343719465856,0.22121449821248476,0.48240022172949,0.5052313883299799,0.43187889581478184,0.0,0.0,0.1746031746031746,0.07627118644067797,0.52,0.0,0.4336052724715424,0.4333860052352678,0.44370355596465716,0.04254241770659243,0.0,0.030532781759528393,0.432173072690454,0.4380863500669626,1.0,0.0,0.0,1.0,0.0,0.0,0.0,0.0,0.0,1.0,0.0,0.0,1.0,2.0
0.2356838292604649,0.2364264749070432,0.20638989484707013,0.0,0.0,0.9332658725454677,0.1803665696740966,0.8223655516051863,1.0,0.9721546997348456,0.0,0.9721546997348456,0.0,0.9721546997348456,0.9721546997348456,0.9721546997348456,1.0,0.0,0.20847327057837725,0.01094343719465856,0.22121449821248476,0.22574833702882482,0.24225352112676057,0.1892252894033838,0.0,0.0,0.031746031746031744,0.0,0.16,0.0,0.20645459741353908,0.20636952999271288,0.2103716656027539,0.016581698183108177,0.0,0.01436304527176066,0.20975638462199847,0.19429186383217648,0.0,1.0,0.0,1.0,0.0,0.0,0.0,1.0,0.0,0.0,0.0,0.0,1.0,2.0
1.0,1.0,0.9999999999999999,0.0,0.0,0.9584512911192284,0.12262982387586585,0.8223655516051863,0.30190774095077627,0.9981846970916504,0.0,0.9981846970916504,0.0,0.9981846970916504,0.9981846970916504,0.9981846970916504,1.0,0.0,0.20968624774467337,0.021734882206057973,0.22071565675369884,1.0,1.0,1.0,0.0,0.0,0.23015873015873015,0.23728813559322035,0.04,0.0,0.8536184003201966,0.8505874265510416,0.9932084327061217,0.027122362885213313,0.0,0.06259509892776759,0.8432758306144095,1.0,1.0,0.0,0.0,0.0,0.0,0.0,0.0,0.0,0.0,0.0,0.0,1.0,1.0,3.0
0.29143713236979724,0.29057677768394063,0.32537414372354817,0.0,0.0,0.9006351378505908,0.16726135958472443,0.8223655516051863,0.30190774095077627,0.8154989771306368,0.0,0.8154989771306368,0.0,0.8154989771306368,0.8154989771306368,0.8154989771306368,1.0,0.0,0.20968624774467337,0.021734882206057973,0.22071565675369884,0.3066796008869179,0.3078470824949698,0.3040961709706144,0.0,0.0,0.1349206349206349,0.11864406779661017,0.12,0.0,0.30438420046984443,0.30240683622946235,0.3954510226628043,0.051622877928559234,0.0,0.023379979757193046,0.3177542266022185,0.3722181903822056,1.0,0.0,0.0,1.0,0.0,0.0,0.0,0.0,0.0,1.0,0.0,0.0,1.0,3.0
0.40694819397659576,0.40576777683940635,0.45351018805358,0.0,0.0,0.9087808406964712,0.1644472745692518,0.8223655516051863,0.30190774095077627,0.983990560698213,0.0,0.983990560698213,0.0,0.983990560698213,0.983990560698213,0.983990560698213,1.0,0.0,0.20968624774467337,0.021734882206057973,0.22071565675369884,0.4261363636363636,0.4263581488933601,0.42564559216384684,0.0,0.0,0.15873015873015872,0.07627118644067797,0.44,0.0,0.3523053191758706,0.3500351971591297,0.45685506367822437,0.043769941069931886,0.0,0.02695083960156492,0.36472382729569847,0.43178548008548356,1.0,0.0,0.0,1.0,0.0,0.0,0.0,0.0,0.0,1.0,0.0,0.0,1.0,3.0
0.48090359154986556,0.48206926951374846,0.4349229896592347,0.0,0.0,0.9348395315481435,0.15477894452638197,0.8223655516051863,0.30190774095077627,0.55219472116641,0.0,0.55219472116641,0.0,0.55219472116641,0.55219472116641,0.55219472116641,1.0,0.0,0.20968624774467337,0.021734882206057973,0.22071565675369884,0.468680709534368,0.4933601609657947,0.4140694568121104,0.0,0.0,0.015873015873015872,0.01694915254237288,0.0,0.0,0.7419203397618671,0.7410776439973845,0.7807291506433872,0.004003430097861624,0.0,0.05300932132838608,0.752054498057824,0.7484948330583575,0.0,0.0,1.0,1.0,0.0,0.0,0.0,1.0,0.0,0.0,0.0,0.0,1.0,3.0
0.6799761048796209,0.6804399874564252,0.6616780836860247,0.0,0.0,0.9501958279546046,0.13227666145202976,0.8223655516051863,0.263466903801701,0.9892475340525757,0.0,0.9892475340525757,0.0,0.9892475340525757,0.9892475340525757,0.9892475340525757,1.0,0.0,0.3073325990147517,0.010878297687547498,0.3269905762341807,0.6753048780487805,0.6859154929577465,0.6518254674977738,0.0,0.0,0.07936507936507936,0.03389830508474576,0.24,0.0,0.5856359141739286,0.5839541682903041,0.6630882331008287,0.013874653672491532,0.0,0.042592072659389434,0.5836415019872138,0.657714221899675,1.0,0.0,0.0,0.0,0.0,0.0,0.0,0.0,0.0,0.0,0.0,1.0,1.0,4.0
0.5430495136021489,0.5430972453358421,0.5411667175705747,0.0,0.0,0.9508425369121154,0.13191052052871122,0.8223655516051863,0.4892860207337145,0.9677664857486047,0.0,0.9677664857486047,0.0,0.9677664857486047,0.9677664857486047,0.9677664857486047,1.0,0.0,0.3073325990147517,0.010878297687547498,0.3269905762341807,0.5428215077605322,0.547082494969819,0.5333926981300089,0.0,0.0,0.4841269841269841,0.3559322033898305,0.76,0.0,0.47805639965114505,0.47640001585110525,0.5543412514906998,0.1038804947615232,0.0,0.034962394539588444,0.4758418981729155,0.5501578230709139,1.0,0.0,0.0,1.0,0.0,0.0,0.0,0.0,0.0,1.0,0.0,0.0,1.0,4.0
0.06923085221434408,0.06782407138555067,0.12472184650290154,0.0,0.0,0.7768086908502652,0.24143070085639196,0.8223655516051863,0.5602323853999011,0.9917017938510104,0.0,0.9917017938510104,0.0,0.9917017938510104,0.9917017938510104,0.9917017938510104,1.0,0.0,0.3073325990147517,0.010878297687547498,0.3269905762341807,0.08938470066518847,0.08229376257545272,0.10507569011576136,0.0,0.0,0.18253968253968253,0.0847457627118644,0.52,0.0,0.05936851384888375,0.05795361542840914,0.12453119303390628,0.23267000124304443,0.0,0.00545838832282896,0.0698499920986218,0.1057625766742909,1.0,0.0,0.0,1.0,0.0,0.0,0.0,0.0,0.0,1.0,0.0,0.0,1.0,4.0
0.15292014013436286,0.15097171224773895,0.22977660456389898,0.0,0.0,0.7809651507392774,0.2450235915721345,0.8223655516051863,0.5602323853999011,0.9900739929645576,0.0,0.9900739929645576,0.0,0.9900739929645576,0.9900739929645576,0.9900739929645576,1.0,0.0,0.3073325990147517,0.010878297687547498,0.3269905762341807,0.18569844789356985,0.18249496981891347,0.19278717720391805,0.0,0.0,0.1746031746031746,0.1440677966101695,0.2,0.0,0.1315020963078801,0.12936479172308119,0.22993511654582094,0.10931898378335292,0.0,0.011564336129767684,0.15515428936002376,0.1943664742049702,1.0,0.0,0.0,1.0,0.0,0.0,0.0,0.0,0.0,1.0,0.0,0.0,1.0,4.0
0.7352938479504406,0.7379136738792222,0.6319538374274619,0.0,0.0,0.9496521799725102,0.13942862304725945,0.8223655516051863,0.5602323853999011,0.626478622194476,0.0,0.626478622194476,0.0,0.626478622194476,0.626478622194476,0.626478622194476,1.0,0.0,0.3073325990147517,0.010878297687547498,0.3269905762341807,0.7042682926829269,0.7442655935613682,0.6157613535173643,0.0,0.0,0.0,0.0,0.0,0.0,1.0,1.0,1.0,0.0,0.0,0.07026783011883507,1.0,0.9811035498111434,0.0,0.0,0.0,1.0,0.0,0.0,0.0,1.0,0.0,0.0,0.0,0.0,1.0,4.0
0.1543214837629151,0.15301916877247185,0.20569178410925434,0.0,0.0,0.8753025138362056,0.2051658709170453,0.8223655516051863,0.09655712172151713,0.719970930353199,0.0,0.719970930353199,0.0,0.719970930353199,0.719970930353199,0.719970930353199,1.0,0.0,0.31147834548563014,0.05089566822277712,0.3247638636355421,0.1712860310421286,0.1663983903420523,0.1821015138023152,0.0,0.0,0.03968253968253968,0.025423728813559324,0.08,0.0,0.18247375642319186,0.18028956336809568,0.28306610600477994,0.027263815110893257,0.0,0.01472288356990908,0.19454194072989794,0.2524689953635973,1.0,0.0,0.0,0.0,0.0,0.0,0.0,0.0,0.0,0.0,0.0,1.0,1.0,5.0
0.5268601650003911,0.5274799969249437,0.5024106636415201,0.0,0.0,0.9771952101741179,0.11774381485022267,0.8223655516051863,0.12151870428585172,0.9531881452121659,0.0,0.9531881452121659,0.0,0.9531881452121659,0.9531881452121659,0.9531881452121659,1.0,0.0,0.31147834548563014,0.05089566822277712,0.3247638636355421,0.5142738359201774,0.5179074446680081,0.506233303650935,0.0,0.0,0.8174603174603174,0.7457627118644068,0.6,0.0,0.4708890360108147,0.46976814456208016,0.5225118841850989,0.18294313891638783,0.0,0.033623169870514086,0.45735551851591527,0.5301305377535952,1.0,0.0,0.0,1.0,0.0,0.0,0.0,0.0,0.0,1.0,0.0,0.0,1.0,5.0
0.5600849004954327,0.5605822032778109,0.5404686068327588,0.0,0.0,0.9496016802071263,0.13324506225290234,0.8223655516051863,0.12029836024937314,0.9997306804291707,0.0,0.9997306804291707,0.0,0.9997306804291707,0.9997306804291707,0.9997306804291707,1.0,0.0,0.31147834548563014,0.05089566822277712,0.3247638636355421,0.5548780487804879,0.5653923541247485,0.5316117542297418,0.0,0.0,0.3333333333333333,0.2796610169491525,0.36,0.0,0.4772937777660463,0.47602069009548087,0.5359251879642268,0.07032276727455652,0.0,0.03459399763334163,0.47604440433297746,0.5307896849319685,1.0,0.0,0.0,1.0,0.0,0.0,0.0,0.0,0.0,1.0,0.0,0.0,1.0,5.0
0.12077392141579936,0.11932849841573766,0.17778917055717966,0.0,0.0,0.7925716497794155,0.27809944635751027,0.8223655516051863,0.12090853226761243,0.9665514893135598,0.0,0.9665514893135598,0.0,0.9665514893135598,0.9665514893135598,0.9665514893135598,1.0,0.0,0.31147834548563014,0.05089566822277712,0.3247638636355421,0.14246119733924612,0.14225352112676057,0.1429207479964381,0.0,0.0,0.14285714285714285,0.11016949152542373,0.2,0.0,0.10635614528267431,0.10470975965761613,0.18217991651687884,0.1164121995122982,0.0,0.009047097013071883,0.12388493191070793,0.14759819663689078,1.0,0.0,0.0,1.0,0.0,0.0,0.0,0.0,0.0,1.0,0.0,0.0,1.0,5.0
0.3531674519333202,0.3528947838528575,0.3639229460273136,0.0,0.0,0.9363597709918206,0.13888299374006596,0.8223655516051863,0.12151870428585172,0.9998395982703349,0.0,0.9998395982703349,0.0,0.9998395982703349,0.9998395982703349,0.9998395982703349,1.0,0.0,0.31147834548563014,0.05089566822277712,0.3247638636355421,0.3587860310421286,0.3605633802816901,0.3548530721282279,0.0,0.0,0.45238095238095233,0.4067796610169492,0.36,0.0,0.3008762313755044,0.2995752674323631,0.3607906541193338,0.14589627912190903,0.0,0.02229884787779106,0.303551134731094,0.35426572940252393,1.0,0.0,0.0,1.0,0.0,0.0,0.0,0.0,0.0,1.0,0.0,0.0,1.0,5.0
0.1923309069627576,0.1921279665858635,0.20033596579257387,0.0,0.0,0.9480018260825482,0.1223479108231652,0.8223655516051863,0.12035383043284943,0.785246567575487,0.0,0.785246567575487,0.0,0.785246567575487,0.785246567575487,0.785246567575487,1.0,0.0,0.31147834548563014,0.05089566822277712,0.3247638636355421,0.19595343680709534,0.19396378269617706,0.20035618878005343,0.0,0.0,0.2777777777777778,0.2796610169491525,0.08,0.0,0.20854289229615608,0.20758085990044625,0.2528490418483347,0.16348881510750435,0.0,0.015451200066490338,0.20791898265896708,0.2546869073568494,1.0,0.0,0.0,1.0,0.0,0.0,0.0,0.0,0.0,1.0,0.0,0.0,1.0,5.0
0.27325850151164954,0.2727245828072277,0.29431912387102405,0.0,0.0,0.9478314311485339,0.12741244307262334,0.8223655516051863,0.12151870428585172,0.6847432171476916,0.0,0.6847432171476916,0.0,0.6847432171476916,0.6847432171476916,0.6847432171476916,1.0,0.0,0.31147834548563014,0.05089566822277712,0.3247638636355421,0.2806263858093126,0.27545271629778667,0.2920747996438112,0.0,0.0,0.3492063492063492,0.3050847457627119,0.32,0.0,0.33987227147335186,0.33800134624317796,0.4260367597901366,0.14399911129775603,0.0,0.025497963766487487,0.3386087332935848,0.42577046542793184,1.0,0.0,0.0,1.0,0.0,0.0,0.0,0.0,0.0,0.0,1.0,0.0,1.0,5.0
0.15573334555958002,0.1535481780015121,0.241928094594005,0.0,0.0,0.8617607819197735,0.19351242634161292,0.8223655516051863,0.5527439106306007,0.9816928192542344,0.0,0.9816928192542344,0.0,0.9816928192542344,0.9816928192542344,0.9816928192542344,1.0,0.0,1.0,0.6287916621430898,0.9651750825076543,0.18445121951219512,0.16941649899396377,0.21772039180765804,0.0,0.0,0.24603174603174602,0.1271186440677966,0.64,0.0,0.1350543186958988,0.13268419479687468,0.24420943620062294,0.1540403893209873,0.0,0.011585141718353677,0.1452648693282969,0.22137793572351047,1.0,0.0,0.0,0.0,0.0,0.0,0.0,0.0,0.0,0.0,0.0,1.0,1.0,6.0
0.5835638789925214,0.586190342664138,0.4799620402286313,0.0,0.0,0.9687387779667191,0.12435326232967248,0.8223655516051863,0.5521892087958377,0.9995434450768161,0.0,0.9995434450768161,0.0,0.9995434450768161,0.9995434450768161,0.9995434450768161,1.0,0.0,1.0,0.6287916621430898,0.9651750825076543,0.5486419068736142,0.5802816901408451,0.4786286731967943,0.0,0.0,0.40476190476190477,0.3559322033898305,0.36,0.0,0.49739861740105223,0.4978630178302919,0.47601215649700446,0.08615816432831067,0.0,0.03420951112750605,0.4886723421572046,0.47797807383003044,1.0,0.0,0.0,1.0,0.0,0.0,0.0,0.0,0.0,1.0,0.0,0.0,1.0,6.0
0.24313905287941595,0.24284980285902805,0.254548627776081,0.0,0.0,0.9655224086012715,0.11117465299474805,0.8223655516051863,0.5539642546670792,0.9991678743602452,0.0,0.9991678743602452,0.0,0.9991678743602452,0.9991678743602452,0.9991678743602452,1.0,0.0,1.0,0.6287916621430898,0.9651750825076543,0.2466740576496674,0.24104627766599598,0.25912733748886907,0.0,0.0,0.7301587301587301,0.6949152542372882,0.4,0.0,0.20722753519119955,0.2062441659126384,0.2525159746938972,0.3327404359114328,0.0,0.015281890850452373,0.2030684886137487,0.25887234127883135,1.0,0.0,0.0,1.0,0.0,0.0,0.0,0.0,0.0,1.0,0.0,0.0,1.0,6.0
0.23994719340214193,0.23911051232317737,0.272950390505694,0.0,0.0,0.9445999463984993,0.17930843252811624,0.8223655516051863,0.5539642546670792,0.997109385496207,0.0,0.997109385496207,0.0,0.997109385496207,0.997109385496207,0.997109385496207,1.0,0.0,1.0,0.6287916621430898,0.9651750825076543,0.24487250554323725,0.24225352112676057,0.25066785396260016,0.0,0.0,0.6031746031746031,0.4491525423728814,0.92,0.0,0.2049297037911309,0.2034887704826001,0.2712918790585157,0.279193007935829,0.0,0.015200617424158087,0.2045068534484524,0.25093817610650543,1.0,0.0,0.0,1.0,0.0,0.0,0.0,0.0,0.0,1.0,0.0,0.0,1.0,6.0
0.07182371550243132,0.0705028546587932,0.12392556394258039,0.0,0.0,0.7871858413936477,0.20313166661751936,0.8223655516051863,0.5539642546670792,0.8420257798446594,0.0,0.8420257798446594,0.0,0.8420257798446594,0.8420257798446594,0.8420257798446594,1.0,0.0,1.0,0.6287916621430898,0.9651750825076543,0.09243348115299335,0.08450704225352113,0.109973285841496,0.0,0.0,0.15873015873015872,0.15254237288135594,0.08,0.0,0.07254446068847674,0.07095467271826641,0.14576175199152597,0.19674249147592754,0.0,0.0066909592071438435,0.08447873509010544,0.1303683203183831,1.0,0.0,0.0,1.0,0.0,0.0,0.0,0.0,0.0,1.0,0.0,0.0,1.0,6.0
0.0524031317171314,0.05038197618822442,0.1321283651119159,0.0,0.0,0.6242359301140039,0.35649081361439405,0.8223655516051863,0.55335408264884,0.9591888432530266,0.0,0.9591888432530266,0.0,0.9591888432530266,0.9591888432530266,0.9591888432530266,1.0,0.0,1.0,0.6287916621430898,0.9651750825076543,0.08148558758314856,0.07464788732394366,0.09661620658949244,0.0,0.0,0.21428571428571427,0.13559322033898305,0.44,0.0,0.04645396580122702,0.044502597269647115,0.13632363873550707,0.29659644391680196,0.0,0.005134042922646291,0.06550791777441016,0.10054411707610109,1.0,0.0,0.0,1.0,0.0,0.0,0.0,0.0,0.0,1.0,0.0,0.0,1.0,6.0
0.08837877271856888,0.08812414378210905,0.09842270605174745,0.0,0.0,0.9293003333878043,0.14622969795621943,0.8223655516051863,0.5539642546670792,0.7890962757548403,0.0,0.7890962757548403,0.0,0.7890962757548403,0.7890962757548403,0.7890962757548403,1.0,0.0,1.0,0.6287916621430898,0.9651750825076543,0.09187915742793792,0.09054325955734406,0.09483526268922529,0.0,0.0,0.23809523809523808,0.22033898305084745,0.16,0.0,0.09526136243086601,0.09464727300490723,0.12354288328922063,0.2925659704849459,0.0,0.007109088171505484,0.09658410784131839,0.1199636665083796,1.0,0.0,0.0,1.0,0.0,0.0,0.0,0.0,0.0,1.0,0.0,0.0,1.0,6.0
0.2696936516113025,0.27136154752759395,0.2039028753436014,0.0,0.0,0.9569445354935375,0.17850609418540342,0.8223655516051863,0.5539642546670792,0.9977633592148902,0.0,0.9977633592148902,0.0,0.9977633592148902,0.9977633592148902,0.9977633592148902,1.0,0.0,1.0,0.6287916621430898,0.9651750825076543,0.24542682926829268,0.27162977867203214,0.18744434550311664,0.0,0.0,0.2222222222222222,0.13559322033898305,0.48,0.0,0.23020081245060894,0.23080226131427678,0.20250093232752117,0.10537357146468729,0.0,0.01522534119188995,0.22915555612100835,0.18752349240115485,1.0,0.0,0.0,1.0,0.0,0.0,0.0,0.0,0.0,1.0,0.0,0.0,1.0,6.0
0.16014396405483472,0.1594859125367721,0.18610105152929884,0.0,0.0,0.9186082454622737,0.1428663976323541,0.8528171713300116,0.5539642546670792,0.9953802335168515,0.0,0.9953802335168515,0.0,0.9953802335168515,0.9953802335168515,0.9953802335168515,1.0,0.0,1.0,0.6287916621430898,0.9651750825076543,0.1703159645232816,0.16579476861167003,0.18032056990204806,0.0,0.0,0.1349206349206349,0.06779661016949153,0.36,0.0,0.1369648193048866,0.13591583888672404,0.18527528823169176,0.09232546781240032,0.0,0.01053310931492772,0.1402046338567598,0.18082861138736683,1.0,0.0,0.0,1.0,0.0,0.0,0.0,0.0,0.0,1.0,0.0,0.0,1.0,6.0
0.23357399261570658,0.23282489822172153,0.26312230027488115,0.0,0.0,0.9553208917348577,0.11496456975887359,0.8815770344034576,0.5539642546670792,0.9998953488715121,0.0,0.9998953488715121,0.0,0.9998953488715121,0.9998953488715121,0.9998953488715121,1.0,0.0,1.0,0.6287916621430898,0.9651750825076543,0.24362527716186252,0.23340040241448692,0.26625111308993765,0.0,0.0,0.4841269841269841,0.4322033898305085,0.4,0.0,0.19892597552520822,0.1975817570289745,0.2608338207326318,0.22704254777215113,0.0,0.015079535318585892,0.1964842032441979,0.26579561323006706,1.0,0.0,0.0,1.0,0.0,0.0,0.0,0.0,0.0,1.0,0.0,0.0,1.0,6.0
0.09237999174728348,0.09204732931916818,0.10550198525241067,0.0,0.0,0.887000651478423,0.21789164755348955,1.0,0.5539642546670792,0.5178828011695393,0.0,0.5178828011695393,0.0,0.5178828011695393,0.5178828011695393,0.5178828011695393,1.0,0.0,1.0,0.6287916621430898,0.9651750825076543,0.09659090909090909,0.09879275653923542,0.0917186108637578,0.0,0.0,0.16666666666666666,0.0847457627118644,0.44,0.0,0.15174419387629223,0.15065948578574148,0.20169999886666204,0.19768521261008296,0.0,0.011506495697200164,0.16057231484509069,0.1767801053654191,1.0,0.0,0.0,1.0,0.0,0.0,1.0,0.0,0.0,0.0,0.0,0.0,1.0,6.0
0.340154859798213,0.3384099415020323,0.4089838125572669,0.0,0.0,0.9228040402480224,0.16612312200057877,0.8223655516051863,0.1349979588705924,0.9996109624715454,0.0,0.9996109624715454,0.0,0.9996109624715454,0.9996109624715454,0.9996109624715454,1.0,0.0,0.20748329199975674,0.009054391488437738,0.22046985081748544,0.3605875831485587,0.35050301810865186,0.3829029385574354,0.0,0.0,0.611111111111111,0.4915254237288136,0.76,0.0,0.2898528517382683,0.28734074592659614,0.40554617066472753,0.19466205253618346,0.0,0.022416944579941697,0.29514899887643026,0.3823566147561931,1.0,0.0,0.0,0.0,0.0,0.0,0.0,0.0,0.0,0.0,0.0,1.0,1.0,7.0
0.4191311993138918,0.4181274566574692,0.45872420262664165,0.0,0.0,0.9621930150803133,0.10463423407667549,0.8223655516051863,0.13216897951330114,0.9994286105051834,0.0,0.9994286105051834,0.0,0.9994286105051834,0.9994286105051834,0.9994286105051834,1.0,0.0,0.20748329199975674,0.009054391488437738,0.22046985081748544,0.4337583148558758,0.41649899396378265,0.4719501335707925,0.0,0.0,0.5873015873015872,0.5254237288135594,0.48,0.0,0.3572439652028514,0.35512117289372935,0.4550085897547307,0.15644277271304552,0.0,0.02700941374822173,0.35078637741223856,0.47136273632662257,1.0,0.0,0.0,1.0,0.0,0.0,0.0,0.0,0.0,1.0,0.0,0.0,1.0,7.0
0.42858325669454433,0.42775691790871845,0.4611784981892753,0.0,0.0,0.9757995030941851,0.10038682359719353,0.8223655516051863,0.13433231666887682,0.9992788922240546,0.0,0.9992788922240546,0.0,0.9992788922240546,0.9992788922240546,0.9992788922240546,1.0,0.0,0.20748329199975674,0.009054391488437738,0.22046985081748544,0.4383314855875831,0.42052313883299797,0.4777382012466607,0.0,0.0,0.7301587301587301,0.7033898305084746,0.36,0.0,0.3653564854642879,0.36335535426119536,0.45751731655812566,0.19145087690213253,0.0,0.02730030637164574,0.3542287077622406,0.47721509077186486,1.0,0.0,0.0,1.0,0.0,0.0,0.0,0.0,0.0,1.0,0.0,0.0,1.0,7.0
0.05799124564777083,0.055910440645606956,0.14006937475457046,0.0,0.0,0.7039931771501067,0.27754298842525127,0.8223655516051863,0.1349979588705924,0.9980954961297667,0.0,0.9980954961297667,0.0,0.9980954961297667,0.9980954961297667,0.9980954961297667,1.0,0.0,0.20748329199975674,0.009054391488437738,0.22046985081748544,0.08619733924611973,0.07424547283702214,0.1126447016918967,0.0,0.0,0.23015873015873015,0.09322033898305085,0.72,0.0,0.04940258390192845,0.04745816450277064,0.13895228277048072,0.30100389735787303,0.0,0.005222009405590342,0.06261501037483325,0.11265475652592771,1.0,0.0,0.0,1.0,0.0,0.0,0.0,0.0,0.0,1.0,0.0,0.0,1.0,7.0
0.05041465855059644,0.04993730977928729,0.06924385880710328,0.0,0.0,0.912519816533734,0.14529626262874662,0.8223655516051863,0.1349979588705924,0.5506996050440744,0.0,0.5506996050440744,0.0,0.5506996050440744,0.5506996050440744,0.5506996050440744,1.0,0.0,0.20748329199975674,0.009054391488437738,0.22046985081748544,0.05667960088691796,0.05211267605633802,0.06678539626001781,0.0,0.0,0.15873015873015872,0.15254237288135594,0.08,0.0,0.07775419517453251,0.07673941113143869,0.12448989380064866,0.31451404213256545,0.0,0.006266941770332629,0.0796537270670386,0.12105274329381277,1.0,0.0,0.0,1.0,0.0,0.0,0.0,0.0,0.0,1.0,0.0,0.0,1.0,7.0
0.08740004369085215,0.08501617999476799,0.1814324359701558,0.0,0.0,0.7481556050691267,0.25592738926667624,0.8223655516051863,0.1349979588705924,0.9999228825017497,0.0,0.9999228825017497,0.0,0.9999228825017497,0.9999228825017497,0.9999228825017497,1.0,0.0,0.20748329199975674,0.009054391488437738,0.22046985081748544,0.12028824833702882,0.106841046277666,0.15004452359750667,0.0,0.0,0.31746031746031744,0.2033898305084746,0.64,0.0,0.07437013126189491,0.07208244721251708,0.1797286581336731,0.2979242783937045,0.0,0.007348796941748774,0.08993985715409766,0.14978370991572387,1.0,0.0,0.0,1.0,0.0,0.0,0.0,0.0,0.0,1.0,0.0,0.0,1.0,7.0
0.33068392365428134,0.329405170187219,0.3811248309263057,0.0,0.0,0.9313936790686799,0.1301072798162699,0.8223655516051863,0.1349979588705924,0.9762666774090049,0.0,0.9762666774090049,0.0,0.9762666774090049,0.9762666774090049,0.9762666774090049,1.0,0.0,0.20748329199975674,0.009054391488437738,0.22046985081748544,0.35019401330376937,0.33822937625754523,0.3766696349065004,0.0,0.0,0.20634920634920634,0.1440677966101695,0.36,0.0,0.2885153141175818,0.28637737849137107,0.38697782188593693,0.06897154946374899,0.0,0.022290512823204253,0.29162406251603357,0.3851261048628257,1.0,0.0,0.0,1.0,0.0,0.0,0.0,0.0,0.0,1.0,0.0,0.0,1.0,7.0
0.44341657069962004,0.4428899555720739,0.46418910074610586,0.0,0.0,0.9513692662732285,0.11145159900421209,0.8223655516051863,0.1349979588705924,0.9999991833245269,0.0,0.9999991833245269,0.0,0.9999991833245269,0.9999991833245269,0.9999991833245269,1.0,0.0,0.20748329199975674,0.009054391488437738,0.22046985081748544,0.45412971175166295,0.44587525150905427,0.4723953695458593,0.0,0.0,0.3412698412698413,0.288135593220339,0.36,0.0,0.37773838465512327,0.3759486996589811,0.46016197132538966,0.08773162547788416,0.0,0.02827059739760398,0.3753135946801608,0.47153824936226524,1.0,0.0,0.0,1.0,0.0,0.0,0.0,0.0,0.0,1.0,0.0,0.0,1.0,7.0
0.0323023730605442,0.03177041939674697,0.05328548365984554,0.0,0.0,0.7476925166553612,0.3031881465287485,0.8223655516051863,0.1349979588705924,0.2349302499978625,0.0,0.2349302499978625,0.0,0.2349302499978625,0.2349302499978625,0.2349302499978625,1.0,0.0,0.20748329199975674,0.009054391488437738,0.22046985081748544,0.04032705099778271,0.03983903420523138,0.04140694568121104,0.0,0.0,0.03968253968253968,0.0,0.2,0.0,0.11666296766950789,0.11433227494182424,0.22400208975545444,0.11372108277984867,0.0,0.01059545364726353,0.14273752578871948,0.17592715254392038,0.0,1.0,0.0,1.0,0.0,0.0,1.0,0.0,0.0,0.0,0.0,0.0,1.0,7.0
0.15620099949566732,0.1537799133564184,0.251701644923426,0.0,0.0,0.8631595804631154,0.24397706773419547,0.8223655516051863,0.14631387629975742,0.9299392778452128,0.0,0.9299392778452128,0.0,0.9299392778452128,0.9299392778452128,0.9299392778452128,1.0,0.0,0.9406992695106872,0.03851916187167517,1.0,0.18251108647450112,0.16941649899396377,0.21148708815672304,0.0,0.0,0.6507936507936507,0.4915254237288136,0.96,0.0,0.142997825312884,0.14027970871392498,0.26817989260194885,0.39670076747490757,0.0,0.012110209511229642,0.15334915140031416,0.22700733901545456,1.0,0.0,0.0,0.0,0.0,0.0,0.0,0.0,0.0,0.0,0.0,1.0,1.0,8.0
0.5141846936381265,0.5158080567580169,0.45015053012784156,0.0,0.0,0.9776189636911465,0.1219550671381816,0.8223655516051863,0.14631387629975742,0.9997099468722604,0.0,0.9997099468722604,0.0,0.9997099468722604,0.9997099468722604,0.9997099468722604,1.0,0.0,0.9406992695106872,0.03851916187167517,1.0,0.48891352549889133,0.5062374245472837,0.4505788067675868,0.0,0.0,0.6666666666666666,0.5338983050847458,0.84,0.0,0.4381707417584637,0.4379927877470956,0.4463665879418991,0.15753548607308965,0.0,0.030459422335985583,0.42624647505601826,0.44989134831129896,1.0,0.0,0.0,1.0,0.0,0.0,0.0,0.0,0.0,1.0,0.0,0.0,1.0,8.0
0.1023598454098984,0.10134384383138736,0.1424364064749771,0.0,0.0,0.9006945700737439,0.18328907433632968,0.8223655516051863,0.14631387629975742,0.9819522220514613,0.0,0.9819522220514613,0.0,0.9819522220514613,0.9819522220514613,0.9819522220514613,1.0,0.0,0.9406992695106872,0.03851916187167517,1.0,0.11432926829268293,0.10724346076458753,0.13000890471950133,0.0,0.0,0.23015873015873015,0.1016949152542373,0.68,0.0,0.08869030720889655,0.0874960234640389,0.14369273162676763,0.22962095005740096,0.0,0.007106607196520313,0.09193078496348675,0.13215803596913273,1.0,0.0,0.0,1.0,0.0,0.0,0.0,0.0,0.0,1.0,0.0,0.0,1.0,8.0
0.415997594306165,0.4167987115735495,0.3843972250098172,0.0,0.0,0.9837462976383748,0.12653581879259546,0.8223655516051863,0.15729697262806464,0.9968935998359849,0.0,0.9968935998359849,0.0,0.9968935998359849,0.9968935998359849,0.9968935998359849,1.0,0.0,0.9406992695106872,0.03851916187167517,1.0,0.3989745011086474,0.4066398390342052,0.38201246660730187,0.0,0.0,0.6190476190476191,0.5338983050847458,0.6,0.0,0.35546976635446054,0.3548888000933454,0.3822255308265143,0.17866398881178638,0.0,0.024891854959592678,0.34335366561706876,0.3825072221134265,1.0,0.0,0.0,1.0,0.0,0.0,0.0,0.0,0.0,1.0,0.0,0.0,1.0,8.0
0.0530436611855324,0.05199361538678511,0.09446310921069855,0.0,0.0,0.7417231238429212,0.289357653964883,0.8223655516051863,0.15729697262806464,0.995913405932894,0.0,0.995913405932894,0.0,0.995913405932894,0.995913405932894,0.995913405932894,1.0,0.0,0.9406992695106872,0.03851916187167517,1.0,0.06859756097560976,0.06579476861167002,0.07479964381121995,0.0,0.0,0.06349206349206349,0.0,0.32,0.0,0.04527086018943534,0.04421609404548827,0.09384774775378016,0.10737071151350626,0.0,0.004126355927803198,0.05560966705956941,0.07497022518146479,0.0,1.0,0.0,1.0,0.0,0.0,0.0,0.0,0.0,1.0,0.0,0.0,1.0,8.0
0.05804869102746321,0.05635483052070769,0.12486365024652037,0.0,0.0,0.776039424435198,0.23909752449627242,0.8223655516051863,0.15729697262806464,0.999979399777861,0.0,0.999979399777861,0.0,0.999979399777861,0.999979399777861,0.999979399777861,1.0,0.0,0.9406992695106872,0.03851916187167517,1.0,0.07996119733924612,0.06841046277665996,0.10552092609082814,0.0,0.0,0.24603174603174602,0.11016949152542373,0.72,0.0,0.04934732115415175,0.04773416224134629,0.12364095778979418,0.34444443841975286,0.0,0.00482095961685125,0.05758535203274349,0.10533155377727944,1.0,0.0,0.0,1.0,0.0,0.0,0.0,0.0,0.0,1.0,0.0,0.0,1.0,8.0
0.0826423256478787,0.08043539699474088,0.16969544919062787,0.0,0.0,0.7422871266561217,0.25149337332872923,0.8223655516051863,0.15729697262806464,0.9994666442486472,0.0,0.9994666442486472,0.0,0.9994666442486472,0.9994666442486472,0.9994666442486472,1.0,0.0,0.9406992695106872,0.03851916187167517,1.0,0.11405210643015522,0.10181086519114688,0.14113980409617097,0.0,0.0,0.20634920634920634,0.09322033898305085,0.6,0.0,0.07034832028761678,0.06822434735231503,0.16816741271925906,0.20707663728409556,0.0,0.006961205178627621,0.08574453069507344,0.14095878008893942,1.0,0.0,0.0,1.0,0.0,0.0,0.0,0.0,0.0,1.0,0.0,0.0,1.0,8.0
0.1714175523953105,0.1706697704824465,0.20091408874732755,0.0,0.0,0.9262960120988819,0.1284918372804169,0.8223655516051863,0.15729697262806464,0.9697196234766066,0.0,0.9697196234766066,0.0,0.9697196234766066,0.9697196234766066,0.9697196234766066,1.0,0.0,0.9406992695106872,0.03851916187167517,1.0,0.1832039911308204,0.176056338028169,0.19902048085485305,0.0,0.0,0.2777777777777778,0.2627118644067797,0.16,0.0,0.15049566113020163,0.1493049180255687,0.2053346664314147,0.17455645204471323,0.0,0.011650035290266769,0.1528220134764354,0.20486245772434417,1.0,0.0,0.0,1.0,0.0,0.0,0.0,0.0,0.0,1.0,0.0,0.0,1.0,8.0
0.31644636947897314,0.316362451793239,0.31975653388018677,0.0,0.0,0.9505116243892839,0.14099598805718794,0.8223655516051863,0.15729697262806464,0.9978025263039086,0.0,0.9978025263039086,0.0,0.9978025263039086,0.9978025263039086,0.9978025263039086,1.0,0.0,0.9406992695106872,0.03851916187167517,1.0,0.31624168514412415,0.31871227364185106,0.3107747105966162,0.0,0.0,0.23015873015873015,0.1271186440677966,0.56,0.0,0.2701247711245508,0.2690930415849344,0.31764039076908657,0.08497862763281089,0.0,0.01967258603865829,0.2688653089438876,0.3108937437362485,1.0,0.0,0.0,1.0,0.0,0.0,0.0,0.0,0.0,1.0,0.0,0.0,1.0,8.0
0.07823629199513467,0.07753317438168417,0.10597102840438065,0.0,0.0,0.9363934372675546,0.11953334715107733,0.8223655516051863,0.15729697262806464,0.8321324398281429,0.0,0.8321324398281429,0.0,0.8321324398281429,0.8321324398281429,0.8321324398281429,1.0,0.0,0.9406992695106872,0.03851916187167517,1.0,0.08758314855875832,0.07907444668008048,0.10641139804096171,0.0,0.0,0.26190476190476186,0.2288135593220339,0.24,0.0,0.07994641661445873,0.07894281796370538,0.1261668835122287,0.3353323259747901,0.0,0.006407576209956192,0.07998775857985463,0.12764560168919165,1.0,0.0,0.0,1.0,0.0,0.0,0.0,0.0,0.0,1.0,0.0,0.0,1.0,8.0
0.050748542964019774,0.04990329611740963,0.0840896199659671,0.0,0.0,0.9007090846140544,0.18038686942267934,0.8223655516051863,0.15729697262806464,0.9418758565613199,0.0,0.9418758565613199,0.0,0.9418758565613199,0.9418758565613199,0.9418758565613199,1.0,0.0,0.9406992695106872,0.03851916187167517,1.0,0.060282705099778275,0.052716297786720316,0.07702582368655388,0.0,0.0,0.21428571428571427,0.09322033898305085,0.64,0.0,0.04576560891508593,0.044840038681099974,0.08839245911160856,0.39439659408525,0.0,0.0038212533260404786,0.04711200943129151,0.08163068089458211,1.0,0.0,0.0,1.0,0.0,0.0,0.0,0.0,0.0,1.0,0.0,0.0,1.0,8.0
0.19715011583469755,0.19741888847777528,0.18654827872071209,0.0,0.0,0.9434972768414687,0.14608668163705774,0.8223655516051863,0.15729697262806464,0.44919792718431484,0.0,0.44919792718431484,0.0,0.44919792718431484,0.44919792718431484,0.44919792718431484,1.0,0.0,0.9406992695106872,0.03851916187167517,1.0,0.19387472283813748,0.20020120724346077,0.1798753339269813,0.0,0.0,0.19047619047619047,0.1440677966101695,0.28,0.0,0.3736964671165437,0.3728748511206951,0.4115353192338927,0.11415208167927308,0.0,0.026869089365333342,0.3751499374286655,0.399705526351381,1.0,0.0,0.0,1.0,0.0,0.0,1.0,0.0,0.0,0.0,0.0,0.0,1.0,8.0
0.15639437197096986,0.1542298339082472,0.2417753828701078,0.0,0.0,0.8850378501218803,0.22967973588073232,0.8223655516051863,0.09822122722580612,0.9969934842464052,0.0,0.9969934842464052,0.0,0.9969934842464052,0.9969934842464052,0.9969934842464052,1.0,0.0,0.003382145246413439,0.021734882206057973,0.0,0.17876940133037694,0.1659959758551308,0.2070347284060552,0.0,0.0,0.2777777777777778,0.1864406779661017,0.52,0.0,0.13354234014002678,0.131224654743113,0.24028265415853195,0.1787657910364971,0.0,0.011047130229267534,0.14014763581120643,0.20728209504646855,1.0,0.0,0.0,0.0,0.0,0.0,0.0,0.0,0.0,0.0,0.0,1.0,1.0,9.0
0.5370306941721258,0.5367884023921283,0.5465879837689254,0.0,0.0,0.9694717151135614,0.10172459821524493,0.8223655516051863,0.10315807355519672,0.999989249884078,0.0,0.999989249884078,0.0,0.999989249884078,0.999989249884078,0.999989249884078,1.0,0.0,0.003382145246413439,0.021734882206057973,0.0,0.5415742793791575,0.5309859154929578,0.5650044523597507,0.0,0.0,0.873015873015873,0.8728813559322034,0.28,0.0,0.457520124070829,0.45568848285108543,0.5418756018157064,0.18546155786683804,0.0,0.03375122330214207,0.44695956887487237,0.5639848744135166,1.0,0.0,0.0,1.0,0.0,0.0,0.0,0.0,0.0,1.0,0.0,0.0,1.0,9.0
0.5305868328717026,0.5312831667770037,0.5031196823596142,0.0,0.0,0.971425756385693,0.1125463180705224,0.8223655516051863,0.15213824556476882,0.9939016342392892,0.0,0.9939016342392892,0.0,0.9939016342392892,0.9939016342392892,0.9939016342392892,1.0,0.0,0.003382145246413439,0.021734882206057973,0.0,0.5203713968957872,0.5245472837022133,0.5111308993766697,0.0,0.0,0.746031746031746,0.7203389830508474,0.36,0.0,0.45479656682786035,0.453775480101359,0.5018209676335773,0.1654404084885433,0.0,0.03262219833978229,0.44424423035530963,0.5133335242590907,1.0,0.0,0.0,1.0,0.0,0.0,0.0,0.0,0.0,1.0,0.0,0.0,1.0,9.0
0.023359772591811472,0.02237988338015051,0.06201186788254287,0.0,0.0,0.6013626904758675,0.3618773091356354,0.8223655516051863,0.15036319969352724,0.7358405514806136,0.0,0.7358405514806136,0.0,0.7358405514806136,0.7358405514806136,0.7358405514806136,1.0,0.0,0.003382145246413439,0.021734882206057973,0.0,0.03755543237250555,0.034205231388329975,0.044968833481745324,0.0,0.0,0.10317460317460317,0.07627118644067797,0.16,0.0,0.026921981415879148,0.025699615776252842,0.08321774967599842,0.308080846419754,0.0,0.003011268406517432,0.039128035383459915,0.06100107281076421,1.0,0.0,0.0,1.0,0.0,0.0,0.0,0.0,0.0,1.0,0.0,0.0,1.0,9.0
0.07509594457195101,0.07348195367837014,0.13876041712116585,0.0,0.0,0.8210878359360454,0.1969554112216665,0.8223655516051863,0.15213824556476882,0.99374771591287,0.0,0.99374771591287,0.0,0.99374771591287,0.99374771591287,0.99374771591287,1.0,0.0,0.003382145246413439,0.021734882206057973,0.0,0.09700665188470067,0.0847082494969819,0.12422083704363313,0.0,0.0,0.4206349206349206,0.3559322033898305,0.44,0.0,0.06426937758310758,0.06266173768798419,0.13830864476224114,0.47579106496378154,0.0,0.005927425997587834,0.07175135300241144,0.12477544891018724,1.0,0.0,0.0,1.0,0.0,0.0,0.0,0.0,0.0,1.0,0.0,0.0,1.0,9.0
0.03318832645157463,0.0317126238249386,0.0913979667524761,0.0,0.0,0.6368504973980291,0.2970170386532165,0.8223655516051863,0.15152807354652953,0.9950011127619994,0.0,0.9950011127619994,0.0,0.9950011127619994,0.9950011127619994,0.9950011127619994,1.0,0.0,0.003382145246413439,0.021734882206057973,0.0,0.054046563192904656,0.046076458752515086,0.07168299198575245,0.0,0.0,0.2222222222222222,0.1694915254237288,0.32,0.0,0.028323320004374153,0.026965136305855883,0.09087404584295916,0.4518518854897127,0.0,0.003213806845802478,0.03897948886359911,0.07191234651809017,1.0,0.0,0.0,1.0,0.0,0.0,0.0,0.0,0.0,1.0,0.0,0.0,1.0,9.0
0.10503334798684959,0.10396068352527547,0.14734499760024436,0.0,0.0,0.9020822895833354,0.15248096904455477,0.8223655516051863,0.14986396804224056,0.951389675818671,0.0,0.951389675818671,0.0,0.951389675818671,0.951389675818671,0.951389675818671,1.0,0.0,0.003382145246413439,0.021734882206057973,0.0,0.11945676274944568,0.10985915492957747,0.14069456812110417,0.0,0.0,0.373015873015873,0.3050847457627119,0.44,0.0,0.09393445044800063,0.09264223202231482,0.15344688138752355,0.3496768152143221,0.0,0.007679061559502656,0.09719819090296765,0.1476147026485989,1.0,0.0,0.0,1.0,0.0,0.0,0.0,0.0,0.0,1.0,0.0,0.0,1.0,9.0
0.4005264477988711,0.4005122512785542,0.40108643483572587,0.0,0.0,0.9677936203699933,0.12314557245534263,0.8223655516051863,0.15213824556476882,0.9958240716362392,0.0,0.9958240716362392,0.0,0.9958240716362392,0.9958240716362392,0.9958240716362392,1.0,0.0,0.003382145246413439,0.021734882206057973,0.0,0.3980044345898004,0.39678068410462775,0.40071237756010686,0.0,0.0,0.3412698412698413,0.22033898305084745,0.68,0.0,0.3426140633358095,0.3413841262188289,0.3992579567845483,0.09991237688674698,0.0,0.024857751845345777,0.3353887247907243,0.4016622753742465,1.0,0.0,0.0,1.0,0.0,0.0,0.0,0.0,0.0,1.0,0.0,0.0,1.0,9.0
0.18086529463007062,0.17984156823444764,0.22124656398621234,0.0,0.0,0.9394332287721703,0.12233492431991644,0.8223655516051863,0.1475896905197123,0.9966731641256199,0.0,0.9966731641256199,0.0,0.9966731641256199,0.9966731641256199,0.9966731641256199,1.0,0.0,0.003382145246413439,0.021734882206057973,0.0,0.19498337028824833,0.18309859154929578,0.22128227960819233,0.0,0.0,0.5158730158730158,0.4745762711864407,0.36,0.0,0.15450224067650709,0.15307976518348754,0.2200138391550283,0.29888435063939517,0.0,0.01207029140016285,0.1546367747467421,0.2216178728694712,1.0,0.0,0.0,1.0,0.0,0.0,0.0,0.0,0.0,1.0,0.0,0.0,1.0,9.0
0.14431627861818241,0.14416317266164372,0.15035560015707494,0.0,0.0,0.9329938765328445,0.14119521906473298,0.8223655516051863,0.15213824556476882,0.32579397981174896,0.0,0.32579397981174896,0.0,0.32579397981174896,0.32579397981174896,0.32579397981174896,1.0,0.0,0.003382145246413439,0.021734882206057973,0.0,0.1471729490022173,0.1476861167002012,0.1460373998219056,0.0,0.0,0.07936507936507936,0.06779661016949153,0.08,0.0,0.37704503816341556,0.3753027395993633,0.45728577952947813,0.06310782265374677,0.0,0.028138036939585172,0.3815657691342587,0.4474290460154541,1.0,0.0,0.0,1.0,0.0,0.0,0.0,1.0,0.0,0.0,0.0,0.0,1.0,9.0
